,cue_end,cue_start,delay_end,delay_start,duration,finger,move_end,move_start,subject
0,9079,7079,680.0,1160.0,1520.0,5.0,9759.0,8239.0,bp
1,13079,11079,640.0,840.0,1800.0,5.0,13719.0,11919.0,bp
2,17079,15079,400.0,720.0,1680.0,5.0,17479.0,15799.0,bp
3,21079,19079,600.0,800.0,1800.0,1.0,21679.0,19879.0,bp
4,25079,23079,560.0,880.0,1680.0,5.0,25639.0,23959.0,bp
5,29079,27079,240.0,1160.0,1080.0,2.0,29319.0,28239.0,bp
6,33079,31079,840.0,1440.0,1400.0,3.0,33919.0,32519.0,bp
7,37079,35079,80.0,640.0,1440.0,4.0,37159.0,35719.0,bp
8,41079,39079,760.0,1000.0,1760.0,1.0,41839.0,40079.0,bp
9,45079,43079,760.0,1040.0,1720.0,1.0,45839.0,44119.0,bp
10,49079,47079,960.0,1120.0,1840.0,1.0,50039.0,48199.0,bp
11,53079,51079,480.0,1000.0,1480.0,5.0,53559.0,52079.0,bp
12,57079,55079,480.0,1000.0,1480.0,2.0,57559.0,56079.0,bp
13,61079,59079,4440.0,520.0,5920.0,4.0,65519.0,59599.0,bp
14,65079,63079,600.0,1320.0,1280.0,3.0,65679.0,64399.0,bp
15,69079,67079,640.0,1040.0,1600.0,2.0,69719.0,68119.0,bp
16,73079,71079,1520.0,1280.0,2240.0,3.0,74599.0,72359.0,bp
17,77079,75079,280.0,920.0,1360.0,5.0,77359.0,75999.0,bp
18,81079,79079,600.0,1040.0,1560.0,2.0,81679.0,80119.0,bp
19,85079,83079,320.0,1040.0,1280.0,2.0,85399.0,84119.0,bp
20,89079,87079,2120.0,10040.0,-5920.0,2.0,91199.0,97119.0,bp
21,93079,91079,520.0,840.0,1680.0,1.0,93599.0,91919.0,bp
22,97079,95079,840.0,1680.0,1160.0,4.0,97919.0,96759.0,bp
23,101079,99079,520.0,1240.0,1280.0,3.0,101599.0,100319.0,bp
24,105079,103079,600.0,880.0,1720.0,1.0,105679.0,103959.0,bp
25,109079,107079,560.0,1080.0,1480.0,4.0,109639.0,108159.0,bp
26,113079,111079,1000.0,1120.0,1880.0,1.0,114079.0,112199.0,bp
27,117079,115079,480.0,1280.0,1200.0,3.0,117559.0,116359.0,bp
28,121079,119079,1320.0,840.0,2480.0,3.0,122399.0,119919.0,bp
29,125079,123079,840.0,920.0,1920.0,1.0,125919.0,123999.0,bp
30,129079,127079,480.0,1000.0,1480.0,4.0,129559.0,128079.0,bp
31,133079,131079,1680.0,1080.0,2600.0,2.0,134759.0,132159.0,bp
32,137079,135079,1720.0,1040.0,2680.0,3.0,138799.0,136119.0,bp
33,141079,139079,1480.0,880.0,2600.0,5.0,142559.0,139959.0,bp
34,145079,143079,640.0,1120.0,1520.0,2.0,145719.0,144199.0,bp
35,149079,147079,480.0,880.0,1600.0,5.0,149559.0,147959.0,bp
36,153079,151079,1120.0,1880.0,1240.0,4.0,154199.0,152959.0,bp
37,157079,155079,360.0,1040.0,1320.0,4.0,157439.0,156119.0,bp
38,161079,159079,920.0,1000.0,1920.0,3.0,161999.0,160079.0,bp
39,165079,163079,480.0,1000.0,1480.0,2.0,165559.0,164079.0,bp
40,169079,167079,560.0,1240.0,1320.0,3.0,169639.0,168319.0,bp
41,173079,171079,480.0,840.0,1640.0,4.0,173559.0,171919.0,bp
42,177079,175079,720.0,1040.0,1680.0,1.0,177799.0,176119.0,bp
43,181079,179079,520.0,920.0,1600.0,5.0,181599.0,179999.0,bp
44,185079,183079,600.0,1080.0,1520.0,2.0,185679.0,184159.0,bp
45,189079,187079,840.0,1200.0,1640.0,3.0,189919.0,188279.0,bp
46,193079,191079,600.0,1120.0,1480.0,3.0,193679.0,192199.0,bp
47,197079,195079,640.0,1240.0,1400.0,5.0,197719.0,196319.0,bp
48,201079,199079,4120.0,880.0,5240.0,2.0,205199.0,199959.0,bp
49,205079,203079,800.0,840.0,1960.0,3.0,205879.0,203919.0,bp
50,209079,207079,640.0,1000.0,1640.0,1.0,209719.0,208079.0,bp
51,213079,211079,800.0,840.0,1960.0,1.0,213879.0,211919.0,bp
52,217079,215079,480.0,1080.0,1400.0,3.0,217559.0,216159.0,bp
53,221079,219079,760.0,1160.0,1600.0,5.0,221839.0,220239.0,bp
54,225079,223079,760.0,1480.0,1280.0,3.0,225839.0,224559.0,bp
55,229079,227079,600.0,1000.0,1600.0,2.0,229679.0,228079.0,bp
56,233079,231079,1440.0,800.0,2640.0,4.0,234519.0,231879.0,bp
57,237079,235079,720.0,880.0,1840.0,2.0,237799.0,235959.0,bp
58,241079,239079,280.0,920.0,1360.0,2.0,241359.0,239999.0,bp
59,245079,243079,640.0,880.0,1760.0,1.0,245719.0,243959.0,bp
60,249079,247079,440.0,1040.0,1400.0,5.0,249519.0,248119.0,bp
61,253079,251079,400.0,1160.0,1240.0,3.0,253479.0,252239.0,bp
62,257079,255079,880.0,920.0,1960.0,4.0,257959.0,255999.0,bp
63,261079,259079,1480.0,1200.0,2280.0,3.0,262559.0,260279.0,bp
64,265079,263079,520.0,1000.0,1520.0,2.0,265599.0,264079.0,bp
65,269079,267079,4240.0,680.0,5560.0,4.0,273319.0,267759.0,bp
66,273079,271079,800.0,920.0,1880.0,3.0,273879.0,271999.0,bp
67,277079,275079,760.0,1200.0,1560.0,1.0,277839.0,276279.0,bp
68,281079,279079,1400.0,1400.0,2000.0,1.0,282479.0,280479.0,bp
69,285079,283079,1040.0,1240.0,1800.0,2.0,286119.0,284319.0,bp
70,289079,287079,1000.0,1440.0,1560.0,1.0,290079.0,288519.0,bp
71,293079,291079,600.0,1160.0,1440.0,4.0,293679.0,292239.0,bp
72,297079,295079,200.0,720.0,1480.0,4.0,297279.0,295799.0,bp
73,301079,299079,1080.0,1560.0,1520.0,5.0,302159.0,300639.0,bp
74,305079,303079,1360.0,1120.0,2240.0,3.0,306439.0,304199.0,bp
75,309079,307079,1080.0,840.0,2240.0,4.0,310159.0,307919.0,bp
76,313079,311079,160.0,640.0,1520.0,3.0,313239.0,311719.0,bp
77,317079,315079,160.0,720.0,1440.0,1.0,317239.0,315799.0,bp
78,321079,319079,240.0,880.0,1360.0,2.0,321319.0,319959.0,bp
79,325079,323079,240.0,1040.0,1200.0,4.0,325319.0,324119.0,bp
80,329079,327079,680.0,1080.0,1600.0,3.0,329759.0,328159.0,bp
81,333079,331079,280.0,960.0,1320.0,4.0,333359.0,332039.0,bp
82,337079,335079,600.0,1080.0,1520.0,2.0,337679.0,336159.0,bp
83,341079,339079,1480.0,960.0,2520.0,1.0,342559.0,340039.0,bp
84,345079,343079,320.0,1120.0,1200.0,1.0,345399.0,344199.0,bp
85,349079,347079,1160.0,800.0,2360.0,2.0,350239.0,347879.0,bp
86,353079,351079,1000.0,1040.0,1960.0,3.0,354079.0,352119.0,bp
87,357079,355079,800.0,1000.0,1800.0,3.0,357879.0,356079.0,bp
88,361079,359079,1160.0,880.0,2280.0,4.0,362239.0,359959.0,bp
89,365079,363079,480.0,1040.0,1440.0,5.0,365559.0,364119.0,bp
90,369079,367079,400.0,880.0,1520.0,1.0,369479.0,367959.0,bp
91,373079,371079,520.0,1080.0,1440.0,3.0,373599.0,372159.0,bp
92,377079,375079,720.0,1440.0,1280.0,3.0,377799.0,376519.0,bp
93,381079,379079,440.0,1000.0,1440.0,2.0,381519.0,380079.0,bp
94,385079,383079,720.0,1160.0,1560.0,5.0,385799.0,384239.0,bp
95,389079,387079,400.0,960.0,1440.0,5.0,389479.0,388039.0,bp
96,393079,391079,600.0,1320.0,1280.0,3.0,393679.0,392399.0,bp
97,397079,395079,280.0,1040.0,1240.0,3.0,397359.0,396119.0,bp
98,401079,399079,640.0,960.0,1680.0,1.0,401719.0,400039.0,bp
99,405079,403079,680.0,2200.0,480.0,2.0,405759.0,405279.0,bp
100,409079,407079,600.0,1000.0,1600.0,2.0,409679.0,408079.0,bp
101,413079,411079,440.0,960.0,1480.0,3.0,413519.0,412039.0,bp
102,417079,415079,1480.0,880.0,2600.0,5.0,418559.0,415959.0,bp
103,421079,419079,360.0,920.0,1440.0,4.0,421439.0,419999.0,bp
104,425079,423079,440.0,800.0,1640.0,5.0,425519.0,423879.0,bp
105,429079,427079,240.0,920.0,1320.0,2.0,429319.0,427999.0,bp
106,433079,431079,1120.0,1640.0,1480.0,4.0,434199.0,432719.0,bp
107,437079,435079,840.0,880.0,1960.0,2.0,437919.0,435959.0,bp
108,441079,439079,680.0,920.0,1760.0,1.0,441759.0,439999.0,bp
109,445079,443079,8280.0,800.0,9480.0,5.0,453359.0,443879.0,bp
110,449079,447079,360.0,1160.0,1200.0,4.0,449439.0,448239.0,bp
111,453079,451079,280.0,920.0,1360.0,5.0,453359.0,451999.0,bp
112,457079,455079,12400.0,680.0,13720.0,5.0,469479.0,455759.0,bp
113,461079,459079,4040.0,800.0,5240.0,4.0,465119.0,459879.0,bp
114,465079,463079,40.0,720.0,1320.0,4.0,465119.0,463799.0,bp
115,469079,467079,400.0,1360.0,1040.0,5.0,469479.0,468439.0,bp
116,473079,471079,80.0,880.0,1200.0,5.0,473159.0,471959.0,bp
117,477079,475079,760.0,920.0,1840.0,4.0,477839.0,475999.0,bp
118,481079,479079,80.0,880.0,1200.0,4.0,481159.0,479959.0,bp
119,485079,483079,1200.0,1080.0,2120.0,5.0,486279.0,484159.0,bp
120,489079,487079,1200.0,1040.0,2160.0,5.0,490279.0,488119.0,bp
121,493079,491079,840.0,1040.0,1800.0,4.0,493919.0,492119.0,bp
122,497079,495079,1280.0,1880.0,1400.0,1.0,498359.0,496959.0,bp
123,501079,499079,400.0,800.0,1600.0,1.0,501479.0,499879.0,bp
124,505079,503079,960.0,1000.0,1960.0,2.0,506039.0,504079.0,bp
125,509079,507079,1120.0,2160.0,960.0,3.0,510199.0,509239.0,bp
126,513079,511079,80.0,800.0,1280.0,5.0,513159.0,511879.0,bp
127,517079,515079,200.0,800.0,1400.0,1.0,517279.0,515879.0,bp
128,521079,519079,360.0,920.0,1440.0,2.0,521439.0,519999.0,bp
129,525079,523079,160.0,1000.0,1160.0,3.0,525239.0,524079.0,bp
130,529079,527079,320.0,920.0,1400.0,5.0,529399.0,527999.0,bp
131,533079,531079,600.0,1120.0,1480.0,5.0,533679.0,532199.0,bp
132,537079,535079,400.0,960.0,1440.0,1.0,537479.0,536039.0,bp
133,541079,539079,160.0,600.0,1560.0,1.0,541239.0,539679.0,bp
134,545079,543079,680.0,1040.0,1640.0,1.0,545759.0,544119.0,bp
135,549079,547079,1160.0,1120.0,2040.0,4.0,550239.0,548199.0,bp
136,553079,551079,8240.0,1080.0,9160.0,1.0,561319.0,552159.0,bp
137,557079,555079,8360.0,9760.0,600.0,5.0,565439.0,564839.0,bp
138,561079,559079,240.0,840.0,1400.0,1.0,561319.0,559919.0,bp
139,565079,563079,880.0,960.0,1920.0,4.0,565959.0,564039.0,bp
140,569079,567079,760.0,1080.0,1680.0,2.0,569839.0,568159.0,bp
141,573079,571079,40.0,800.0,1240.0,5.0,573119.0,571879.0,bp
142,577079,575079,680.0,760.0,1920.0,3.0,577759.0,575839.0,bp
143,581079,579079,240.0,880.0,1360.0,1.0,581319.0,579959.0,bp
144,585079,583079,120.0,920.0,1200.0,4.0,585199.0,583999.0,bp
145,589079,587079,400.0,1000.0,1400.0,2.0,589479.0,588079.0,bp
146,593079,591079,520.0,960.0,1560.0,2.0,593599.0,592039.0,bp
147,597079,595079,240.0,560.0,1680.0,2.0,597319.0,595639.0,bp
148,601079,599079,1160.0,1040.0,2120.0,4.0,602239.0,600119.0,bp
149,605079,603079,1600.0,1040.0,2560.0,4.0,606679.0,604119.0,bp
150,9079,7079,2880.0,1880.0,3000.0,1.0,11959.0,8959.0,cc
151,13079,11079,440.0,1120.0,1320.0,5.0,13519.0,12199.0,cc
152,17079,15079,3800.0,200.0,5600.0,2.0,20879.0,15279.0,cc
153,21079,19079,6320.0,9400.0,-1080.0,3.0,27399.0,28479.0,cc
154,25079,23079,2320.0,5400.0,-1080.0,3.0,27399.0,28479.0,cc
155,29079,27079,3160.0,920.0,4240.0,5.0,32239.0,27999.0,cc
156,33079,31079,5640.0,12760.0,-5120.0,3.0,38719.0,43839.0,cc
157,37079,35079,1640.0,8760.0,-5120.0,3.0,38719.0,43839.0,cc
158,41079,39079,2240.0,1080.0,3160.0,1.0,43319.0,40159.0,cc
159,45079,43079,1440.0,760.0,2680.0,3.0,46519.0,43839.0,cc
160,49079,47079,1000.0,720.0,2280.0,5.0,50079.0,47799.0,cc
161,53079,51079,960.0,680.0,2280.0,3.0,54039.0,51759.0,cc
162,57079,55079,800.0,920.0,1880.0,4.0,57879.0,55999.0,cc
163,61079,59079,920.0,4720.0,-1800.0,3.0,61999.0,63799.0,cc
164,65079,63079,1240.0,1560.0,1680.0,2.0,66319.0,64639.0,cc
165,69079,67079,720.0,800.0,1920.0,1.0,69799.0,67879.0,cc
166,73079,71079,280.0,1560.0,720.0,4.0,73359.0,72639.0,cc
167,77079,75079,720.0,800.0,1920.0,2.0,77799.0,75879.0,cc
168,81079,79079,760.0,800.0,1960.0,1.0,81839.0,79879.0,cc
169,85079,83079,1040.0,840.0,2200.0,5.0,86119.0,83919.0,cc
170,89079,87079,880.0,1720.0,1160.0,1.0,89959.0,88799.0,cc
171,93079,91079,800.0,760.0,2040.0,5.0,93879.0,91839.0,cc
172,97079,95079,9800.0,480.0,11320.0,4.0,106879.0,95559.0,cc
173,101079,99079,5800.0,10360.0,-2560.0,4.0,106879.0,109439.0,cc
174,105079,103079,2000.0,5160.0,-1160.0,3.0,107079.0,108239.0,cc
175,109079,107079,5520.0,1480.0,6040.0,2.0,114599.0,108559.0,cc
176,113079,111079,6160.0,12880.0,-4720.0,3.0,119239.0,123959.0,cc
177,117079,115079,2160.0,8800.0,-4640.0,4.0,119239.0,123879.0,cc
178,121079,119079,1880.0,720.0,3160.0,1.0,122959.0,119799.0,cc
179,125079,123079,1040.0,720.0,2320.0,5.0,126119.0,123799.0,cc
180,129079,127079,720.0,4480.0,-1760.0,4.0,129799.0,131559.0,cc
181,133079,131079,640.0,480.0,2160.0,4.0,133719.0,131559.0,cc
182,137079,135079,1160.0,720.0,2440.0,5.0,138239.0,135799.0,cc
183,141079,139079,880.0,520.0,2360.0,5.0,141959.0,139599.0,cc
184,145079,143079,920.0,400.0,2520.0,5.0,145999.0,143479.0,cc
185,149079,147079,920.0,560.0,2360.0,5.0,149999.0,147639.0,cc
186,153079,151079,1520.0,840.0,2680.0,3.0,154599.0,151919.0,cc
187,157079,155079,1080.0,760.0,2320.0,1.0,158159.0,155839.0,cc
188,161079,159079,920.0,800.0,2120.0,2.0,161999.0,159879.0,cc
189,165079,163079,1120.0,840.0,2280.0,1.0,166199.0,163919.0,cc
190,169079,167079,5000.0,720.0,6280.0,3.0,174079.0,167799.0,cc
191,173079,171079,1040.0,880.0,2160.0,2.0,174119.0,171959.0,cc
192,177079,175079,1200.0,680.0,2520.0,4.0,178279.0,175759.0,cc
193,181079,179079,1240.0,640.0,2600.0,1.0,182319.0,179719.0,cc
194,185079,183079,920.0,720.0,2200.0,2.0,185999.0,183799.0,cc
195,189079,187079,720.0,800.0,1920.0,1.0,189799.0,187879.0,cc
196,193079,191079,840.0,680.0,2160.0,2.0,193919.0,191759.0,cc
197,197079,195079,960.0,640.0,2320.0,4.0,198039.0,195719.0,cc
198,201079,199079,960.0,520.0,2440.0,5.0,202039.0,199599.0,cc
199,205079,203079,920.0,880.0,2040.0,2.0,205999.0,203959.0,cc
200,209079,207079,1000.0,640.0,2360.0,4.0,210079.0,207719.0,cc
201,213079,211079,840.0,760.0,2080.0,2.0,213919.0,211839.0,cc
202,217079,215079,1120.0,640.0,2480.0,1.0,218199.0,215719.0,cc
203,221079,219079,1040.0,520.0,2520.0,1.0,222119.0,219599.0,cc
204,225079,223079,1640.0,680.0,2960.0,5.0,226719.0,223759.0,cc
205,229079,227079,1440.0,800.0,2640.0,5.0,230519.0,227879.0,cc
206,233079,231079,960.0,880.0,2080.0,2.0,234039.0,231959.0,cc
207,237079,235079,1000.0,600.0,2400.0,1.0,238079.0,235679.0,cc
208,241079,239079,1120.0,640.0,2480.0,2.0,242199.0,239719.0,cc
209,245079,243079,960.0,640.0,2320.0,1.0,246039.0,243719.0,cc
210,249079,247079,1080.0,600.0,2480.0,2.0,250159.0,247679.0,cc
211,253079,251079,520.0,640.0,1880.0,2.0,253599.0,251719.0,cc
212,257079,255079,1080.0,800.0,2280.0,5.0,258159.0,255879.0,cc
213,261079,259079,1000.0,640.0,2360.0,1.0,262079.0,259719.0,cc
214,265079,263079,1040.0,720.0,2320.0,3.0,266119.0,263799.0,cc
215,269079,267079,680.0,520.0,2160.0,4.0,269759.0,267599.0,cc
216,273079,271079,800.0,800.0,2000.0,2.0,273879.0,271879.0,cc
217,277079,275079,1080.0,400.0,2680.0,4.0,278159.0,275479.0,cc
218,281079,279079,760.0,640.0,2120.0,1.0,281839.0,279719.0,cc
219,285079,283079,1840.0,760.0,3080.0,3.0,286919.0,283839.0,cc
220,289079,287079,1200.0,720.0,2480.0,2.0,290279.0,287799.0,cc
221,293079,291079,1040.0,720.0,2320.0,4.0,294119.0,291799.0,cc
222,297079,295079,1560.0,640.0,2920.0,3.0,298639.0,295719.0,cc
223,301079,299079,1320.0,640.0,2680.0,2.0,302399.0,299719.0,cc
224,305079,303079,760.0,680.0,2080.0,2.0,305839.0,303759.0,cc
225,309079,307079,1360.0,680.0,2680.0,4.0,310439.0,307759.0,cc
226,313079,311079,1000.0,720.0,2280.0,5.0,314079.0,311799.0,cc
227,317079,315079,640.0,640.0,2000.0,2.0,317719.0,315719.0,cc
228,321079,319079,480.0,400.0,2080.0,2.0,321559.0,319479.0,cc
229,325079,323079,1240.0,480.0,2760.0,4.0,326319.0,323559.0,cc
230,329079,327079,880.0,520.0,2360.0,4.0,329959.0,327599.0,cc
231,333079,331079,1040.0,600.0,2440.0,3.0,334119.0,331679.0,cc
232,337079,335079,800.0,480.0,2320.0,4.0,337879.0,335559.0,cc
233,341079,339079,920.0,880.0,2040.0,2.0,341999.0,339959.0,cc
234,345079,343079,1400.0,760.0,2640.0,1.0,346479.0,343839.0,cc
235,349079,347079,2840.0,1240.0,3600.0,4.0,351919.0,348319.0,cc
236,353079,351079,1160.0,680.0,2480.0,2.0,354239.0,351759.0,cc
237,357079,355079,1160.0,680.0,2480.0,1.0,358239.0,355759.0,cc
238,361079,359079,1720.0,720.0,3000.0,5.0,362799.0,359799.0,cc
239,365079,363079,2360.0,760.0,3600.0,4.0,367439.0,363839.0,cc
240,369079,367079,2840.0,8640.0,-3800.0,3.0,371919.0,375719.0,cc
241,373079,371079,2600.0,680.0,3920.0,1.0,375679.0,371759.0,cc
242,377079,375079,5520.0,640.0,6880.0,3.0,382599.0,375719.0,cc
243,381079,379079,9320.0,360.0,10960.0,4.0,390399.0,379439.0,cc
244,385079,383079,1400.0,520.0,2880.0,5.0,386479.0,383599.0,cc
245,389079,387079,1400.0,520.0,2880.0,5.0,390479.0,387599.0,cc
246,393079,391079,2320.0,560.0,3760.0,4.0,395399.0,391639.0,cc
247,397079,395079,1280.0,680.0,2600.0,1.0,398359.0,395759.0,cc
248,401079,399079,8880.0,600.0,10280.0,5.0,409959.0,399679.0,cc
249,405079,403079,4880.0,16840.0,-9960.0,5.0,409959.0,419919.0,cc
250,409079,407079,880.0,12840.0,-9960.0,5.0,409959.0,419919.0,cc
251,413079,411079,1320.0,640.0,2680.0,1.0,414399.0,411719.0,cc
252,417079,415079,480.0,640.0,1840.0,2.0,417559.0,415719.0,cc
253,421079,419079,600.0,640.0,1960.0,4.0,421679.0,419719.0,cc
254,425079,423079,480.0,440.0,2040.0,3.0,425559.0,423519.0,cc
255,429079,427079,520.0,480.0,2040.0,3.0,429599.0,427559.0,cc
256,433079,431079,440.0,480.0,1960.0,3.0,433519.0,431559.0,cc
257,437079,435079,880.0,960.0,1920.0,4.0,437959.0,436039.0,cc
258,441079,439079,360.0,440.0,1920.0,4.0,441439.0,439519.0,cc
259,445079,443079,880.0,920.0,1960.0,1.0,445959.0,443999.0,cc
260,449079,447079,560.0,720.0,1840.0,3.0,449639.0,447799.0,cc
261,453079,451079,680.0,840.0,1840.0,4.0,453759.0,451919.0,cc
262,457079,455079,640.0,640.0,2000.0,4.0,457719.0,455719.0,cc
263,461079,459079,1160.0,1480.0,1680.0,2.0,462239.0,460559.0,cc
264,465079,463079,680.0,760.0,1920.0,3.0,465759.0,463839.0,cc
265,469079,467079,640.0,560.0,2080.0,3.0,469719.0,467639.0,cc
266,473079,471079,640.0,640.0,2000.0,1.0,473719.0,471719.0,cc
267,477079,475079,440.0,480.0,1960.0,1.0,477519.0,475559.0,cc
268,481079,479079,600.0,640.0,1960.0,5.0,481679.0,479719.0,cc
269,485079,483079,600.0,760.0,1840.0,2.0,485679.0,483839.0,cc
270,489079,487079,4640.0,640.0,6000.0,3.0,493719.0,487719.0,cc
271,493079,491079,640.0,840.0,1800.0,2.0,493719.0,491919.0,cc
272,497079,495079,480.0,600.0,1880.0,5.0,497559.0,495679.0,cc
273,501079,499079,360.0,480.0,1880.0,3.0,501439.0,499559.0,cc
274,505079,503079,520.0,640.0,1880.0,1.0,505599.0,503719.0,cc
275,509079,507079,1000.0,520.0,2480.0,3.0,510079.0,507599.0,cc
276,513079,511079,600.0,640.0,1960.0,5.0,513679.0,511719.0,cc
277,517079,515079,960.0,640.0,2320.0,4.0,518039.0,515719.0,cc
278,521079,519079,840.0,440.0,2400.0,4.0,521919.0,519519.0,cc
279,525079,523079,1040.0,720.0,2320.0,2.0,526119.0,523799.0,cc
280,529079,527079,720.0,760.0,1960.0,5.0,529799.0,527839.0,cc
281,533079,531079,1160.0,360.0,2800.0,4.0,534239.0,531439.0,cc
282,537079,535079,1200.0,680.0,2520.0,1.0,538279.0,535759.0,cc
283,541079,539079,840.0,760.0,2080.0,5.0,541919.0,539839.0,cc
284,545079,543079,1120.0,760.0,2360.0,2.0,546199.0,543839.0,cc
285,549079,547079,1200.0,840.0,2360.0,3.0,550279.0,547919.0,cc
286,553079,551079,1400.0,720.0,2680.0,1.0,554479.0,551799.0,cc
287,557079,555079,1120.0,640.0,2480.0,3.0,558199.0,555719.0,cc
288,561079,559079,1280.0,800.0,2480.0,2.0,562359.0,559879.0,cc
289,565079,563079,1440.0,760.0,2680.0,5.0,566519.0,563839.0,cc
290,569079,567079,1160.0,600.0,2560.0,5.0,570239.0,567679.0,cc
291,573079,571079,1640.0,520.0,3120.0,3.0,574719.0,571599.0,cc
292,577079,575079,1040.0,600.0,2440.0,1.0,578119.0,575679.0,cc
293,581079,579079,920.0,760.0,2160.0,2.0,581999.0,579839.0,cc
294,585079,583079,1120.0,600.0,2520.0,5.0,586199.0,583679.0,cc
295,589079,587079,1400.0,680.0,2720.0,1.0,590479.0,587759.0,cc
296,593079,591079,1160.0,680.0,2480.0,5.0,594239.0,591759.0,cc
297,597079,595079,1160.0,720.0,2440.0,1.0,598239.0,595799.0,cc
298,601079,599079,1080.0,680.0,2400.0,3.0,602159.0,599759.0,cc
299,605079,603079,960.0,720.0,2240.0,4.0,606039.0,603799.0,cc
300,9079,7079,1840.0,1040.0,2800.0,5.0,10919.0,8119.0,ht
301,13079,11079,880.0,800.0,2080.0,1.0,13959.0,11879.0,ht
302,17079,15079,960.0,600.0,2360.0,1.0,18039.0,15679.0,ht
303,21079,19079,1400.0,520.0,2880.0,1.0,22479.0,19599.0,ht
304,25079,23079,1160.0,920.0,2240.0,2.0,26239.0,23999.0,ht
305,29079,27079,840.0,560.0,2280.0,2.0,29919.0,27639.0,ht
306,33079,31079,2800.0,800.0,4000.0,5.0,35879.0,31879.0,ht
307,37079,35079,4360.0,9400.0,-3040.0,2.0,41439.0,44479.0,ht
308,41079,39079,360.0,5400.0,-3040.0,2.0,41439.0,44479.0,ht
309,45079,43079,1320.0,1280.0,2040.0,4.0,46399.0,44359.0,ht
310,49079,47079,1320.0,760.0,2560.0,2.0,50399.0,47839.0,ht
311,53079,51079,520.0,800.0,1720.0,3.0,53599.0,51879.0,ht
312,57079,55079,360.0,760.0,1600.0,5.0,57439.0,55839.0,ht
313,61079,59079,360.0,760.0,1600.0,2.0,61439.0,59839.0,ht
314,65079,63079,600.0,680.0,1920.0,1.0,65679.0,63759.0,ht
315,69079,67079,4280.0,1000.0,5280.0,4.0,73359.0,68079.0,ht
316,73079,71079,280.0,5400.0,-3120.0,4.0,73359.0,76479.0,ht
317,77079,75079,1600.0,880.0,2720.0,3.0,78679.0,75959.0,ht
318,81079,79079,4360.0,720.0,5640.0,5.0,85439.0,79799.0,ht
319,85079,83079,360.0,9160.0,-6800.0,5.0,85439.0,92239.0,ht
320,89079,87079,400.0,680.0,1720.0,1.0,89479.0,87759.0,ht
321,93079,91079,1160.0,960.0,2200.0,3.0,94239.0,92039.0,ht
322,97079,95079,920.0,760.0,2160.0,5.0,97999.0,95839.0,ht
323,101079,99079,280.0,960.0,1320.0,4.0,101359.0,100039.0,ht
324,105079,103079,720.0,600.0,2120.0,4.0,105799.0,103679.0,ht
325,109079,107079,560.0,520.0,2040.0,4.0,109639.0,107599.0,ht
326,113079,111079,4400.0,1000.0,5400.0,2.0,117479.0,112079.0,ht
327,117079,115079,400.0,720.0,1680.0,5.0,117479.0,115799.0,ht
328,121079,119079,760.0,760.0,2000.0,1.0,121839.0,119839.0,ht
329,125079,123079,440.0,880.0,1560.0,3.0,125519.0,123959.0,ht
330,129079,127079,640.0,760.0,1880.0,5.0,129719.0,127839.0,ht
331,133079,131079,4360.0,1160.0,5200.0,4.0,137439.0,132239.0,ht
332,137079,135079,360.0,4600.0,-2240.0,4.0,137439.0,139679.0,ht
333,141079,139079,1360.0,600.0,2760.0,4.0,142439.0,139679.0,ht
334,145079,143079,4400.0,680.0,5720.0,3.0,149479.0,143759.0,ht
335,149079,147079,400.0,5320.0,-2920.0,3.0,149479.0,152399.0,ht
336,153079,151079,320.0,920.0,1400.0,4.0,153399.0,151999.0,ht
337,157079,155079,920.0,760.0,2160.0,5.0,157999.0,155839.0,ht
338,161079,159079,920.0,960.0,1960.0,3.0,161999.0,160039.0,ht
339,165079,163079,360.0,680.0,1680.0,4.0,165439.0,163759.0,ht
340,169079,167079,1680.0,760.0,2920.0,1.0,170759.0,167839.0,ht
341,173079,171079,1160.0,760.0,2400.0,3.0,174239.0,171839.0,ht
342,177079,175079,960.0,720.0,2240.0,1.0,178039.0,175799.0,ht
343,181079,179079,4720.0,880.0,5840.0,3.0,185799.0,179959.0,ht
344,185079,183079,800.0,4800.0,-2000.0,2.0,185879.0,187879.0,ht
345,189079,187079,1760.0,720.0,3040.0,3.0,190839.0,187799.0,ht
346,193079,191079,1120.0,760.0,2360.0,5.0,194199.0,191839.0,ht
347,197079,195079,960.0,520.0,2440.0,5.0,198039.0,195599.0,ht
348,201079,199079,880.0,920.0,1960.0,2.0,201959.0,199999.0,ht
349,205079,203079,480.0,560.0,1920.0,2.0,205559.0,203639.0,ht
350,209079,207079,1040.0,480.0,2560.0,2.0,210119.0,207559.0,ht
351,213079,211079,560.0,600.0,1960.0,3.0,213639.0,211679.0,ht
352,217079,215079,600.0,640.0,1960.0,3.0,217679.0,215719.0,ht
353,221079,219079,840.0,760.0,2080.0,1.0,221919.0,219839.0,ht
354,225079,223079,1360.0,800.0,2560.0,5.0,226439.0,223879.0,ht
355,229079,227079,640.0,520.0,2120.0,5.0,229719.0,227599.0,ht
356,233079,231079,400.0,720.0,1680.0,1.0,233479.0,231799.0,ht
357,237079,235079,1560.0,760.0,2800.0,3.0,238639.0,235839.0,ht
358,241079,239079,1200.0,680.0,2520.0,1.0,242279.0,239759.0,ht
359,245079,243079,4520.0,680.0,5840.0,2.0,249599.0,243759.0,ht
360,249079,247079,520.0,760.0,1760.0,5.0,249599.0,247839.0,ht
361,253079,251079,1560.0,600.0,2960.0,5.0,254639.0,251679.0,ht
362,257079,255079,1400.0,1440.0,1960.0,4.0,258479.0,256519.0,ht
363,261079,259079,1760.0,800.0,2960.0,5.0,262839.0,259879.0,ht
364,265079,263079,1080.0,800.0,2280.0,1.0,266159.0,263879.0,ht
365,269079,267079,960.0,960.0,2000.0,5.0,270039.0,268039.0,ht
366,273079,271079,480.0,920.0,1560.0,3.0,273559.0,271999.0,ht
367,277079,275079,720.0,880.0,1840.0,2.0,277799.0,275959.0,ht
368,281079,279079,480.0,720.0,1760.0,1.0,281559.0,279799.0,ht
369,285079,283079,720.0,880.0,1840.0,2.0,285799.0,283959.0,ht
370,289079,287079,1240.0,1040.0,2200.0,4.0,290319.0,288119.0,ht
371,293079,291079,1080.0,720.0,2360.0,5.0,294159.0,291799.0,ht
372,297079,295079,1400.0,760.0,2640.0,4.0,298479.0,295839.0,ht
373,301079,299079,1400.0,920.0,2480.0,2.0,302479.0,299999.0,ht
374,305079,303079,2240.0,1040.0,3200.0,4.0,307319.0,304119.0,ht
375,309079,307079,1000.0,9360.0,-6360.0,3.0,310079.0,316439.0,ht
376,313079,311079,1200.0,760.0,2440.0,2.0,314279.0,311839.0,ht
377,317079,315079,4320.0,1120.0,5200.0,4.0,321399.0,316199.0,ht
378,321079,319079,320.0,9440.0,-7120.0,4.0,321399.0,328519.0,ht
379,325079,323079,720.0,760.0,1960.0,1.0,325799.0,323839.0,ht
380,329079,327079,1000.0,640.0,2360.0,2.0,330079.0,327719.0,ht
381,333079,331079,400.0,800.0,1600.0,3.0,333479.0,331879.0,ht
382,337079,335079,640.0,760.0,1880.0,2.0,337719.0,335839.0,ht
383,341079,339079,600.0,800.0,1800.0,5.0,341679.0,339879.0,ht
384,345079,343079,480.0,560.0,1920.0,5.0,345559.0,343639.0,ht
385,349079,347079,1200.0,720.0,2480.0,3.0,350279.0,347799.0,ht
386,353079,351079,1680.0,760.0,2920.0,1.0,354759.0,351839.0,ht
387,357079,355079,640.0,640.0,2000.0,3.0,357719.0,355719.0,ht
388,361079,359079,920.0,560.0,2360.0,3.0,361999.0,359639.0,ht
389,365079,363079,720.0,760.0,1960.0,5.0,365799.0,363839.0,ht
390,369079,367079,960.0,800.0,2160.0,2.0,370039.0,367879.0,ht
391,373079,371079,1240.0,760.0,2480.0,5.0,374319.0,371839.0,ht
392,377079,375079,5480.0,720.0,6760.0,4.0,382559.0,375799.0,ht
393,381079,379079,1560.0,5480.0,-1920.0,5.0,382639.0,384559.0,ht
394,385079,383079,800.0,840.0,1960.0,3.0,385879.0,383919.0,ht
395,389079,387079,520.0,720.0,1800.0,1.0,389599.0,387799.0,ht
396,393079,391079,600.0,600.0,2000.0,1.0,393679.0,391679.0,ht
397,397079,395079,1200.0,1280.0,1920.0,4.0,398279.0,396359.0,ht
398,401079,399079,240.0,520.0,1720.0,4.0,401319.0,399599.0,ht
399,405079,403079,880.0,840.0,2040.0,3.0,405959.0,403919.0,ht
400,409079,407079,320.0,800.0,1520.0,4.0,409399.0,407879.0,ht
401,413079,411079,680.0,560.0,2120.0,4.0,413759.0,411639.0,ht
402,417079,415079,1320.0,560.0,2760.0,4.0,418399.0,415639.0,ht
403,421079,419079,1440.0,800.0,2640.0,5.0,422519.0,419879.0,ht
404,425079,423079,4480.0,920.0,5560.0,2.0,429559.0,423999.0,ht
405,429079,427079,480.0,4840.0,-2360.0,2.0,429559.0,431919.0,ht
406,433079,431079,2200.0,800.0,3400.0,3.0,435279.0,431879.0,ht
407,437079,435079,560.0,760.0,1800.0,1.0,437639.0,435839.0,ht
408,441079,439079,1120.0,680.0,2440.0,2.0,442199.0,439759.0,ht
409,445079,443079,4760.0,1080.0,5680.0,4.0,449839.0,444159.0,ht
410,449079,447079,760.0,4960.0,-2200.0,4.0,449839.0,452039.0,ht
411,453079,451079,1520.0,880.0,2640.0,2.0,454599.0,451959.0,ht
412,457079,455079,880.0,760.0,2120.0,5.0,457959.0,455839.0,ht
413,461079,459079,520.0,440.0,2080.0,5.0,461599.0,459519.0,ht
414,465079,463079,840.0,560.0,2280.0,5.0,465919.0,463639.0,ht
415,469079,467079,5640.0,1320.0,6320.0,4.0,474719.0,468399.0,ht
416,473079,471079,1640.0,8920.0,-5280.0,5.0,474719.0,479999.0,ht
417,477079,475079,1520.0,760.0,2760.0,2.0,478599.0,475839.0,ht
418,481079,479079,960.0,680.0,2280.0,3.0,482039.0,479759.0,ht
419,485079,483079,840.0,520.0,2320.0,3.0,485919.0,483599.0,ht
420,489079,487079,520.0,520.0,2000.0,3.0,489599.0,487599.0,ht
421,493079,491079,2000.0,720.0,3280.0,1.0,495079.0,491799.0,ht
422,497079,495079,760.0,720.0,2040.0,5.0,497839.0,495799.0,ht
423,501079,499079,800.0,800.0,2000.0,1.0,501879.0,499879.0,ht
424,505079,503079,8480.0,560.0,9920.0,1.0,513559.0,503639.0,ht
425,509079,507079,1080.0,1200.0,1880.0,4.0,510159.0,508279.0,ht
426,513079,511079,480.0,800.0,1680.0,1.0,513559.0,511879.0,ht
427,517079,515079,280.0,840.0,1440.0,3.0,517359.0,515919.0,ht
428,521079,519079,200.0,560.0,1640.0,3.0,521279.0,519639.0,ht
429,525079,523079,1440.0,1000.0,2440.0,4.0,526519.0,524079.0,ht
430,529079,527079,1200.0,800.0,2400.0,5.0,530279.0,527879.0,ht
431,533079,531079,5320.0,800.0,6520.0,2.0,538399.0,531879.0,ht
432,537079,535079,1360.0,800.0,2560.0,3.0,538439.0,535879.0,ht
433,541079,539079,1160.0,680.0,2480.0,1.0,542239.0,539759.0,ht
434,545079,543079,2640.0,1320.0,3320.0,4.0,547719.0,544399.0,ht
435,549079,547079,640.0,840.0,1800.0,1.0,549719.0,547919.0,ht
436,553079,551079,680.0,640.0,2040.0,2.0,553759.0,551719.0,ht
437,557079,555079,920.0,560.0,2360.0,2.0,557999.0,555639.0,ht
438,561079,559079,680.0,760.0,1920.0,1.0,561759.0,559839.0,ht
439,565079,563079,520.0,600.0,1920.0,1.0,565599.0,563679.0,ht
440,569079,567079,1080.0,1040.0,2040.0,3.0,570159.0,568119.0,ht
441,573079,571079,1120.0,880.0,2240.0,2.0,574199.0,571959.0,ht
442,577079,575079,680.0,760.0,1920.0,1.0,577759.0,575839.0,ht
443,581079,579079,560.0,560.0,2000.0,1.0,581639.0,579639.0,ht
444,585079,583079,1280.0,680.0,2600.0,2.0,586359.0,583759.0,ht
445,589079,587079,720.0,760.0,1960.0,1.0,589799.0,587839.0,ht
446,593079,591079,960.0,680.0,2280.0,3.0,594039.0,591759.0,ht
447,597079,595079,1560.0,840.0,2720.0,4.0,598639.0,595919.0,ht
448,601079,599079,4400.0,960.0,5440.0,2.0,605479.0,600039.0,ht
449,605079,603079,400.0,840.0,1560.0,1.0,605479.0,603919.0,ht
450,9079,7079,1000.0,1080.0,1920.0,1.0,10079.0,8159.0,jc
451,13079,11079,480.0,1400.0,1080.0,4.0,13559.0,12479.0,jc
452,17079,15079,520.0,760.0,1760.0,2.0,17599.0,15839.0,jc
453,21079,19079,360.0,760.0,1600.0,4.0,21439.0,19839.0,jc
454,25079,23079,440.0,840.0,1600.0,1.0,25519.0,23919.0,jc
455,29079,27079,640.0,1280.0,1360.0,1.0,29719.0,28359.0,jc
456,33079,31079,560.0,880.0,1680.0,3.0,33639.0,31959.0,jc
457,37079,35079,400.0,800.0,1600.0,1.0,37479.0,35879.0,jc
458,41079,39079,880.0,1080.0,1800.0,2.0,41959.0,40159.0,jc
459,45079,43079,520.0,720.0,1800.0,2.0,45599.0,43799.0,jc
460,49079,47079,480.0,720.0,1760.0,3.0,49559.0,47799.0,jc
461,53079,51079,480.0,720.0,1760.0,3.0,53559.0,51799.0,jc
462,57079,55079,240.0,520.0,1720.0,3.0,57319.0,55599.0,jc
463,61079,59079,200.0,400.0,1800.0,3.0,61279.0,59479.0,jc
464,65079,63079,400.0,880.0,1520.0,1.0,65479.0,63959.0,jc
465,69079,67079,400.0,640.0,1760.0,2.0,69479.0,67719.0,jc
466,73079,71079,920.0,1000.0,1920.0,3.0,73999.0,72079.0,jc
467,77079,75079,840.0,1160.0,1680.0,5.0,77919.0,76239.0,jc
468,81079,79079,720.0,800.0,1920.0,2.0,81799.0,79879.0,jc
469,85079,83079,360.0,680.0,1680.0,3.0,85439.0,83759.0,jc
470,89079,87079,400.0,680.0,1720.0,5.0,89479.0,87759.0,jc
471,93079,91079,680.0,760.0,1920.0,3.0,93759.0,91839.0,jc
472,97079,95079,960.0,1360.0,1600.0,4.0,98039.0,96439.0,jc
473,101079,99079,680.0,640.0,2040.0,3.0,101759.0,99719.0,jc
474,105079,103079,640.0,640.0,2000.0,3.0,105719.0,103719.0,jc
475,109079,107079,320.0,960.0,1360.0,1.0,109399.0,108039.0,jc
476,113079,111079,560.0,600.0,1960.0,3.0,113639.0,111679.0,jc
477,117079,115079,760.0,640.0,2120.0,5.0,117839.0,115719.0,jc
478,121079,119079,240.0,560.0,1680.0,5.0,121319.0,119639.0,jc
479,125079,123079,120.0,680.0,1440.0,1.0,125199.0,123759.0,jc
480,129079,127079,400.0,680.0,1720.0,4.0,129479.0,127759.0,jc
481,133079,131079,8840.0,680.0,10160.0,5.0,141919.0,131759.0,jc
482,137079,135079,880.0,760.0,2120.0,2.0,137959.0,135839.0,jc
483,141079,139079,840.0,1120.0,1720.0,5.0,141919.0,140199.0,jc
484,145079,143079,720.0,1040.0,1680.0,3.0,145799.0,144119.0,jc
485,149079,147079,480.0,1240.0,1240.0,3.0,149559.0,148319.0,jc
486,153079,151079,160.0,600.0,1560.0,3.0,153239.0,151679.0,jc
487,157079,155079,960.0,1480.0,1480.0,4.0,158039.0,156559.0,jc
488,161079,159079,1000.0,1360.0,1640.0,5.0,162079.0,160439.0,jc
489,165079,163079,1120.0,1160.0,1960.0,3.0,166199.0,164239.0,jc
490,169079,167079,160.0,680.0,1480.0,1.0,169239.0,167759.0,jc
491,173079,171079,160.0,640.0,1520.0,3.0,173239.0,171719.0,jc
492,177079,175079,360.0,680.0,1680.0,2.0,177439.0,175759.0,jc
493,181079,179079,560.0,1160.0,1400.0,4.0,181639.0,180239.0,jc
494,185079,183079,200.0,680.0,1520.0,1.0,185279.0,183759.0,jc
495,189079,187079,160.0,640.0,1520.0,2.0,189239.0,187719.0,jc
496,193079,191079,200.0,640.0,1560.0,1.0,193279.0,191719.0,jc
497,197079,195079,320.0,720.0,1600.0,3.0,197399.0,195799.0,jc
498,201079,199079,600.0,680.0,1920.0,2.0,201679.0,199759.0,jc
499,205079,203079,400.0,720.0,1680.0,5.0,205479.0,203799.0,jc
500,209079,207079,200.0,640.0,1560.0,1.0,209279.0,207719.0,jc
501,213079,211079,360.0,560.0,1800.0,5.0,213439.0,211639.0,jc
502,217079,215079,280.0,600.0,1680.0,5.0,217359.0,215679.0,jc
503,221079,219079,400.0,600.0,1800.0,3.0,221479.0,219679.0,jc
504,225079,223079,680.0,600.0,2080.0,5.0,225759.0,223679.0,jc
505,229079,227079,240.0,640.0,1600.0,3.0,229319.0,227719.0,jc
506,233079,231079,240.0,600.0,1640.0,2.0,233319.0,231679.0,jc
507,237079,235079,320.0,720.0,1600.0,4.0,237399.0,235799.0,jc
508,241079,239079,200.0,560.0,1640.0,4.0,241279.0,239639.0,jc
509,245079,243079,200.0,600.0,1600.0,4.0,245279.0,243679.0,jc
510,249079,247079,840.0,960.0,1880.0,4.0,249919.0,248039.0,jc
511,253079,251079,520.0,840.0,1680.0,1.0,253599.0,251919.0,jc
512,257079,255079,1240.0,2000.0,1240.0,3.0,258319.0,257079.0,jc
513,261079,259079,1800.0,1200.0,2600.0,2.0,262879.0,260279.0,jc
514,265079,263079,640.0,560.0,2080.0,5.0,265719.0,263639.0,jc
515,269079,267079,760.0,560.0,2200.0,3.0,269839.0,267639.0,jc
516,273079,271079,200.0,640.0,1560.0,4.0,273279.0,271719.0,jc
517,277079,275079,680.0,600.0,2080.0,5.0,277759.0,275679.0,jc
518,281079,279079,720.0,640.0,2080.0,1.0,281799.0,279719.0,jc
519,285079,283079,640.0,600.0,2040.0,5.0,285719.0,283679.0,jc
520,289079,287079,560.0,600.0,1960.0,5.0,289639.0,287679.0,jc
521,293079,291079,160.0,600.0,1560.0,1.0,293239.0,291679.0,jc
522,297079,295079,760.0,680.0,2080.0,4.0,297839.0,295759.0,jc
523,301079,299079,160.0,600.0,1560.0,4.0,301239.0,299679.0,jc
524,305079,303079,320.0,560.0,1760.0,5.0,305399.0,303639.0,jc
525,309079,307079,240.0,680.0,1560.0,3.0,309319.0,307759.0,jc
526,313079,311079,800.0,640.0,2160.0,2.0,313879.0,311719.0,jc
527,317079,315079,920.0,840.0,2080.0,2.0,317999.0,315919.0,jc
528,321079,319079,800.0,760.0,2040.0,3.0,321879.0,319839.0,jc
529,325079,323079,520.0,600.0,1920.0,5.0,325599.0,323679.0,jc
530,329079,327079,640.0,640.0,2000.0,2.0,329719.0,327719.0,jc
531,333079,331079,520.0,640.0,1880.0,1.0,333599.0,331719.0,jc
532,337079,335079,960.0,1120.0,1840.0,4.0,338039.0,336199.0,jc
533,341079,339079,440.0,840.0,1600.0,1.0,341519.0,339919.0,jc
534,345079,343079,760.0,840.0,1920.0,2.0,345839.0,343919.0,jc
535,349079,347079,400.0,720.0,1680.0,4.0,349479.0,347799.0,jc
536,353079,351079,440.0,680.0,1760.0,5.0,353519.0,351759.0,jc
537,357079,355079,680.0,600.0,2080.0,2.0,357759.0,355679.0,jc
538,361079,359079,200.0,600.0,1600.0,5.0,361279.0,359679.0,jc
539,365079,363079,280.0,600.0,1680.0,1.0,365359.0,363679.0,jc
540,369079,367079,600.0,600.0,2000.0,2.0,369679.0,367679.0,jc
541,373079,371079,280.0,800.0,1480.0,4.0,373359.0,371879.0,jc
542,377079,375079,80.0,560.0,1520.0,2.0,377159.0,375639.0,jc
543,381079,379079,640.0,600.0,2040.0,5.0,381719.0,379679.0,jc
544,385079,383079,280.0,720.0,1560.0,5.0,385359.0,383799.0,jc
545,389079,387079,480.0,1000.0,1480.0,4.0,389559.0,388079.0,jc
546,393079,391079,1360.0,760.0,2600.0,3.0,394439.0,391839.0,jc
547,397079,395079,600.0,720.0,1880.0,3.0,397679.0,395799.0,jc
548,401079,399079,720.0,1120.0,1600.0,1.0,401799.0,400199.0,jc
549,405079,403079,440.0,960.0,1480.0,1.0,405519.0,404039.0,jc
550,409079,407079,400.0,760.0,1640.0,4.0,409479.0,407839.0,jc
551,413079,411079,240.0,640.0,1600.0,1.0,413319.0,411719.0,jc
552,417079,415079,120.0,640.0,1480.0,5.0,417199.0,415719.0,jc
553,421079,419079,200.0,640.0,1560.0,2.0,421279.0,419719.0,jc
554,425079,423079,240.0,640.0,1600.0,2.0,425319.0,423719.0,jc
555,429079,427079,240.0,800.0,1440.0,4.0,429319.0,427879.0,jc
556,433079,431079,320.0,640.0,1680.0,1.0,433399.0,431719.0,jc
557,437079,435079,160.0,760.0,1400.0,4.0,437239.0,435839.0,jc
558,441079,439079,280.0,640.0,1640.0,5.0,441359.0,439719.0,jc
559,445079,443079,360.0,680.0,1680.0,1.0,445439.0,443759.0,jc
560,449079,447079,280.0,640.0,1640.0,1.0,449359.0,447719.0,jc
561,453079,451079,1120.0,760.0,2360.0,3.0,454199.0,451839.0,jc
562,457079,455079,840.0,1080.0,1760.0,4.0,457919.0,456159.0,jc
563,461079,459079,1120.0,1120.0,2000.0,1.0,462199.0,460199.0,jc
564,465079,463079,1280.0,1280.0,2000.0,2.0,466359.0,464359.0,jc
565,469079,467079,1320.0,800.0,2520.0,3.0,470399.0,467879.0,jc
566,473079,471079,4680.0,1920.0,4760.0,3.0,477759.0,472999.0,jc
567,477079,475079,680.0,,,3.0,477759.0,,jc
568,481079,479079,80.0,600.0,1480.0,1.0,481159.0,479679.0,jc
569,485079,483079,240.0,640.0,1600.0,2.0,485319.0,483719.0,jc
570,489079,487079,200.0,600.0,1600.0,5.0,489279.0,487679.0,jc
571,493079,491079,440.0,880.0,1560.0,4.0,493519.0,491959.0,jc
572,497079,495079,280.0,680.0,1600.0,2.0,497359.0,495759.0,jc
573,501079,499079,200.0,680.0,1520.0,1.0,501279.0,499759.0,jc
574,505079,503079,200.0,560.0,1640.0,2.0,505279.0,503639.0,jc
575,509079,507079,240.0,520.0,1720.0,2.0,509319.0,507599.0,jc
576,513079,511079,200.0,600.0,1600.0,1.0,513279.0,511679.0,jc
577,517079,515079,640.0,600.0,2040.0,5.0,517719.0,515679.0,jc
578,521079,519079,1480.0,1720.0,1760.0,4.0,522559.0,520799.0,jc
579,525079,523079,1040.0,920.0,2120.0,2.0,526119.0,523999.0,jc
580,529079,527079,680.0,680.0,2000.0,4.0,529759.0,527759.0,jc
581,9119,7119,2360.0,3680.0,680.0,2.0,11479.0,10799.0,jp
582,13119,11119,1800.0,840.0,2960.0,5.0,14919.0,11959.0,jp
583,17119,15119,2480.0,2080.0,2400.0,3.0,19599.0,17199.0,jp
584,21119,19119,2520.0,1040.0,3480.0,4.0,23639.0,20159.0,jp
585,25119,23119,1240.0,840.0,2400.0,1.0,26359.0,23959.0,jp
586,29119,27119,22000.0,22600.0,1400.0,3.0,51119.0,49719.0,jp
587,33119,31119,19600.0,18480.0,3120.0,4.0,52719.0,49599.0,jp
588,37119,35119,2840.0,1160.0,3680.0,1.0,39959.0,36279.0,jp
589,41119,39119,6760.0,920.0,7840.0,2.0,47879.0,40039.0,jp
590,45119,43119,7600.0,6480.0,3120.0,4.0,52719.0,49599.0,jp
591,49119,47119,2880.0,2440.0,2440.0,5.0,51999.0,49559.0,jp
592,53119,51119,9520.0,11440.0,80.0,2.0,62639.0,62559.0,jp
593,57119,55119,5520.0,7440.0,80.0,2.0,62639.0,62559.0,jp
594,61119,59119,6080.0,1240.0,6840.0,3.0,67199.0,60359.0,jp
595,65119,63119,2760.0,2440.0,2320.0,5.0,67879.0,65559.0,jp
596,69119,67119,14040.0,4800.0,11240.0,4.0,83159.0,71919.0,jp
597,73119,71119,12680.0,840.0,13840.0,2.0,85799.0,71959.0,jp
598,77119,75119,15640.0,13160.0,4480.0,5.0,92759.0,88279.0,jp
599,81119,79119,2040.0,5240.0,-1200.0,4.0,83159.0,84359.0,jp
600,85119,83119,7520.0,2480.0,7040.0,3.0,92639.0,85599.0,jp
601,89119,87119,3640.0,1160.0,4480.0,5.0,92759.0,88279.0,jp
602,93119,91119,3920.0,4040.0,1880.0,5.0,97039.0,95159.0,jp
603,97119,95119,30720.0,29160.0,3560.0,2.0,127839.0,124279.0,jp
604,101119,99119,26720.0,25160.0,3560.0,2.0,127839.0,124279.0,jp
605,105119,103119,3640.0,1280.0,4360.0,1.0,108759.0,104399.0,jp
606,109119,107119,2840.0,2440.0,2400.0,5.0,111959.0,109559.0,jp
607,113119,111119,3240.0,3000.0,2240.0,4.0,116359.0,114119.0,jp
608,117119,115119,2560.0,1400.0,3160.0,1.0,119679.0,116519.0,jp
609,121119,119119,2400.0,1000.0,3400.0,5.0,123519.0,120119.0,jp
610,125119,123119,7920.0,5240.0,4680.0,3.0,133039.0,128359.0,jp
611,129119,127119,3920.0,1240.0,4680.0,3.0,133039.0,128359.0,jp
612,133119,131119,8840.0,26080.0,-15240.0,5.0,141959.0,157199.0,jp
613,137119,135119,4840.0,22080.0,-15240.0,5.0,141959.0,157199.0,jp
614,141119,139119,840.0,18080.0,-15240.0,5.0,141959.0,157199.0,jp
615,145119,143119,6960.0,2160.0,6800.0,2.0,152079.0,145279.0,jp
616,149119,147119,2960.0,13840.0,-8880.0,2.0,152079.0,160959.0,jp
617,153119,151119,2400.0,960.0,3440.0,1.0,155519.0,152079.0,jp
618,157119,155119,3560.0,2080.0,3480.0,5.0,160679.0,157199.0,jp
619,161119,159119,11480.0,7120.0,6360.0,4.0,172599.0,166239.0,jp
620,165119,163119,24920.0,1760.0,25160.0,3.0,190039.0,164879.0,jp
621,169119,167119,28840.0,960.0,29880.0,2.0,197959.0,168079.0,jp
622,173119,171119,24840.0,21040.0,5800.0,2.0,197959.0,192159.0,jp
623,177119,175119,8400.0,840.0,9560.0,1.0,185519.0,175959.0,jp
624,181119,179119,10800.0,8760.0,4040.0,4.0,191919.0,187879.0,jp
625,185119,183119,12840.0,9040.0,5800.0,2.0,197959.0,192159.0,jp
626,189119,187119,2800.0,720.0,4080.0,5.0,191919.0,187839.0,jp
627,193119,191119,29400.0,25840.0,5560.0,4.0,222519.0,216959.0,jp
628,197119,195119,25400.0,21840.0,5560.0,4.0,222519.0,216959.0,jp
629,201119,199119,16320.0,16920.0,1400.0,3.0,217439.0,216039.0,jp
630,205119,203119,6640.0,640.0,8000.0,1.0,211759.0,203759.0,jp
631,209119,207119,2640.0,29240.0,-24600.0,1.0,211759.0,236359.0,jp
632,213119,211119,4320.0,4920.0,1400.0,3.0,217439.0,216039.0,jp
633,217119,215119,280.0,2280.0,0.0,2.0,217399.0,217399.0,jp
634,221119,219119,2240.0,4240.0,0.0,2.0,223359.0,223359.0,jp
635,225119,223119,5880.0,240.0,7640.0,2.0,230999.0,223359.0,jp
636,229119,227119,880.0,5560.0,-2680.0,4.0,229999.0,232679.0,jp
637,233119,231119,17520.0,9440.0,10080.0,2.0,250639.0,240559.0,jp
638,237119,235119,3440.0,1240.0,4200.0,1.0,240559.0,236359.0,jp
639,241119,239119,9520.0,1440.0,10080.0,2.0,250639.0,240559.0,jp
640,245119,243119,11320.0,11480.0,1840.0,3.0,256439.0,254599.0,jp
641,249119,247119,1520.0,7480.0,-3960.0,2.0,250639.0,254599.0,jp
642,253119,251119,3520.0,3280.0,2240.0,5.0,256639.0,254399.0,jp
643,257119,255119,5760.0,5440.0,2320.0,3.0,262879.0,260559.0,jp
644,261119,259119,2760.0,21760.0,-17000.0,5.0,263879.0,280879.0,jp
645,265119,263119,2720.0,3320.0,1400.0,2.0,267839.0,266439.0,jp
646,269119,267119,3080.0,2440.0,2640.0,4.0,272199.0,269559.0,jp
647,273119,271119,1880.0,1320.0,2560.0,1.0,274999.0,272439.0,jp
648,277119,275119,2480.0,1000.0,3480.0,2.0,279599.0,276119.0,jp
649,281119,279119,3560.0,1760.0,3800.0,5.0,284679.0,280879.0,jp
650,285119,283119,2400.0,1720.0,2680.0,2.0,287519.0,284839.0,jp
651,289119,287119,3680.0,1920.0,3760.0,3.0,292799.0,289039.0,jp
652,293119,291119,2680.0,2720.0,1960.0,5.0,295799.0,293839.0,jp
653,297119,295119,3080.0,2360.0,2720.0,3.0,300199.0,297479.0,jp
654,301119,299119,3040.0,1480.0,3560.0,1.0,304159.0,300599.0,jp
655,305119,303119,3160.0,1640.0,3520.0,3.0,308279.0,304759.0,jp
656,309119,307119,2960.0,1480.0,3480.0,1.0,312079.0,308599.0,jp
657,313119,311119,3480.0,1400.0,4080.0,3.0,316599.0,312519.0,jp
658,317119,315119,3360.0,14720.0,-9360.0,4.0,320479.0,329839.0,jp
659,321119,319119,6440.0,1440.0,7000.0,1.0,327559.0,320559.0,jp
660,325119,323119,2440.0,5680.0,-1240.0,1.0,327559.0,328799.0,jp
661,329119,327119,7000.0,2720.0,6280.0,4.0,336119.0,329839.0,jp
662,333119,331119,3000.0,10480.0,-5480.0,4.0,336119.0,341599.0,jp
663,337119,335119,3880.0,1360.0,4520.0,1.0,340999.0,336479.0,jp
664,341119,339119,8720.0,4520.0,6200.0,2.0,349839.0,343639.0,jp
665,345119,343119,21480.0,17520.0,5960.0,4.0,366599.0,360639.0,jp
666,349119,347119,11080.0,9360.0,3720.0,1.0,360199.0,356479.0,jp
667,353119,351119,13480.0,9520.0,5960.0,4.0,366599.0,360639.0,jp
668,357119,355119,3080.0,1360.0,3720.0,1.0,360199.0,356479.0,jp
669,361119,359119,3560.0,1480.0,4080.0,3.0,364679.0,360599.0,jp
670,365119,363119,1480.0,4960.0,-1480.0,4.0,366599.0,368079.0,jp
671,369119,367119,6000.0,960.0,7040.0,4.0,375119.0,368079.0,jp
672,373119,371119,2000.0,5160.0,-1160.0,4.0,375119.0,376279.0,jp
673,377119,375119,12640.0,1160.0,13480.0,4.0,389759.0,376279.0,jp
674,381119,379119,3160.0,2160.0,3000.0,1.0,384279.0,381279.0,jp
675,385119,383119,4640.0,1880.0,4760.0,5.0,389759.0,384999.0,jp
676,389119,387119,640.0,2040.0,600.0,3.0,389759.0,389159.0,jp
677,393119,391119,3320.0,1680.0,3640.0,5.0,396439.0,392799.0,jp
678,397119,395119,12760.0,17640.0,-2880.0,4.0,409879.0,412759.0,jp
679,401119,399119,3240.0,1600.0,3640.0,3.0,404359.0,400719.0,jp
680,405119,403119,4760.0,9640.0,-2880.0,4.0,409879.0,412759.0,jp
681,409119,407119,760.0,5640.0,-2880.0,4.0,409879.0,412759.0,jp
682,413119,411119,1800.0,400.0,3400.0,3.0,414919.0,411519.0,jp
683,417119,415119,3960.0,13440.0,-7480.0,4.0,421079.0,428559.0,jp
684,421119,419119,4720.0,2920.0,3800.0,2.0,425839.0,422039.0,jp
685,425119,423119,720.0,6840.0,-4120.0,2.0,425839.0,429959.0,jp
686,429119,427119,8920.0,6280.0,4640.0,1.0,438039.0,433399.0,jp
687,433119,431119,5760.0,7160.0,600.0,2.0,438879.0,438279.0,jp
688,437119,435119,3720.0,3720.0,2000.0,4.0,440839.0,438839.0,jp
689,441119,439119,,,,4.0,,,jp
690,445119,443119,440.0,2440.0,0.0,3.0,445559.0,445559.0,jp
691,449119,447119,,,,4.0,,,jp
692,453119,451119,,,,3.0,,,jp
693,457119,455119,,,,1.0,,,jp
694,461119,459119,,,,2.0,,,jp
695,465119,463119,,,,3.0,,,jp
696,9079,7079,880.0,1240.0,1640.0,2.0,9959.0,8319.0,wc
697,13079,11079,1400.0,920.0,2480.0,3.0,14479.0,11999.0,wc
698,17079,15079,1440.0,1600.0,1840.0,3.0,18519.0,16679.0,wc
699,21079,19079,1360.0,1000.0,2360.0,4.0,22439.0,20079.0,wc
700,25079,23079,440.0,1040.0,1400.0,3.0,25519.0,24119.0,wc
701,29079,27079,2040.0,680.0,3360.0,5.0,31119.0,27759.0,wc
702,33079,31079,1080.0,880.0,2200.0,2.0,34159.0,31959.0,wc
703,37079,35079,1800.0,1080.0,2720.0,2.0,38879.0,36159.0,wc
704,41079,39079,1760.0,1960.0,1800.0,4.0,42839.0,41039.0,wc
705,45079,43079,880.0,1040.0,1840.0,3.0,45959.0,44119.0,wc
706,49079,47079,960.0,760.0,2200.0,1.0,50039.0,47839.0,wc
707,53079,51079,1520.0,800.0,2720.0,2.0,54599.0,51879.0,wc
708,57079,55079,880.0,840.0,2040.0,3.0,57959.0,55919.0,wc
709,61079,59079,800.0,840.0,1960.0,1.0,61879.0,59919.0,wc
710,65079,63079,1720.0,880.0,2840.0,3.0,66799.0,63959.0,wc
711,69079,67079,1280.0,960.0,2320.0,5.0,70359.0,68039.0,wc
712,73079,71079,1160.0,800.0,2360.0,4.0,74239.0,71879.0,wc
713,77079,75079,1000.0,800.0,2200.0,3.0,78079.0,75879.0,wc
714,81079,79079,1200.0,840.0,2360.0,2.0,82279.0,79919.0,wc
715,85079,83079,5880.0,840.0,7040.0,1.0,90959.0,83919.0,wc
716,89079,87079,1880.0,24960.0,-21080.0,1.0,90959.0,112039.0,wc
717,93079,91079,2080.0,1080.0,3000.0,5.0,95159.0,92159.0,wc
718,97079,95079,4840.0,1120.0,5720.0,3.0,101919.0,96199.0,wc
719,101079,99079,840.0,37080.0,-34240.0,3.0,101919.0,136159.0,wc
720,105079,103079,1240.0,1120.0,2120.0,5.0,106319.0,104199.0,wc
721,109079,107079,1600.0,1080.0,2520.0,4.0,110679.0,108159.0,wc
722,113079,111079,3000.0,960.0,4040.0,1.0,116079.0,112039.0,wc
723,117079,115079,2840.0,1400.0,3440.0,5.0,119919.0,116479.0,wc
724,121079,119079,5840.0,1200.0,6640.0,1.0,126919.0,120279.0,wc
725,125079,123079,1840.0,8960.0,-5120.0,1.0,126919.0,132039.0,wc
726,129079,127079,2400.0,1360.0,3040.0,4.0,131479.0,128439.0,wc
727,133079,131079,1800.0,960.0,2840.0,1.0,134879.0,132039.0,wc
728,137079,135079,1800.0,1080.0,2720.0,3.0,138879.0,136159.0,wc
729,141079,139079,22160.0,20800.0,3360.0,1.0,163239.0,159879.0,wc
730,145079,143079,1320.0,840.0,2480.0,5.0,146399.0,143919.0,wc
731,149079,147079,1000.0,680.0,2320.0,5.0,150079.0,147759.0,wc
732,153079,151079,2320.0,1040.0,3280.0,2.0,155399.0,152119.0,wc
733,157079,155079,2240.0,920.0,3320.0,5.0,159319.0,155999.0,wc
734,161079,159079,2160.0,800.0,3360.0,1.0,163239.0,159879.0,wc
735,165079,163079,2840.0,960.0,3880.0,3.0,167919.0,164039.0,wc
736,169079,167079,2040.0,640.0,3400.0,2.0,171119.0,167719.0,wc
737,173079,171079,1600.0,960.0,2640.0,4.0,174679.0,172039.0,wc
738,177079,175079,2360.0,800.0,3560.0,1.0,179439.0,175879.0,wc
739,181079,179079,2640.0,1240.0,3400.0,4.0,183719.0,180319.0,wc
740,185079,183079,2320.0,800.0,3520.0,1.0,187399.0,183879.0,wc
741,189079,187079,2560.0,1120.0,3440.0,4.0,191639.0,188199.0,wc
742,193079,191079,6880.0,800.0,8080.0,2.0,199959.0,191879.0,wc
743,197079,195079,2880.0,25120.0,-20240.0,2.0,199959.0,220199.0,wc
744,201079,199079,2680.0,920.0,3760.0,1.0,203759.0,199999.0,wc
745,205079,203079,2720.0,880.0,3840.0,5.0,207799.0,203959.0,wc
746,209079,207079,10480.0,1120.0,11360.0,4.0,219559.0,208199.0,wc
747,213079,211079,6480.0,17320.0,-8840.0,4.0,219559.0,228399.0,wc
748,217079,215079,2480.0,13320.0,-8840.0,4.0,219559.0,228399.0,wc
749,221079,219079,7320.0,1120.0,8200.0,2.0,228399.0,220199.0,wc
750,225079,223079,3320.0,19000.0,-13680.0,2.0,228399.0,242079.0,wc
751,229079,227079,2520.0,1320.0,3200.0,3.0,231599.0,228399.0,wc
752,233079,231079,2320.0,800.0,3520.0,1.0,235399.0,231879.0,wc
753,237079,235079,2000.0,880.0,3120.0,5.0,239079.0,235959.0,wc
754,241079,239079,1200.0,1720.0,1480.0,4.0,242279.0,240799.0,wc
755,245079,243079,480.0,920.0,1560.0,5.0,245559.0,243999.0,wc
756,249079,247079,720.0,960.0,1760.0,2.0,249799.0,248039.0,wc
757,253079,251079,760.0,1320.0,1440.0,4.0,253839.0,252399.0,wc
758,257079,255079,680.0,1080.0,1600.0,5.0,257759.0,256159.0,wc
759,261079,259079,1080.0,1160.0,1920.0,5.0,262159.0,260239.0,wc
760,265079,263079,840.0,1080.0,1760.0,5.0,265919.0,264159.0,wc
761,269079,267079,480.0,1000.0,1480.0,3.0,269559.0,268079.0,wc
762,273079,271079,400.0,760.0,1640.0,3.0,273479.0,271839.0,wc
763,277079,275079,1880.0,1440.0,2440.0,5.0,278959.0,276519.0,wc
764,281079,279079,1080.0,1040.0,2040.0,2.0,282159.0,280119.0,wc
765,285079,283079,2560.0,1320.0,3240.0,4.0,287639.0,284399.0,wc
766,289079,287079,2680.0,1080.0,3600.0,1.0,291759.0,288159.0,wc
767,293079,291079,5080.0,1600.0,5480.0,3.0,298159.0,292679.0,wc
768,297079,295079,1080.0,29040.0,-25960.0,3.0,298159.0,324119.0,wc
769,301079,299079,2240.0,1600.0,2640.0,4.0,303319.0,300679.0,wc
770,305079,303079,2720.0,760.0,3960.0,2.0,307799.0,303839.0,wc
771,309079,307079,1160.0,960.0,2200.0,1.0,310239.0,308039.0,wc
772,313079,311079,2320.0,760.0,3560.0,5.0,315399.0,311839.0,wc
773,317079,315079,1960.0,1240.0,2720.0,2.0,319039.0,316319.0,wc
774,321079,319079,1720.0,1080.0,2640.0,4.0,322799.0,320159.0,wc
775,325079,323079,840.0,1040.0,1800.0,3.0,325919.0,324119.0,wc
776,329079,327079,3640.0,1120.0,4520.0,4.0,332719.0,328199.0,wc
777,333079,331079,440.0,960.0,1480.0,3.0,333519.0,332039.0,wc
778,337079,335079,120.0,1040.0,1080.0,5.0,337199.0,336119.0,wc
779,341079,339079,680.0,920.0,1760.0,4.0,341759.0,339999.0,wc
780,345079,343079,440.0,1040.0,1400.0,3.0,345519.0,344119.0,wc
781,349079,347079,2000.0,1160.0,2840.0,2.0,351079.0,348239.0,wc
782,353079,351079,1520.0,920.0,2600.0,4.0,354599.0,351999.0,wc
783,357079,355079,1200.0,960.0,2240.0,1.0,358279.0,356039.0,wc
784,361079,359079,1600.0,1360.0,2240.0,5.0,362679.0,360439.0,wc
785,365079,363079,1520.0,880.0,2640.0,1.0,366599.0,363959.0,wc
786,369079,367079,1680.0,960.0,2720.0,2.0,370759.0,368039.0,wc
787,373079,371079,1240.0,920.0,2320.0,1.0,374319.0,371999.0,wc
788,377079,375079,1120.0,1120.0,2000.0,5.0,378199.0,376199.0,wc
789,381079,379079,600.0,680.0,1920.0,5.0,381679.0,379759.0,wc
790,385079,383079,1240.0,600.0,2640.0,5.0,386319.0,383679.0,wc
791,389079,387079,640.0,1000.0,1640.0,3.0,389719.0,388079.0,wc
792,393079,391079,960.0,840.0,2120.0,5.0,394039.0,391919.0,wc
793,397079,395079,280.0,1080.0,1200.0,4.0,397359.0,396159.0,wc
794,401079,399079,640.0,1200.0,1440.0,5.0,401719.0,400279.0,wc
795,405079,403079,280.0,880.0,1400.0,3.0,405359.0,403959.0,wc
796,409079,407079,200.0,800.0,1400.0,3.0,409279.0,407879.0,wc
797,413079,411079,440.0,880.0,1560.0,3.0,413519.0,411959.0,wc
798,417079,415079,920.0,960.0,1960.0,1.0,417999.0,416039.0,wc
799,421079,419079,640.0,800.0,1840.0,1.0,421719.0,419879.0,wc
800,425079,423079,1240.0,880.0,2360.0,2.0,426319.0,423959.0,wc
801,429079,427079,200.0,720.0,1480.0,2.0,429279.0,427799.0,wc
802,433079,431079,1120.0,1240.0,1880.0,4.0,434199.0,432319.0,wc
803,437079,435079,1400.0,1040.0,2360.0,1.0,438479.0,436119.0,wc
804,441079,439079,520.0,920.0,1600.0,5.0,441599.0,439999.0,wc
805,445079,443079,1320.0,1160.0,2160.0,2.0,446399.0,444239.0,wc
806,449079,447079,600.0,800.0,1800.0,2.0,449679.0,447879.0,wc
807,453079,451079,1760.0,840.0,2920.0,1.0,454839.0,451919.0,wc
808,457079,455079,1040.0,1080.0,1960.0,1.0,458119.0,456159.0,wc
809,461079,459079,2360.0,1240.0,3120.0,4.0,463439.0,460319.0,wc
810,465079,463079,2600.0,840.0,3760.0,1.0,467679.0,463919.0,wc
811,469079,467079,2560.0,960.0,3600.0,3.0,471639.0,468039.0,wc
812,473079,471079,6040.0,1480.0,6560.0,4.0,479119.0,472559.0,wc
813,477079,475079,2040.0,840.0,3200.0,5.0,479119.0,475919.0,wc
814,481079,479079,2240.0,1120.0,3120.0,5.0,483319.0,480199.0,wc
815,485079,483079,2600.0,1080.0,3520.0,2.0,487679.0,484159.0,wc
816,489079,487079,2240.0,720.0,3520.0,3.0,491319.0,487799.0,wc
817,493079,491079,1760.0,1080.0,2680.0,2.0,494839.0,492159.0,wc
818,497079,495079,880.0,1280.0,1600.0,4.0,497959.0,496359.0,wc
819,501079,499079,1160.0,400.0,2760.0,2.0,502239.0,499479.0,wc
820,505079,503079,640.0,680.0,1960.0,2.0,505719.0,503759.0,wc
821,509079,507079,1040.0,1080.0,1960.0,4.0,510119.0,508159.0,wc
822,513079,511079,1040.0,1240.0,1800.0,2.0,514119.0,512319.0,wc
823,517079,515079,560.0,880.0,1680.0,3.0,517639.0,515959.0,wc
824,521079,519079,920.0,1040.0,1880.0,3.0,521999.0,520119.0,wc
825,525079,523079,5640.0,1560.0,6080.0,4.0,530719.0,524639.0,wc
826,529079,527079,1640.0,37240.0,-33600.0,4.0,530719.0,564319.0,wc
827,533079,531079,5040.0,880.0,6160.0,1.0,538119.0,531959.0,wc
828,537079,535079,1040.0,16800.0,-13760.0,1.0,538119.0,551879.0,wc
829,541079,539079,440.0,1040.0,1400.0,2.0,541519.0,540119.0,wc
830,545079,543079,680.0,600.0,2080.0,2.0,545759.0,543679.0,wc
831,549079,547079,1280.0,920.0,2360.0,3.0,550359.0,547999.0,wc
832,553079,551079,1000.0,800.0,2200.0,1.0,554079.0,551879.0,wc
833,557079,555079,960.0,1800.0,1160.0,3.0,558039.0,556879.0,wc
834,561079,559079,520.0,880.0,1640.0,2.0,561599.0,559959.0,wc
835,565079,563079,1440.0,1200.0,2240.0,5.0,566519.0,564279.0,wc
836,569079,567079,440.0,1080.0,1360.0,2.0,569519.0,568159.0,wc
837,573079,571079,1000.0,1160.0,1840.0,1.0,574079.0,572239.0,wc
838,577079,575079,2280.0,1040.0,3240.0,5.0,579359.0,576119.0,wc
839,581079,579079,1600.0,1480.0,2120.0,4.0,582679.0,580559.0,wc
840,585079,583079,3000.0,1080.0,3920.0,4.0,588079.0,584159.0,wc
841,589079,587079,1080.0,1640.0,1440.0,5.0,590159.0,588719.0,wc
842,593079,591079,1280.0,920.0,2360.0,1.0,594359.0,591999.0,wc
843,597079,595079,1040.0,1040.0,2000.0,3.0,598119.0,596119.0,wc
844,601079,599079,2280.0,1080.0,3200.0,5.0,603359.0,600159.0,wc
845,605079,603079,2400.0,1600.0,2800.0,4.0,607479.0,604679.0,wc
846,9079,7079,1160.0,1200.0,1960.0,4.0,10239.0,8279.0,wm
847,13079,11079,640.0,880.0,1760.0,5.0,13719.0,11959.0,wm
848,17079,15079,8200.0,9600.0,600.0,4.0,25279.0,24679.0,wm
849,21079,19079,2200.0,3240.0,960.0,2.0,23279.0,22319.0,wm
850,25079,23079,200.0,1600.0,600.0,4.0,25279.0,24679.0,wm
851,29079,27079,400.0,1160.0,1240.0,1.0,29479.0,28239.0,wm
852,33079,31079,760.0,1200.0,1560.0,3.0,33839.0,32279.0,wm
853,37079,35079,720.0,1040.0,1680.0,3.0,37799.0,36119.0,wm
854,41079,39079,400.0,920.0,1480.0,3.0,41479.0,39999.0,wm
855,45079,43079,1520.0,1080.0,2440.0,3.0,46599.0,44159.0,wm
856,49079,47079,1920.0,1640.0,2280.0,2.0,50999.0,48719.0,wm
857,53079,51079,2480.0,1000.0,3480.0,5.0,55559.0,52079.0,wm
858,57079,55079,2320.0,1360.0,2960.0,3.0,59399.0,56439.0,wm
859,61079,59079,2840.0,1400.0,3440.0,4.0,63919.0,60479.0,wm
860,65079,63079,1400.0,3080.0,320.0,4.0,66479.0,66159.0,wm
861,69079,67079,640.0,1080.0,1560.0,3.0,69719.0,68159.0,wm
862,73079,71079,1160.0,2880.0,280.0,4.0,74239.0,73959.0,wm
863,77079,75079,1120.0,1160.0,1960.0,1.0,78199.0,76239.0,wm
864,81079,79079,2280.0,1600.0,2680.0,2.0,83359.0,80679.0,wm
865,85079,83079,3000.0,1480.0,3520.0,4.0,88079.0,84559.0,wm
866,89079,87079,3240.0,760.0,4480.0,3.0,92319.0,87839.0,wm
867,93079,91079,2400.0,13440.0,-9040.0,4.0,95479.0,104519.0,wm
868,97079,95079,2600.0,1560.0,3040.0,2.0,99679.0,96639.0,wm
869,101079,99079,760.0,1400.0,1360.0,1.0,101839.0,100479.0,wm
870,105079,103079,1760.0,1440.0,2320.0,4.0,106839.0,104519.0,wm
871,109079,107079,3960.0,1160.0,4800.0,5.0,113039.0,108239.0,wm
872,113079,111079,3560.0,1320.0,4240.0,4.0,116639.0,112399.0,wm
873,117079,115079,9360.0,1000.0,10360.0,4.0,126439.0,116079.0,wm
874,121079,119079,12680.0,1120.0,13560.0,1.0,133759.0,120199.0,wm
875,125079,123079,1520.0,1560.0,1960.0,3.0,126599.0,124639.0,wm
876,129079,127079,920.0,1160.0,1760.0,4.0,129999.0,128239.0,wm
877,133079,131079,680.0,1000.0,1680.0,1.0,133759.0,132079.0,wm
878,137079,135079,1360.0,1520.0,1840.0,2.0,138439.0,136599.0,wm
879,141079,139079,1200.0,1320.0,1880.0,5.0,142279.0,140399.0,wm
880,145079,143079,1080.0,960.0,2120.0,3.0,146159.0,144039.0,wm
881,149079,147079,1320.0,1520.0,1800.0,5.0,150399.0,148599.0,wm
882,153079,151079,440.0,2400.0,40.0,3.0,153519.0,153479.0,wm
883,157079,155079,1520.0,2200.0,1320.0,2.0,158599.0,157279.0,wm
884,161079,159079,560.0,1360.0,1200.0,1.0,161639.0,160439.0,wm
885,165079,163079,1360.0,1000.0,2360.0,5.0,166439.0,164079.0,wm
886,169079,167079,2280.0,1480.0,2800.0,4.0,171359.0,168559.0,wm
887,173079,171079,1920.0,1920.0,2000.0,5.0,174999.0,172999.0,wm
888,177079,175079,1560.0,1280.0,2280.0,3.0,178639.0,176359.0,wm
889,181079,179079,2360.0,1640.0,2720.0,2.0,183439.0,180719.0,wm
890,185079,183079,2400.0,2640.0,1760.0,1.0,187479.0,185719.0,wm
891,189079,187079,720.0,1160.0,1560.0,3.0,189799.0,188239.0,wm
892,193079,191079,520.0,1400.0,1120.0,1.0,193599.0,192479.0,wm
893,197079,195079,3400.0,880.0,4520.0,3.0,200479.0,195959.0,wm
894,201079,199079,4760.0,6600.0,160.0,3.0,205839.0,205679.0,wm
895,205079,203079,760.0,2600.0,160.0,3.0,205839.0,205679.0,wm
896,209079,207079,1960.0,1200.0,2760.0,4.0,211039.0,208279.0,wm
897,213079,211079,2320.0,920.0,3400.0,3.0,215399.0,211999.0,wm
898,217079,215079,520.0,2520.0,0.0,1.0,217599.0,217599.0,wm
899,221079,219079,20840.0,22440.0,400.0,1.0,241919.0,241519.0,wm
900,225079,223079,18760.0,20760.0,0.0,5.0,243839.0,243839.0,wm
901,229079,227079,1440.0,2600.0,840.0,4.0,230519.0,229679.0,wm
902,233079,231079,10760.0,1760.0,11000.0,3.0,243839.0,232839.0,wm
903,237079,235079,3200.0,4160.0,1040.0,4.0,240279.0,239239.0,wm
904,241079,239079,840.0,2440.0,400.0,1.0,241919.0,241519.0,wm
905,245079,243079,67520.0,760.0,68760.0,5.0,312599.0,243839.0,wm
906,249079,247079,3840.0,4480.0,1360.0,1.0,252919.0,251559.0,wm
907,253079,251079,19120.0,480.0,20640.0,1.0,272199.0,251559.0,wm
908,257079,255079,1640.0,1040.0,2600.0,2.0,258719.0,256119.0,wm
909,261079,259079,1320.0,1360.0,1960.0,2.0,262399.0,260439.0,wm
910,265079,263079,3160.0,2400.0,2760.0,3.0,268239.0,265479.0,wm
911,269079,267079,3120.0,3400.0,1720.0,1.0,272199.0,270479.0,wm
912,273079,271079,20720.0,22320.0,400.0,2.0,293799.0,293399.0,wm
913,277079,275079,1240.0,880.0,2360.0,1.0,278319.0,275959.0,wm
914,281079,279079,3400.0,1720.0,3680.0,4.0,284479.0,280799.0,wm
915,285079,283079,27520.0,29520.0,0.0,4.0,312599.0,312599.0,wm
916,289079,287079,680.0,1240.0,1440.0,1.0,289759.0,288319.0,wm
917,293079,291079,720.0,2320.0,400.0,2.0,293799.0,293399.0,wm
918,297079,295079,81120.0,83120.0,0.0,2.0,378199.0,378199.0,wm
919,301079,299079,8040.0,6720.0,3320.0,1.0,309119.0,305799.0,wm
920,305079,303079,7520.0,9520.0,0.0,4.0,312599.0,312599.0,wm
921,309079,307079,69120.0,71120.0,0.0,2.0,378199.0,378199.0,wm
922,313079,311079,40640.0,1520.0,41120.0,5.0,353719.0,312599.0,wm
923,317079,315079,15680.0,16800.0,880.0,3.0,332759.0,331879.0,wm
924,321079,319079,57120.0,59120.0,0.0,2.0,378199.0,378199.0,wm
925,325079,323079,1360.0,2680.0,680.0,4.0,326439.0,325759.0,wm
926,329079,327079,24640.0,25040.0,1600.0,5.0,353719.0,352119.0,wm
927,333079,331079,25280.0,800.0,26480.0,3.0,358359.0,331879.0,wm
928,337079,335079,,880.0,,1.0,,335959.0,wm
929,341079,339079,680.0,1320.0,1360.0,4.0,341759.0,340399.0,wm
930,345079,343079,8600.0,9040.0,1560.0,4.0,353679.0,352119.0,wm
931,349079,347079,4640.0,5040.0,1600.0,5.0,353719.0,352119.0,wm
932,353079,351079,640.0,1040.0,1600.0,5.0,353719.0,352119.0,wm
933,357079,355079,1280.0,2960.0,320.0,3.0,358359.0,358039.0,wm
934,361079,359079,640.0,2240.0,400.0,5.0,361719.0,361319.0,wm
935,365079,363079,5040.0,1280.0,5760.0,4.0,370119.0,364359.0,wm
936,369079,367079,1040.0,6240.0,-3200.0,4.0,370119.0,373319.0,wm
937,373079,371079,1520.0,1080.0,2440.0,3.0,374599.0,372159.0,wm
938,377079,375079,4120.0,5800.0,320.0,4.0,381199.0,380879.0,wm
939,381079,379079,160.0,1080.0,1080.0,5.0,381239.0,380159.0,wm
940,385079,383079,1360.0,2960.0,400.0,2.0,386439.0,386039.0,wm
941,389079,387079,42160.0,43960.0,200.0,2.0,431239.0,431039.0,wm
942,393079,391079,38480.0,39440.0,1040.0,5.0,431559.0,430519.0,wm
943,397079,395079,34160.0,35960.0,200.0,2.0,431239.0,431039.0,wm
944,401079,399079,200.0,2200.0,0.0,3.0,401279.0,401279.0,wm
945,405079,403079,26480.0,27440.0,1040.0,5.0,431559.0,430519.0,wm
946,409079,407079,22160.0,23960.0,200.0,2.0,431239.0,431039.0,wm
947,413079,411079,18480.0,19440.0,1040.0,5.0,431559.0,430519.0,wm
948,417079,415079,,,,1.0,,,wm
949,421079,419079,9840.0,11440.0,400.0,4.0,430919.0,430519.0,wm
950,425079,423079,6480.0,7440.0,1040.0,5.0,431559.0,430519.0,wm
951,429079,427079,6200.0,8200.0,0.0,3.0,435279.0,435279.0,wm
952,433079,431079,4840.0,6680.0,160.0,5.0,437919.0,437759.0,wm
953,437079,435079,7000.0,200.0,8800.0,3.0,444079.0,435279.0,wm
954,441079,439079,,840.0,,4.0,,439919.0,wm
955,9079,7079,1320.0,1560.0,1760.0,4.0,10399.0,8639.0,zt
956,13079,11079,160.0,840.0,1320.0,3.0,13239.0,11919.0,zt
957,17079,15079,520.0,760.0,1760.0,4.0,17599.0,15839.0,zt
958,21079,19079,1240.0,1080.0,2160.0,1.0,22319.0,20159.0,zt
959,25079,23079,1680.0,960.0,2720.0,3.0,26759.0,24039.0,zt
960,29079,27079,1720.0,920.0,2800.0,4.0,30799.0,27999.0,zt
961,33079,31079,1680.0,1080.0,2600.0,1.0,34759.0,32159.0,zt
962,37079,35079,1000.0,960.0,2040.0,5.0,38079.0,36039.0,zt
963,41079,39079,2600.0,1000.0,3600.0,4.0,43679.0,40079.0,zt
964,45079,43079,2560.0,1560.0,3000.0,5.0,47639.0,44639.0,zt
965,49079,47079,5200.0,1480.0,5720.0,2.0,54279.0,48559.0,zt
966,53079,51079,1200.0,4840.0,-1640.0,2.0,54279.0,55919.0,zt
967,57079,55079,1440.0,840.0,2600.0,2.0,58519.0,55919.0,zt
968,61079,59079,1080.0,960.0,2120.0,5.0,62159.0,60039.0,zt
969,65079,63079,2720.0,760.0,3960.0,5.0,67799.0,63839.0,zt
970,69079,67079,2120.0,1480.0,2640.0,1.0,71199.0,68559.0,zt
971,73079,71079,2760.0,1320.0,3440.0,2.0,75839.0,72399.0,zt
972,77079,75079,2960.0,1680.0,3280.0,3.0,80039.0,76759.0,zt
973,81079,79079,2520.0,1840.0,2680.0,2.0,83599.0,80919.0,zt
974,85079,83079,960.0,1640.0,1320.0,3.0,86039.0,84719.0,zt
975,89079,87079,680.0,920.0,1760.0,3.0,89759.0,87999.0,zt
976,93079,91079,720.0,1200.0,1520.0,4.0,93799.0,92279.0,zt
977,97079,95079,880.0,720.0,2160.0,5.0,97959.0,95799.0,zt
978,101079,99079,1600.0,1000.0,2600.0,3.0,102679.0,100079.0,zt
979,105079,103079,1880.0,840.0,3040.0,3.0,106959.0,103919.0,zt
980,109079,107079,10000.0,11280.0,720.0,4.0,119079.0,118359.0,zt
981,113079,111079,1120.0,1080.0,2040.0,3.0,114199.0,112159.0,zt
982,117079,115079,2040.0,800.0,3240.0,5.0,119119.0,115879.0,zt
983,121079,119079,1280.0,1200.0,2080.0,4.0,122359.0,120279.0,zt
984,125079,123079,1520.0,880.0,2640.0,3.0,126599.0,123959.0,zt
985,129079,127079,1720.0,960.0,2760.0,4.0,130799.0,128039.0,zt
986,133079,131079,1360.0,920.0,2440.0,4.0,134439.0,131999.0,zt
987,137079,135079,520.0,760.0,1760.0,5.0,137599.0,135839.0,zt
988,141079,139079,1520.0,1000.0,2520.0,3.0,142599.0,140079.0,zt
989,145079,143079,2280.0,880.0,3400.0,1.0,147359.0,143959.0,zt
990,149079,147079,1360.0,1160.0,2200.0,2.0,150439.0,148239.0,zt
991,153079,151079,1360.0,800.0,2560.0,5.0,154439.0,151879.0,zt
992,157079,155079,960.0,880.0,2080.0,3.0,158039.0,155959.0,zt
993,161079,159079,1680.0,1080.0,2600.0,1.0,162759.0,160159.0,zt
994,165079,163079,880.0,760.0,2120.0,2.0,165959.0,163839.0,zt
995,169079,167079,2480.0,800.0,3680.0,3.0,171559.0,167879.0,zt
996,173079,171079,560.0,1320.0,1240.0,4.0,173639.0,172399.0,zt
997,177079,175079,1280.0,760.0,2520.0,4.0,178359.0,175839.0,zt
998,181079,179079,1120.0,880.0,2240.0,3.0,182199.0,179959.0,zt
999,185079,183079,920.0,1080.0,1840.0,3.0,185999.0,184159.0,zt
1000,189079,187079,2320.0,920.0,3400.0,2.0,191399.0,187999.0,zt
1001,193079,191079,440.0,1000.0,1440.0,5.0,193519.0,192079.0,zt
1002,197079,195079,1080.0,880.0,2200.0,1.0,198159.0,195959.0,zt
1003,201079,199079,1160.0,960.0,2200.0,3.0,202239.0,200039.0,zt
1004,205079,203079,1360.0,920.0,2440.0,1.0,206439.0,203999.0,zt
1005,209079,207079,1440.0,800.0,2640.0,2.0,210519.0,207879.0,zt
1006,213079,211079,1240.0,1240.0,2000.0,3.0,214319.0,212319.0,zt
1007,217079,215079,1960.0,840.0,3120.0,3.0,219039.0,215919.0,zt
1008,221079,219079,2240.0,1120.0,3120.0,5.0,223319.0,220199.0,zt
1009,225079,223079,1600.0,1040.0,2560.0,2.0,226679.0,224119.0,zt
1010,229079,227079,2080.0,720.0,3360.0,4.0,231159.0,227799.0,zt
1011,233079,231079,1760.0,1040.0,2720.0,1.0,234839.0,232119.0,zt
1012,237079,235079,1960.0,1240.0,2720.0,3.0,239039.0,236319.0,zt
1013,241079,239079,2480.0,1640.0,2840.0,5.0,243559.0,240719.0,zt
1014,245079,243079,1320.0,1120.0,2200.0,1.0,246399.0,244199.0,zt
1015,249079,247079,1800.0,600.0,3200.0,2.0,250879.0,247679.0,zt
1016,253079,251079,1880.0,680.0,3200.0,5.0,254959.0,251759.0,zt
1017,257079,255079,520.0,800.0,1720.0,1.0,257599.0,255879.0,zt
1018,261079,259079,2720.0,800.0,3920.0,3.0,263799.0,259879.0,zt
1019,265079,263079,4720.0,1440.0,5280.0,2.0,269799.0,264519.0,zt
1020,269079,267079,720.0,8760.0,-6040.0,2.0,269799.0,275839.0,zt
1021,273079,271079,880.0,1080.0,1800.0,5.0,273959.0,272159.0,zt
1022,277079,275079,440.0,760.0,1680.0,2.0,277519.0,275839.0,zt
1023,281079,279079,1080.0,680.0,2400.0,5.0,282159.0,279759.0,zt
1024,285079,283079,1040.0,1000.0,2040.0,4.0,286119.0,284079.0,zt
1025,289079,287079,2440.0,600.0,3840.0,2.0,291519.0,287679.0,zt
1026,293079,291079,2360.0,1120.0,3240.0,1.0,295439.0,292199.0,zt
1027,297079,295079,2640.0,920.0,3720.0,5.0,299719.0,295999.0,zt
1028,301079,299079,2480.0,1200.0,3280.0,1.0,303559.0,300279.0,zt
1029,305079,303079,2840.0,1160.0,3680.0,4.0,307919.0,304239.0,zt
1030,309079,307079,2720.0,1280.0,3440.0,1.0,311799.0,308359.0,zt
1031,313079,311079,600.0,880.0,1720.0,3.0,313679.0,311959.0,zt
1032,317079,315079,400.0,760.0,1640.0,5.0,317479.0,315839.0,zt
1033,321079,319079,1840.0,720.0,3120.0,2.0,322919.0,319799.0,zt
1034,325079,323079,1880.0,840.0,3040.0,5.0,326959.0,323919.0,zt
1035,329079,327079,1360.0,13920.0,-10560.0,4.0,330439.0,340999.0,zt
1036,333079,331079,1800.0,760.0,3040.0,2.0,334879.0,331839.0,zt
1037,337079,335079,440.0,720.0,1720.0,5.0,337519.0,335799.0,zt
1038,341079,339079,640.0,880.0,1760.0,3.0,341719.0,339959.0,zt
1039,345079,343079,5440.0,920.0,6520.0,3.0,350519.0,343999.0,zt
1040,349079,347079,1440.0,20800.0,-17360.0,3.0,350519.0,367879.0,zt
1041,353079,351079,2400.0,760.0,3640.0,5.0,355479.0,351839.0,zt
1042,357079,355079,2160.0,1440.0,2720.0,5.0,359239.0,356519.0,zt
1043,361079,359079,2280.0,1040.0,3240.0,1.0,363359.0,360119.0,zt
1044,365079,363079,2280.0,1480.0,2800.0,4.0,367359.0,364559.0,zt
1045,369079,367079,960.0,800.0,2160.0,3.0,370039.0,367879.0,zt
1046,373079,371079,1360.0,840.0,2520.0,5.0,374439.0,371919.0,zt
1047,377079,375079,1880.0,560.0,3320.0,2.0,378959.0,375639.0,zt
1048,381079,379079,1480.0,840.0,2640.0,1.0,382559.0,379919.0,zt
1049,385079,383079,1600.0,560.0,3040.0,5.0,386679.0,383639.0,zt
1050,389079,387079,2600.0,720.0,3880.0,2.0,391679.0,387799.0,zt
1051,393079,391079,1080.0,1080.0,2000.0,1.0,394159.0,392159.0,zt
1052,397079,395079,2560.0,1120.0,3440.0,4.0,399639.0,396199.0,zt
1053,401079,399079,2440.0,1120.0,3320.0,1.0,403519.0,400199.0,zt
1054,405079,403079,1440.0,2160.0,1280.0,3.0,406519.0,405239.0,zt
1055,409079,407079,2280.0,880.0,3400.0,4.0,411359.0,407959.0,zt
1056,413079,411079,2040.0,840.0,3200.0,1.0,415119.0,411919.0,zt
1057,417079,415079,5480.0,1040.0,6440.0,4.0,422559.0,416119.0,zt
1058,421079,419079,1480.0,8800.0,-5320.0,4.0,422559.0,427879.0,zt
1059,425079,423079,1240.0,720.0,2520.0,2.0,426319.0,423799.0,zt
1060,429079,427079,320.0,800.0,1520.0,4.0,429399.0,427879.0,zt
1061,433079,431079,2400.0,720.0,3680.0,1.0,435479.0,431799.0,zt
1062,437079,435079,1480.0,1160.0,2320.0,4.0,438559.0,436239.0,zt
1063,441079,439079,2160.0,800.0,3360.0,2.0,443239.0,439879.0,zt
1064,445079,443079,1840.0,1000.0,2840.0,1.0,446919.0,444079.0,zt
1065,449079,447079,480.0,880.0,1600.0,1.0,449559.0,447959.0,zt
1066,453079,451079,960.0,760.0,2200.0,1.0,454039.0,451839.0,zt
1067,457079,455079,1760.0,1000.0,2760.0,4.0,458839.0,456079.0,zt
1068,461079,459079,480.0,680.0,1800.0,2.0,461559.0,459759.0,zt
1069,465079,463079,1480.0,720.0,2760.0,5.0,466559.0,463799.0,zt
1070,469079,467079,1120.0,760.0,2360.0,3.0,470199.0,467839.0,zt
1071,473079,471079,2200.0,1120.0,3080.0,2.0,475279.0,472199.0,zt
1072,477079,475079,2360.0,920.0,3440.0,3.0,479439.0,475999.0,zt
1073,481079,479079,920.0,880.0,2040.0,5.0,481999.0,479959.0,zt
1074,485079,483079,680.0,720.0,1960.0,5.0,485759.0,483799.0,zt
1075,489079,487079,1680.0,760.0,2920.0,4.0,490759.0,487839.0,zt
1076,493079,491079,1000.0,1040.0,1960.0,4.0,494079.0,492119.0,zt
1077,497079,495079,800.0,720.0,2080.0,4.0,497879.0,495799.0,zt
1078,501079,499079,4720.0,840.0,5880.0,1.0,505799.0,499919.0,zt
1079,505079,503079,720.0,13240.0,-10520.0,1.0,505799.0,516319.0,zt
1080,509079,507079,1920.0,720.0,3200.0,2.0,510999.0,507799.0,zt
1081,513079,511079,1040.0,960.0,2080.0,2.0,514119.0,512039.0,zt
1082,517079,515079,840.0,1240.0,1600.0,1.0,517919.0,516319.0,zt
1083,521079,519079,920.0,920.0,2000.0,2.0,521999.0,519999.0,zt
1084,525079,523079,4440.0,720.0,5720.0,5.0,529519.0,523799.0,zt
1085,529079,527079,440.0,37200.0,-34760.0,5.0,529519.0,564279.0,zt
1086,533079,531079,2360.0,720.0,3640.0,1.0,535439.0,531799.0,zt
1087,537079,535079,1880.0,1400.0,2480.0,4.0,538959.0,536479.0,zt
1088,541079,539079,1360.0,1080.0,2280.0,4.0,542439.0,540159.0,zt
1089,545079,543079,2920.0,840.0,4080.0,2.0,547999.0,543919.0,zt
1090,549079,547079,2320.0,1000.0,3320.0,1.0,551399.0,548079.0,zt
1091,553079,551079,2560.0,1280.0,3280.0,3.0,555639.0,552359.0,zt
1092,557079,555079,1520.0,1160.0,2360.0,1.0,558599.0,556239.0,zt
1093,561079,559079,2560.0,1120.0,3440.0,3.0,563639.0,560199.0,zt
1094,565079,563079,6560.0,1200.0,7360.0,5.0,571639.0,564279.0,zt
1095,569079,567079,2560.0,17160.0,-12600.0,5.0,571639.0,584239.0,zt
1096,573079,571079,4520.0,1680.0,4840.0,3.0,577599.0,572759.0,zt
1097,577079,575079,10480.0,80.0,12400.0,4.0,587559.0,575159.0,zt
1098,581079,579079,2800.0,1240.0,3560.0,2.0,583879.0,580319.0,zt
1099,585079,583079,2640.0,1160.0,3480.0,5.0,587719.0,584239.0,zt
1100,589079,587079,6480.0,1040.0,7440.0,2.0,595559.0,588119.0,zt
1101,593079,591079,2480.0,9040.0,-4560.0,2.0,595559.0,600119.0,zt
1102,597079,595079,1400.0,1040.0,2360.0,1.0,598479.0,596119.0,zt
1103,601079,599079,1640.0,880.0,2760.0,4.0,602719.0,599959.0,zt
1104,605079,603079,1680.0,920.0,2760.0,1.0,606759.0,603999.0,zt
