,end_time,start_time,rdsym_elec18,rdsym_elec24,rdsym_elec32,rdsym_elec26,rdsym_elec27,rdsym_elec33,rdsym_elec17,rdsym_elec25,rdsym_elec1,rdsym_elec10,rdsym_elec2,rdsym_elec9,rdsym_elec11,rdsym_elec12,rdsym_elec13,rdsym_elec14,rdsym_elec15,rdsym_elec19,rdsym_elec20,rdsym_elec21,rdsym_elec22,rdsym_elec23,rdsym_elec28,rdsym_elec29,rdsym_elec3,rdsym_elec30,rdsym_elec31,rdsym_elec34,rdsym_elec35,rdsym_elec36,rdsym_elec37,rdsym_elec4,rdsym_elec5,rdsym_elec6,rdsym_elec7,rdsym_elec0,rdsym_elec16,rdsym_elec8
0,10239.0,8279.0,-1.0731707317073171,-0.2857142857142857,-2.323529411764706,1.8157894736842106,3.0833333333333335,2.1842105263157894,-5.717948717948718,-3.6666666666666665,-0.4878048780487805,0.9047619047619048,1.9210526315789473,3.738095238095238,2.41025641025641,1.3783783783783783,0.4594594594594595,-7.774193548387097,-2.2903225806451615,2.2222222222222223,-2.5135135135135136,-2.7142857142857144,-2.5428571428571427,6.571428571428571,2.8378378378378377,1.3783783783783783,-2.6216216216216215,-3.861111111111111,3.9166666666666665,1.6097560975609757,5.142857142857143,5.5,3.2162162162162162,7.805555555555555,0.7567567567567568,-1.864864864864865,1.7837837837837838,-2.261904761904762,0.7,-4.425
1,13719.0,11959.0,-6.588235294117647,4.575757575757576,1.935483870967742,-7.676470588235294,2.5588235294117645,1.6111111111111112,2.0833333333333335,3.225806451612903,-1.5757575757575757,-2.864864864864865,0.5833333333333334,-3.5277777777777777,4.121212121212121,1.8,-3.5625,-3.896551724137931,-5.035714285714286,1.2424242424242424,2.21875,-2.6,-1.9090909090909092,0.35294117647058826,1.411764705882353,0.8235294117647058,1.394736842105263,-1.3333333333333333,7.166666666666667,6.242424242424242,0.1935483870967742,-3.1333333333333333,8.068965517241379,-2.96875,2.4375,1.5,-2.4285714285714284,0.28125,-3.1142857142857143,2.0
2,25279.0,24679.0,3.75,0.42857142857142855,-0.09090909090909091,5.0,-9.5,-5.363636363636363,-5.5,-1.5,-2.1538461538461537,0.9166666666666666,-1.5384615384615385,-6.846153846153846,-3.230769230769231,-12.636363636363637,-0.3076923076923077,-5.545454545454546,-1.75,4.7,6.230769230769231,1.6363636363636365,-23.555555555555557,12.0,-1.3076923076923077,15.1,-2.909090909090909,-0.09090909090909091,-2.1538461538461537,2.4545454545454546,9.545454545454545,0.5454545454545454,8.909090909090908,18.166666666666668,-7.75,-8.818181818181818,1.5,-1.3636363636363635,-3.3846153846153846,-3.5384615384615383
3,23279.0,22319.0,-2.3684210526315788,-11.875,-2.0,-8.470588235294118,0.058823529411764705,-0.2631578947368421,-5.421052631578948,-2.7058823529411766,3.8,-8.15,-3.142857142857143,-7.684210526315789,-10.647058823529411,-8.333333333333334,-11.333333333333334,-5.4,3.35,-1.3529411764705883,-14.722222222222221,0.9,4.368421052631579,3.4444444444444446,-3.875,-0.10526315789473684,-8.88888888888889,-2.6842105263157894,5.95,0.631578947368421,0.8095238095238095,1.45,0.3684210526315789,-1.05,-9.65,-8.052631578947368,-9.266666666666667,-2.2,-7.722222222222222,0.3
4,25279.0,24679.0,3.75,0.42857142857142855,-0.09090909090909091,5.0,-9.5,-5.363636363636363,-5.5,-1.5,-2.1538461538461537,0.9166666666666666,-1.5384615384615385,-6.846153846153846,-3.230769230769231,-12.636363636363637,-0.3076923076923077,-5.545454545454546,-1.75,4.7,6.230769230769231,1.6363636363636365,-23.555555555555557,12.0,-1.3076923076923077,15.1,-2.909090909090909,-0.09090909090909091,-2.1538461538461537,2.4545454545454546,9.545454545454545,0.5454545454545454,8.909090909090908,18.166666666666668,-7.75,-8.818181818181818,1.5,-1.3636363636363635,-3.3846153846153846,-3.5384615384615383
5,29479.0,28239.0,3.9583333333333335,5.809523809523809,-2.238095238095238,0.17391304347826086,-1.84,2.1153846153846154,4.260869565217392,3.9130434782608696,5.0,-3.0,-4.375,-5.869565217391305,-1.4,4.260869565217392,8.75,5.095238095238095,4.045454545454546,-0.08333333333333333,6.75,-1.1818181818181819,0.75,17.736842105263158,-4.521739130434782,1.5714285714285714,-5.666666666666667,-0.13636363636363635,8.285714285714286,1.0416666666666667,-0.20833333333333334,7.583333333333333,4.708333333333333,0.35,4.681818181818182,3.909090909090909,1.2380952380952381,-3.217391304347826,5.6521739130434785,4.130434782608695
6,33839.0,32279.0,-3.3870967741935485,3.032258064516129,2.5517241379310347,-0.7407407407407407,-2.125,3.4074074074074074,-0.27586206896551724,4.75,0.09375,-0.1935483870967742,-4.645161290322581,-2.242424242424242,-8.0,2.7857142857142856,-3.1538461538461537,-1.5714285714285714,-7.758620689655173,-4.172413793103448,0.0,1.7096774193548387,4.230769230769231,2.5,-0.3333333333333333,1.8928571428571428,-0.16666666666666666,3.2666666666666666,-1.1111111111111112,7.033333333333333,7.866666666666666,7.115384615384615,2.9,11.407407407407407,0.5517241379310345,-8.72,-10.23076923076923,1.032258064516129,1.3928571428571428,-1.206896551724138
7,37799.0,36119.0,1.0909090909090908,8.655172413793103,5.516129032258065,-6.606060606060606,-3.4242424242424243,-0.6666666666666666,0.3939393939393939,-2.4444444444444446,-0.9032258064516129,-2.0,-2.515151515151515,3.5714285714285716,-5.818181818181818,2.515151515151515,-1.4375,-2.193548387096774,-4.5,-1.6451612903225807,1.5714285714285714,-7.862068965517241,-5.967741935483871,-6.724137931034483,6.28125,-3.125,-2.6,-3.9642857142857144,2.90625,-3.3448275862068964,2.903225806451613,2.4444444444444446,1.4137931034482758,2.9696969696969697,3.925925925925926,-3.6,-7.5,-1.7241379310344827,6.0,1.7
8,41479.0,39999.0,-2.8214285714285716,4.814814814814815,9.72,-0.6363636363636364,0.8,5.214285714285714,-0.7666666666666667,7.3076923076923075,-0.2413793103448276,-1.1923076923076923,-0.28,-0.5714285714285714,-0.24,-14.125,-5.923076923076923,-7.107142857142857,1.1481481481481481,0.04,-1.3333333333333333,-12.5,-15.76923076923077,1.8518518518518519,-3.6666666666666665,-3.0,-0.25,9.222222222222221,2.8620689655172415,-0.6875,0.8518518518518519,6.666666666666667,-0.6428571428571429,6.230769230769231,-5.68,-2.8214285714285716,4.111111111111111,0.13333333333333333,-4.148148148148148,0.38461538461538464
9,46599.0,44159.0,1.8541666666666667,4.909090909090909,-6.488372093023256,-1.75,-2.4444444444444446,-1.5434782608695652,-3.2222222222222223,-2.425531914893617,-1.7391304347826086,-0.5490196078431373,0.32608695652173914,-3.0,0.3404255319148936,5.977777777777778,-2.8421052631578947,1.875,2.813953488372093,-2.6,-2.6818181818181817,-8.30952380952381,-1.975609756097561,-1.3333333333333333,-0.45454545454545453,-2.8333333333333335,-3.148936170212766,1.0,2.0,3.16,1.8478260869565217,0.7727272727272727,1.0222222222222221,3.977777777777778,-2.0,-4.918918918918919,0.42105263157894735,-0.10638297872340426,-3.6,-2.7555555555555555
10,50999.0,48719.0,2.3260869565217392,-1.225,-0.75,0.5227272727272727,-0.24444444444444444,-1.7391304347826086,-1.813953488372093,-1.5238095238095237,-0.4791666666666667,-0.5531914893617021,-3.2790697674418605,2.0,-1.119047619047619,-6.2,-3.5,0.2894736842105263,-2.5405405405405403,2.55,0.06976744186046512,1.45,4.0476190476190474,2.2051282051282053,-1.7209302325581395,-0.7111111111111111,-2.5454545454545454,1.4318181818181819,-1.1666666666666667,3.590909090909091,-6.204545454545454,-3.4,-0.4888888888888889,-2.048780487804878,-2.076923076923077,0.8780487804878049,-4.071428571428571,-0.18604651162790697,1.5365853658536586,0.7906976744186046
11,55559.0,52079.0,-1.3333333333333333,-1.9661016949152543,0.7580645161290323,1.4492753623188406,-4.521739130434782,1.0422535211267605,0.014705882352941176,3.8309859154929575,-1.380281690140845,1.2941176470588236,-1.0289855072463767,0.9672131147540983,-0.1791044776119403,2.1016949152542375,0.288135593220339,2.5833333333333335,-1.9649122807017543,-4.914285714285715,2.7777777777777777,0.8307692307692308,-0.4918032786885246,-0.2903225806451613,3.3661971830985915,-3.2063492063492065,-4.2388059701492535,3.5081967213114753,-1.7586206896551724,3.4603174603174605,-0.16393442622950818,-5.589285714285714,-1.28125,0.4426229508196721,2.838709677419355,-3.203125,-2.9516129032258065,-1.8615384615384616,-2.142857142857143,1.4
12,59399.0,56439.0,0.7166666666666667,-2.98,-4.6,-0.5666666666666667,-2.5357142857142856,-1.2678571428571428,-3.2363636363636363,0.543859649122807,-3.230769230769231,-2.3333333333333335,1.0377358490566038,-0.6153846153846154,0.8627450980392157,-0.74,-3.0784313725490198,-1.98,-6.206896551724138,-2.018181818181818,-2.5714285714285716,-3.450980392156863,-1.511111111111111,1.446808510638298,-1.7551020408163265,-8.28888888888889,3.36,0.7692307692307693,2.017857142857143,-0.8363636363636363,-2.98,-5.392156862745098,-0.9821428571428571,3.577777777777778,-2.290909090909091,-0.8723404255319149,-3.3043478260869565,-0.6666666666666666,-2.98,-3.5294117647058822
13,63919.0,60479.0,0.37681159420289856,-2.694915254237288,0.9152542372881356,-1.3880597014925373,-4.403225806451613,4.8307692307692305,-4.26984126984127,-0.5230769230769231,-3.1470588235294117,-3.626865671641791,-6.95,2.5846153846153848,-1.3,-1.6833333333333333,-2.694915254237288,-0.5254237288135594,-7.7,1.0,-2.753846153846154,3.5846153846153848,2.80327868852459,2.69811320754717,-2.0714285714285716,1.5964912280701755,-3.7049180327868854,6.546875,5.245901639344262,-1.3442622950819672,-0.01639344262295082,2.3728813559322033,1.1904761904761905,-0.4444444444444444,-1.55,-3.8,-3.5,-2.265625,0.9523809523809523,1.5161290322580645
14,66479.0,66159.0,1.6666666666666667,-13.4,-36.333333333333336,-5.333333333333333,-3.1666666666666665,0.8,-5.166666666666667,-1.8333333333333333,-12.714285714285714,1.0,1.2,-14.5,7.5,29.0,26.25,16.8,-6.833333333333333,-1.8,15.0,5.0,34.4,9.5,-0.8,-1.4,4.166666666666667,-5.8,18.8,0.6666666666666666,-1.8333333333333333,22.333333333333332,5.666666666666667,1.75,4.8,35.0,23.4,-5.166666666666667,-24.571428571428573,-3.0
15,69719.0,68159.0,3.9,0.0,1.1724137931034482,-4.09375,2.176470588235294,1.375,1.6666666666666667,0.7714285714285715,-1.4838709677419355,-0.96875,6.275862068965517,4.0,1.2758620689655173,2.3548387096774195,2.185185185185185,8.310344827586206,1.0344827586206897,-1.4444444444444444,0.41379310344827586,4.766666666666667,8.148148148148149,-4.607142857142857,-3.8518518518518516,1.5769230769230769,-4.068965517241379,3.413793103448276,-0.26666666666666666,3.3666666666666667,-1.4166666666666667,7.0,-0.6923076923076923,2.923076923076923,10.035714285714286,3.9655172413793105,-3.4074074074074074,3.5925925925925926,0.034482758620689655,2.0
16,74239.0,73959.0,3.6666666666666665,-2.0,-4.75,9.166666666666666,-2.2857142857142856,-4.2,-3.2857142857142856,18.25,5.0,-3.6666666666666665,-9.2,17.2,4.4,2.0,6.2,-28.75,-5.333333333333333,3.8,-5.0,1.25,-19.25,-6.0,4.833333333333333,-10.0,6.6,-5.75,-8.2,-9.2,-16.4,-12.4,6.5,-6.8,-3.0,-7.0,-0.2,1.6,16.0,11.5
17,78199.0,76239.0,-3.4473684210526314,-6.878787878787879,7.794117647058823,-1.4523809523809523,-1.5897435897435896,-5.425,-0.23684210526315788,-0.5,-3.5135135135135136,-1.9411764705882353,-3.4545454545454546,1.5,0.78125,-0.6666666666666666,-0.15384615384615385,-0.5333333333333333,-1.1428571428571428,-0.11428571428571428,-2.2222222222222223,1.736842105263158,-1.5142857142857142,2.0,0.3,-1.2857142857142858,-7.606060606060606,-2.1052631578947367,-0.30303030303030304,-1.3513513513513513,-0.21951219512195122,-5.0,-0.2571428571428571,-5.529411764705882,-4.823529411764706,-0.6,-0.7272727272727273,4.0256410256410255,-7.944444444444445,-2.4054054054054053
18,83359.0,80679.0,0.20754716981132076,1.0204081632653061,0.5833333333333334,-0.4528301886792453,2.8214285714285716,-0.7659574468085106,2.1153846153846154,1.9814814814814814,2.2857142857142856,3.547169811320755,1.2407407407407407,-0.6666666666666666,-0.19607843137254902,2.0961538461538463,1.6808510638297873,0.5925925925925926,0.58,2.7,-2.276595744680851,0.32653061224489793,2.0625,-2.8222222222222224,3.4339622641509435,-0.9111111111111111,-0.37735849056603776,1.3478260869565217,-2.6382978723404253,-0.21153846153846154,1.9411764705882353,0.1956521739130435,4.020408163265306,-0.32608695652173914,2.2666666666666666,-4.0638297872340425,-1.375,-0.3829787234042553,-1.4705882352941178,3.760869565217391
19,88079.0,84559.0,-1.2266666666666666,-3.5625,0.39344262295081966,-1.4342105263157894,0.5147058823529411,0.0,1.0266666666666666,-2.739130434782609,2.253731343283582,-3.608695652173913,-3.7246376811594204,-2.095890410958904,0.35294117647058826,0.9242424242424242,-2.5806451612903225,-2.4285714285714284,-1.421875,-1.3676470588235294,-2.1587301587301586,-2.0,-3.4285714285714284,-1.3559322033898304,2.0869565217391304,-5.924242424242424,-2.9692307692307693,-3.0303030303030303,-4.378787878787879,-1.6911764705882353,6.322033898305085,-3.0806451612903225,3.6417910447761193,-1.6721311475409837,-1.8135593220338984,-4.032786885245901,-3.389830508474576,-0.1095890410958904,-3.0,-2.532258064516129
20,92319.0,87839.0,-0.43010752688172044,-2.674698795180723,-0.9873417721518988,1.651685393258427,-1.0114942528735633,1.0337078651685394,0.8160919540229885,1.0449438202247192,1.9425287356321839,-0.6630434782608695,0.5609756097560976,-2.630434782608696,0.32926829268292684,0.76,1.6153846153846154,0.4050632911392405,-3.4050632911392404,-2.3132530120481927,0.6410256410256411,-0.23809523809523808,-4.636363636363637,-0.1038961038961039,-2.876543209876543,-1.1219512195121952,-5.85,-2.6341463414634148,0.08536585365853659,0.4939759036144578,-1.5128205128205128,-1.75,-1.1204819277108433,0.0,2.506666666666667,-0.4810126582278481,-2.717948717948718,-0.7906976744186046,-3.1785714285714284,-2.602409638554217
21,95479.0,104519.0,0.0,0.0,0.0,0.0,0.0,0.0,0.0,0.0,0.0,0.0,0.0,0.0,0.0,0.0,0.0,0.0,0.0,0.0,0.0,0.0,0.0,0.0,0.0,0.0,0.0,0.0,0.0,0.0,0.0,0.0,0.0,0.0,0.0,0.0,0.0,0.0,0.0,0.0
22,99679.0,96639.0,-3.0,-0.45454545454545453,-1.98,2.365079365079365,-0.5,1.3220338983050848,-0.7,-2.9206349206349205,-4.311475409836065,3.603448275862069,3.0892857142857144,-0.3620689655172414,-0.20408163265306123,2.8461538461538463,-0.08163265306122448,2.66,4.25,0.40384615384615385,-4.471698113207547,-0.018867924528301886,-1.3137254901960784,0.3148148148148148,2.6666666666666665,0.25,-0.5862068965517241,-0.6271186440677966,-0.17307692307692307,1.8431372549019607,-1.3392857142857142,-0.46153846153846156,1.169811320754717,3.4705882352941178,-0.8035714285714286,-3.7241379310344827,0.8431372549019608,-0.6206896551724138,0.9821428571428571,-3.660377358490566
23,101839.0,100479.0,0.8275862068965517,-0.13636363636363635,1.9565217391304348,-1.606060606060606,-5.266666666666667,-0.6153846153846154,-1.7241379310344827,4.407407407407407,-1.8333333333333333,-3.5517241379310347,0.42857142857142855,-2.9615384615384617,3.5652173913043477,-1.826086956521739,0.7916666666666666,-0.5217391304347826,-0.43478260869565216,-2.04,-2.5,5.833333333333333,6.538461538461538,-1.6538461538461537,-6.178571428571429,1.68,2.0833333333333335,5.48,-1.6071428571428572,3.3448275862068964,-0.32,-1.2,0.6086956521739131,1.2727272727272727,6.25,-0.72,2.6956521739130435,-5.115384615384615,-2.4545454545454546,-2.25
24,106839.0,104519.0,0.6818181818181818,-6.17948717948718,-1.2894736842105263,0.1702127659574468,-4.9523809523809526,-4.5227272727272725,-3.261904761904762,-0.8,-4.155555555555556,-0.8095238095238095,-0.425,-3.3095238095238093,1.6666666666666667,-3.8292682926829267,-0.5405405405405406,-5.372093023255814,0.8648648648648649,-1.8048780487804879,-2.3846153846153846,3.86046511627907,-0.47619047619047616,1.3181818181818181,1.441860465116279,-3.9743589743589745,-1.4772727272727273,-4.7272727272727275,3.488372093023256,2.6444444444444444,-2.6363636363636362,-3.871794871794872,-1.05,-1.435897435897436,0.4473684210526316,-0.6578947368421053,2.4871794871794872,-2.8043478260869565,-6.6,-2.8
25,113039.0,108239.0,-1.9574468085106382,2.6315789473684212,4.428571428571429,-1.202127659574468,0.39805825242718446,2.2795698924731185,-1.3297872340425532,-3.0,-1.7263157894736842,-1.326086956521739,-1.1797752808988764,0.4090909090909091,-3.6049382716049383,0.14772727272727273,-1.9069767441860466,-2.823529411764706,2.546511627906977,0.2777777777777778,-3.4431818181818183,-0.5308641975308642,-3.817073170731707,-0.425,0.4,-0.5679012345679012,0.42045454545454547,0.47674418604651164,2.1136363636363638,-0.15384615384615385,3.271604938271605,0.7906976744186046,-0.5057471264367817,-0.6049382716049383,3.011764705882353,1.7951807228915662,0.8505747126436781,-3.1666666666666665,-3.2705882352941176,3.160919540229885
26,116639.0,112399.0,-1.619047619047619,-1.9857142857142858,3.3636363636363638,3.691358024691358,-1.7608695652173914,1.25,0.9024390243902439,-1.4050632911392404,-0.41975308641975306,-0.5316455696202531,0.8421052631578947,-2.3766233766233764,-1.3529411764705883,-0.04411764705882353,-3.6857142857142855,-1.8205128205128205,2.2837837837837838,-0.3625,-1.8831168831168832,1.452054794520548,1.3513513513513513,4.6911764705882355,0.961038961038961,-1.7826086956521738,-0.5138888888888888,7.226666666666667,2.5616438356164384,-2.9324324324324325,-0.8,-0.30434782608695654,1.0843373493975903,1.7121212121212122,1.5833333333333333,-2.3472222222222223,-1.2835820895522387,-2.493827160493827,-1.4,3.721518987341772
27,126439.0,116079.0,-2.323943661971831,-0.7288135593220338,-0.877906976744186,-0.13170731707317074,0.2644230769230769,0.8307692307692308,0.028985507246376812,1.3582089552238805,0.24154589371980675,-0.40932642487046633,-0.553763440860215,-1.215,2.3370165745856353,0.3563218390804598,-1.391812865497076,-2.9516129032258065,-0.3446327683615819,-1.1263157894736842,-0.9775280898876404,-1.1477272727272727,1.6222222222222222,0.7696629213483146,0.21052631578947367,0.16477272727272727,0.005291005291005291,-0.25396825396825395,1.5819209039548023,-0.48717948717948717,-0.15428571428571428,1.1348314606741574,-2.106382978723404,0.26011560693641617,-1.5280898876404494,-0.9,-0.3620689655172414,0.6231884057971014,2.3278688524590163,0.31216931216931215
28,133759.0,120199.0,-0.6167883211678832,-0.6276150627615062,-1.9022222222222223,-0.6982456140350877,2.359259259259259,1.197674418604651,-1.029520295202952,1.253787878787879,0.06296296296296296,1.2330827067669172,-0.4,0.15441176470588236,0.5652173913043478,1.5082644628099173,-0.6224066390041494,-2.2292490118577075,0.5232067510548524,-0.6934865900383141,0.4256198347107438,-1.6794871794871795,-1.420408163265306,0.7385892116182573,-0.6201550387596899,-0.7043478260869566,-1.972972972972973,0.5614754098360656,2.3651452282157677,-0.37404580152671757,0.4560669456066946,1.3446808510638297,-1.2490272373540856,0.8884297520661157,-1.21900826446281,-0.6625514403292181,0.22413793103448276,0.5655430711610487,0.8844621513944223,-0.171875
29,126599.0,124639.0,-6.761904761904762,-4.457142857142857,-3.0,-2.4358974358974357,2.3157894736842106,1.4166666666666667,0.07692307692307693,0.35714285714285715,1.0769230769230769,-2.707317073170732,-0.5,-1.5813953488372092,6.131578947368421,0.6111111111111112,2.5277777777777777,-6.771428571428571,2.323529411764706,-0.4146341463414634,1.4857142857142858,-5.545454545454546,-0.5151515151515151,0.42857142857142855,-2.0277777777777777,-0.9722222222222222,-2.923076923076923,-3.526315789473684,-0.4722222222222222,1.2894736842105263,-0.5135135135135135,-2.8333333333333335,-2.65,-2.5789473684210527,0.7428571428571429,-0.23076923076923078,-2.911764705882353,0.0,1.3888888888888888,1.4444444444444444
30,129999.0,128239.0,3.903225806451613,3.8666666666666667,0.21428571428571427,-2.235294117647059,5.4,5.818181818181818,-3.324324324324324,1.46875,-2.5,0.14285714285714285,0.9090909090909091,0.8333333333333334,-7.09375,6.580645161290323,4.096774193548387,-5.303030303030303,-0.7272727272727273,2.484848484848485,6.290322580645161,-0.06060606060606061,-5.65625,0.3125,3.28125,1.0,-3.8529411764705883,-1.6774193548387097,-0.16129032258064516,0.8611111111111112,2.4375,-0.3448275862068966,-2.15625,1.875,5.515151515151516,5.40625,-0.3793103448275862,2.6176470588235294,3.757575757575758,-2.0
31,133759.0,132079.0,-3.823529411764706,-1.4516129032258065,-7.851851851851852,-1.5675675675675675,2.0294117647058822,-1.8529411764705883,-2.3225806451612905,-0.9090909090909091,-1.9166666666666667,3.4571428571428573,-0.8181818181818182,3.15625,-0.6333333333333333,-2.2857142857142856,-3.15625,2.3529411764705883,4.964285714285714,-1.2758620689655173,-1.9310344827586208,-1.8571428571428572,-1.5757575757575757,0.896551724137931,1.78125,-3.3214285714285716,-3.6129032258064515,2.774193548387097,1.8666666666666667,3.861111111111111,-2.6785714285714284,0.18518518518518517,3.0606060606060606,0.5862068965517241,1.206896551724138,-3.933333333333333,8.464285714285714,-5.382352941176471,-0.8709677419354839,1.125
32,138439.0,136599.0,-1.6111111111111112,-2.6285714285714286,-5.71875,-1.0,-0.6756756756756757,1.945945945945946,-8.085714285714285,-0.375,-2.6857142857142855,0.1388888888888889,2.8421052631578947,-6.0606060606060606,-1.2571428571428571,0.6875,-0.30303030303030304,-3.8125,-0.22580645161290322,-10.0,-10.419354838709678,1.0,-9.21875,-0.25,-5.40625,-8.8,0.42105263157894735,-3.027027027027027,2.96875,1.7714285714285714,-2.8,-12.6875,-12.71875,-0.28125,-7.9393939393939394,-4.181818181818182,-2.5,-7.0,0.7666666666666667,-1.9142857142857144
33,142279.0,140399.0,-0.925,-7.71875,-4.0625,-8.424242424242424,2.4545454545454546,-1.8918918918918919,-3.72972972972973,0.5945945945945946,2.324324324324324,-5.657894736842105,-0.8888888888888888,-0.5675675675675675,-1.7352941176470589,4.848484848484849,0.42424242424242425,0.36666666666666664,-9.714285714285714,-5.84375,-6.96875,-3.6944444444444446,-6.387096774193548,-3.0,-0.7878787878787878,-7.9375,4.15,-3.588235294117647,-4.931034482758621,-2.2941176470588234,-3.138888888888889,-2.5625,-0.08823529411764706,-0.9393939393939394,-1.4193548387096775,-2.21875,-5.9,0.5833333333333334,3.4516129032258065,0.09090909090909091
34,146159.0,144039.0,0.65,-1.4210526315789473,3.2941176470588234,5.975,-7.589743589743589,0.46511627906976744,0.0,-0.047619047619047616,2.1904761904761907,2.3902439024390243,-1.6944444444444444,5.634146341463414,-0.1891891891891892,-2.861111111111111,-0.08333333333333333,-4.285714285714286,-3.8461538461538463,-3.4318181818181817,-5.194444444444445,-1.6216216216216217,-5.805555555555555,2.3333333333333335,-1.9487179487179487,3.1052631578947367,-0.95,-1.1025641025641026,3.341463414634146,0.3953488372093023,-2.775,-5.324324324324325,-4.25,-1.2285714285714286,-4.857142857142857,-3.7222222222222223,5.918918918918919,-3.72972972972973,1.0526315789473684,0.975609756097561
35,150399.0,148599.0,2.4375,-0.42857142857142855,-1.34375,-3.40625,1.75,3.5,-2.081081081081081,-0.1,-5.647058823529412,-0.3333333333333333,-3.6875,3.1714285714285713,2.5483870967741935,-0.59375,-0.45454545454545453,-5.454545454545454,-4.5588235294117645,-1.7741935483870968,-3.03125,-0.8918918918918919,-3.8421052631578947,-7.65625,0.5588235294117647,-1.542857142857143,3.8857142857142857,3.4871794871794872,-3.4473684210526314,2.3846153846153846,-0.71875,3.6857142857142855,-3.03125,4.15625,-4.542857142857143,1.8611111111111112,-1.6875,3.0606060606060606,1.375,0.3939393939393939
36,153519.0,153479.0,16.0,-1.0,0.0,-6.0,25.0,-18.0,-17.0,-33.0,3.0,0.0,0.0,0.0,0.0,0.0,0.0,0.0,0.0,-4.0,0.0,-9.0,0.0,10.0,0.0,0.0,0.0,0.0,-43.0,-2.0,0.0,0.0,-34.0,0.0,0.0,0.0,0.0,-17.0,-8.0,-34.0
37,158599.0,157279.0,-1.9642857142857142,-4.476190476190476,-13.666666666666666,2.6153846153846154,-1.7142857142857142,-0.24,-4.043478260869565,-0.6538461538461539,1.44,-1.8846153846153846,1.2727272727272727,3.2083333333333335,-4.842105263157895,3.5,6.2727272727272725,2.48,6.6521739130434785,-2.090909090909091,-4.681818181818182,1.12,1.5833333333333333,4.043478260869565,-7.555555555555555,-2.9166666666666665,-5.136363636363637,0.46153846153846156,-0.7307692307692307,-2.0,4.884615384615385,-0.44,-4.0,6.6,-5.0476190476190474,2.6956521739130435,3.6153846153846154,-4.473684210526316,-5.260869565217392,-5.875
38,161639.0,160439.0,5.0,8.318181818181818,-0.7894736842105263,1.8333333333333333,3.8947368421052633,-3.5,3.0,-1.0952380952380953,2.5,0.3333333333333333,-4.217391304347826,-2.68,-4.0,2.85,-1.6956521739130435,0.13043478260869565,3.4782608695652173,3.5833333333333335,6.739130434782608,-3.4,-9.08695652173913,-8.043478260869565,-3.6666666666666665,-5.421052631578948,4.894736842105263,0.8333333333333334,-8.454545454545455,-5.863636363636363,-3.8181818181818183,-12.333333333333334,-2.64,12.555555555555555,-0.041666666666666664,-3.2857142857142856,-2.909090909090909,7.25,-0.3157894736842105,4.125
39,166439.0,164079.0,-1.9555555555555555,-1.0,2.4047619047619047,4.595744680851064,-0.8936170212765957,-4.2,-2.7083333333333335,2.25,0.9795918367346939,-2.3333333333333335,1.0,4.630434782608695,0.8536585365853658,2.0256410256410255,3.973684210526316,-0.06976744186046512,-2.8974358974358974,1.2439024390243902,0.4444444444444444,0.022222222222222223,1.380952380952381,-0.047619047619047616,-0.5813953488372093,1.275,-1.8409090909090908,-0.12195121951219512,-1.5434782608695652,1.5,0.5121951219512195,-2.3846153846153846,6.238095238095238,5.371428571428571,-0.05555555555555555,4.634146341463414,4.204545454545454,-0.07142857142857142,-3.6923076923076925,0.5333333333333333
40,171359.0,168559.0,1.3454545454545455,0.7551020408163265,-3.549019607843137,-4.452830188679245,0.0392156862745098,1.037037037037037,4.574074074074074,-3.7222222222222223,2.5,-3.981132075471698,1.0784313725490196,-2.109090909090909,-3.558139534883721,-4.177777777777778,0.4666666666666667,-2.673469387755102,-1.7,-4.9,1.0816326530612246,-6.617021276595745,-8.666666666666666,-1.2340425531914894,-1.76,-2.1458333333333335,1.0816326530612246,-5.264150943396227,-4.849056603773585,-1.2352941176470589,-3.5833333333333335,0.06,-5.5,-0.85,-1.3095238095238095,-2.0208333333333335,2.4444444444444446,2.2708333333333335,-6.431372549019608,0.32075471698113206
41,174999.0,172999.0,1.0238095238095237,-1.4242424242424243,3.735294117647059,-0.825,-0.38461538461538464,0.717948717948718,-1.0256410256410255,2.9,3.5853658536585367,-3.7857142857142856,7.638888888888889,3.888888888888889,-7.314285714285714,-3.3125,-3.972972972972973,1.4857142857142858,-1.8285714285714285,-4.868421052631579,-5.918918918918919,-4.0,-3.5641025641025643,-2.0625,-0.6153846153846154,2.7567567567567566,3.6944444444444446,-6.0285714285714285,2.7058823529411766,5.0,-2.7027027027027026,-0.23684210526315788,2.6216216216216215,-0.6,2.1470588235294117,-8.727272727272727,-2.1176470588235294,-1.4864864864864864,0.7894736842105263,1.0277777777777777
42,178639.0,176359.0,-4.023255813953488,-2.3,-2.0,-4.326086956521739,-3.0,-2.522727272727273,1.2432432432432432,-1.5,-2.255813953488372,-0.225,1.6585365853658536,0.7631578947368421,1.5609756097560976,-3.7837837837837838,-2.3947368421052633,-5.0285714285714285,2.5277777777777777,-0.9285714285714286,-5.473684210526316,-1.794871794871795,-2.945945945945946,3.871794871794872,-8.179487179487179,2.526315789473684,1.5238095238095237,5.333333333333333,-1.05,-3.1842105263157894,0.1388888888888889,-0.7692307692307693,-4.17948717948718,-0.6944444444444444,-5.552631578947368,-5.783783783783784,1.0555555555555556,-1.065217391304348,2.473684210526316,0.9714285714285714
43,183439.0,180719.0,-3.309090909090909,3.422222222222222,-3.061224489795918,0.7288135593220338,-2.0,2.8297872340425534,2.6,-3.94,-0.5208333333333334,-2.5,-1.7291666666666667,1.32,5.0638297872340425,-1.148936170212766,-1.0408163265306123,0.9361702127659575,6.020408163265306,-0.48,0.7555555555555555,2.693877551020408,-4.066666666666666,-4.651162790697675,3.0,-3.2916666666666665,0.5454545454545454,-3.1555555555555554,3.8958333333333335,1.2727272727272727,3.5217391304347827,-3.6097560975609757,4.531914893617022,-1.925,5.534883720930233,1.173913043478261,-1.711111111111111,0.6491228070175439,-1.8636363636363635,2.4468085106382977
44,187479.0,185719.0,2.1714285714285713,-0.6129032258064516,-3.2580645161290325,4.45945945945946,-4.551724137931035,-6.5,-4.333333333333333,-1.8235294117647058,-7.393939393939394,-2.257142857142857,1.3125,-0.02857142857142857,-1.5277777777777777,2.413793103448276,0.8275862068965517,-1.4444444444444444,-2.225806451612903,-2.2666666666666666,-2.5172413793103448,-2.4193548387096775,3.8518518518518516,2.3870967741935485,1.7941176470588236,-0.7272727272727273,-5.114285714285714,-4.833333333333333,-3.7777777777777777,-4.242424242424242,-0.46875,2.36,-0.8666666666666667,2.838709677419355,-0.06451612903225806,-5.133333333333334,-2.2758620689655173,-1.5,-2.085714285714286,3.6363636363636362
45,189799.0,188239.0,1.0625,-0.46153846153846156,-1.826086956521739,1.4838709677419355,3.8214285714285716,-2.65625,3.838709677419355,4.111111111111111,2.25,-3.1470588235294117,2.9696969696969697,-1.7575757575757576,2.1666666666666665,0.9655172413793104,11.041666666666666,5.666666666666667,4.0,2.870967741935484,3.357142857142857,7.064516129032258,10.62962962962963,3.3333333333333335,4.148148148148148,2.7142857142857144,-1.8387096774193548,4.4,3.4516129032258065,0.3225806451612903,4.3478260869565215,4.896551724137931,6.3,-0.7142857142857143,2.16,3.76,1.2307692307692308,-2.75,2.310344827586207,2.689655172413793
46,193599.0,192479.0,-3.9565217391304346,-9.222222222222221,6.2631578947368425,-2.739130434782609,-1.894736842105263,4.869565217391305,5.285714285714286,-3.909090909090909,-5.086956521739131,-3.2,0.5263157894736842,-3.3333333333333335,-3.1666666666666665,-0.8823529411764706,5.105263157894737,7.9,-3.45,-1.588235294117647,1.5625,11.526315789473685,8.894736842105264,-2.473684210526316,-1.3157894736842106,7.0,6.294117647058823,-3.5,6.9,5.85,-3.8181818181818183,11.38888888888889,4.681818181818182,2.25,0.45,7.8,-0.55,5.526315789473684,-7.15,-2.9411764705882355
47,200479.0,195959.0,-1.6129032258064515,-0.3888888888888889,-2.1216216216216215,0.3333333333333333,1.896551724137931,-0.16666666666666666,0.9080459770114943,-2.034090909090909,1.2705882352941176,-0.29069767441860467,0.0,2.6790123456790123,-2.16,2.8552631578947367,2.1097560975609757,-0.2857142857142857,-1.325,0.2077922077922078,5.0394736842105265,-2.051282051282051,-1.9210526315789473,-4.716049382716049,-0.4457831325301205,-0.7702702702702703,-0.25316455696202533,2.5,-0.2976190476190476,1.9876543209876543,-2.0675675675675675,2.1621621621621623,0.036585365853658534,1.9452054794520548,2.050632911392405,-1.5128205128205128,-0.3974358974358974,2.2093023255813953,-1.0526315789473684,1.0
48,205839.0,205679.0,7.333333333333333,-9.333333333333334,-17.333333333333332,-0.5,-22.0,8.0,9.0,-1.25,-2.0,0.0,19.0,-5.0,-2.3333333333333335,19.666666666666668,15.666666666666666,28.0,33.0,2.25,-27.0,22.0,0.6666666666666666,-8.0,13.333333333333334,14.5,7.5,13.5,1.3333333333333333,16.666666666666668,7.666666666666667,10.666666666666666,2.0,-18.0,15.0,4.666666666666667,22.666666666666668,14.5,-8.666666666666666,-3.0
49,205839.0,205679.0,7.333333333333333,-9.333333333333334,-17.333333333333332,-0.5,-22.0,8.0,9.0,-1.25,-2.0,0.0,19.0,-5.0,-2.3333333333333335,19.666666666666668,15.666666666666666,28.0,33.0,2.25,-27.0,22.0,0.6666666666666666,-8.0,13.333333333333334,14.5,7.5,13.5,1.3333333333333333,16.666666666666668,7.666666666666667,10.666666666666666,2.0,-18.0,15.0,4.666666666666667,22.666666666666668,14.5,-8.666666666666666,-3.0
50,211039.0,208279.0,-0.49056603773584906,2.0416666666666665,2.723404255319149,3.1666666666666665,-4.117647058823529,2.16,-0.7777777777777778,0.5636363636363636,-2.2745098039215685,3.759259259259259,1.446808510638298,4.078431372549019,3.36734693877551,1.18,1.6666666666666667,5.645833333333333,0.3877551020408163,3.0,2.607843137254902,0.7916666666666666,0.37254901960784315,4.551020408163265,-4.211538461538462,-0.1346153846153846,-1.1764705882352942,0.7037037037037037,6.14,-1.1272727272727272,2.7254901960784315,-0.29411764705882354,1.0816326530612246,1.3478260869565217,2.872340425531915,-1.0212765957446808,5.291666666666667,-3.5652173913043477,1.9019607843137254,0.4375
51,215399.0,211999.0,-3.8484848484848486,-0.31343283582089554,5.688524590163935,-3.1515151515151514,-6.390625,-0.1076923076923077,0.265625,3.582089552238806,5.375,-0.8382352941176471,-0.734375,2.6721311475409837,4.044117647058823,2.373134328358209,-0.8923076923076924,2.6666666666666665,0.14516129032258066,-0.40625,-4.753846153846154,-3.6774193548387095,-3.435483870967742,-1.5573770491803278,-3.7611940298507465,-3.6379310344827585,-0.1527777777777778,-0.2542372881355932,-1.0,0.4307692307692308,0.9206349206349206,2.3728813559322033,0.9508196721311475,-2.7777777777777777,2.0,-1.5172413793103448,2.9814814814814814,0.7868852459016393,0.208955223880597,2.0847457627118646
52,217599.0,217599.0,0.0,0.0,0.0,0.0,0.0,0.0,0.0,0.0,0.0,0.0,0.0,0.0,0.0,0.0,0.0,0.0,0.0,0.0,0.0,0.0,0.0,0.0,0.0,0.0,0.0,0.0,0.0,0.0,0.0,0.0,0.0,0.0,0.0,0.0,0.0,0.0,0.0,0.0
53,241919.0,241519.0,-17.0,-4.666666666666667,14.444444444444445,-12.666666666666666,-0.75,0.75,3.4444444444444446,-7.555555555555555,1.9,-0.7777777777777778,3.125,-0.1,-4.25,-8.222222222222221,-9.88888888888889,-11.375,-4.375,3.5,-8.666666666666666,-3.6666666666666665,3.375,-2.6666666666666665,-21.25,-14.222222222222221,4.125,-16.875,-3.7777777777777777,-0.2222222222222222,-6.0,-4.0,-12.714285714285714,-19.714285714285715,-13.428571428571429,-3.0,-4.333333333333333,0.3,-7.857142857142857,-2.0
54,243839.0,243839.0,0.0,0.0,0.0,0.0,0.0,0.0,0.0,0.0,0.0,0.0,0.0,0.0,0.0,0.0,0.0,0.0,0.0,0.0,0.0,0.0,0.0,0.0,0.0,0.0,0.0,0.0,0.0,0.0,0.0,0.0,0.0,0.0,0.0,0.0,0.0,0.0,0.0,0.0
55,230519.0,229679.0,2.45,0.4666666666666667,12.0,-3.3333333333333335,0.26666666666666666,-2.6,5.611111111111111,2.5,-0.6666666666666666,1.6428571428571428,5.875,-1.8666666666666667,6.933333333333334,-6.733333333333333,4.5,2.3333333333333335,8.058823529411764,-3.0,3.466666666666667,5.9411764705882355,-2.375,5.6875,18.75,5.133333333333334,7.8,6.1875,10.266666666666667,12.384615384615385,-6.066666666666666,-0.9375,10.066666666666666,-2.8333333333333335,9.666666666666666,9.214285714285714,8.461538461538462,-8.923076923076923,-0.7058823529411765,-2.4375
56,243839.0,232839.0,-2.0495495495495497,-2.8666666666666667,0.9646464646464646,-1.1152073732718895,0.21266968325791855,-2.171171171171171,0.8125,0.4672897196261682,1.3157894736842106,-1.7130044843049328,-1.6355555555555557,0.7397260273972602,0.7605633802816901,-0.9428571428571428,-0.36082474226804123,-1.7222222222222223,2.400990099009901,1.2465753424657535,-1.7980295566502462,-2.5916230366492146,-1.0,-1.053921568627451,-1.448780487804878,0.05,-2.816901408450704,-0.9809523809523809,0.5825242718446602,-0.861904761904762,-0.18357487922705315,-1.4060913705583757,-0.7024390243902439,-2.111111111111111,-0.7661691542288557,-0.4975609756097561,-2.4306930693069306,-0.6822429906542056,-1.710144927536232,-0.4158878504672897
57,240279.0,239239.0,-8.578947368421053,-6.333333333333333,0.0,-2.6,-3.6315789473684212,-5.7368421052631575,2.3181818181818183,4.6,6.526315789473684,-3.0476190476190474,-6.476190476190476,-0.21052631578947367,-7.619047619047619,-9.142857142857142,1.4210526315789473,-3.5555555555555554,2.8,-1.1904761904761905,-3.6315789473684212,-5.375,2.789473684210526,-1.8235294117647058,-0.65,-5.111111111111111,-0.7142857142857143,-1.5714285714285714,-0.6111111111111112,-6.05,-3.0,-3.7777777777777777,3.8947368421052633,-2.65,2.9411764705882355,-4.888888888888889,-11.777777777777779,-6.6,-5.285714285714286,4.6521739130434785
58,241919.0,241519.0,-17.0,-4.666666666666667,14.444444444444445,-12.666666666666666,-0.75,0.75,3.4444444444444446,-7.555555555555555,1.9,-0.7777777777777778,3.125,-0.1,-4.25,-8.222222222222221,-9.88888888888889,-11.375,-4.375,3.5,-8.666666666666666,-3.6666666666666665,3.375,-2.6666666666666665,-21.25,-14.222222222222221,4.125,-16.875,-3.7777777777777777,-0.2222222222222222,-6.0,-4.0,-12.714285714285714,-19.714285714285715,-13.428571428571429,-3.0,-4.333333333333333,0.3,-7.857142857142857,-2.0
59,312599.0,243839.0,-0.18795355587808418,-0.9060728744939271,0.1988496302382909,-0.3782798833819242,-0.5663780663780664,-0.11702925731432859,-0.978244561140285,-0.17870439314966494,0.5506376594148538,0.042316258351893093,-0.20319634703196346,-0.16941529235382308,-0.9546899841017488,0.06586345381526104,0.37987012987012986,-1.2464730290456432,0.0016273393002441008,-0.23966309341500766,-0.264825345247766,-1.699601593625498,-1.726384364820847,-0.0781627719580983,0.12412723041117145,-0.9668820678513732,-0.2784615384615385,0.17233201581027668,0.1237785016286645,-0.287044220325834,-0.43684633950120677,-0.555004135649297,-0.3676923076923077,0.7027250206440958,-0.15767634854771784,-1.1085526315789473,-0.5234567901234568,-1.1513307984790875,-1.2018633540372672,0.30216383307573413
60,252919.0,251559.0,-2.3666666666666667,-2.68,-4.785714285714286,-3.8461538461538463,3.0,-0.14814814814814814,2.2413793103448274,-2.586206896551724,-1.1538461538461537,-1.103448275862069,2.608695652173913,-3.1785714285714284,1.4482758620689655,3.7777777777777777,7.074074074074074,6.92,0.24,-1.5,-4.36,-8.576923076923077,0.11538461538461539,0.38461538461538464,9.461538461538462,2.076923076923077,3.0,-1.48,-3.130434782608696,-3.96,3.4583333333333335,-3.6538461538461537,0.9230769230769231,8.821428571428571,5.074074074074074,2.230769230769231,0.03571428571428571,-2.269230769230769,-0.6923076923076923,-5.428571428571429
61,272199.0,251559.0,-0.5402843601895735,-1.4862637362637363,0.03504043126684636,-0.31784841075794623,0.2751196172248804,0.43781094527363185,-0.973170731707317,0.6259351620947631,0.5,0.6053268765133172,-0.442159383033419,-0.39803439803439805,-1.4866310160427807,0.5478723404255319,-0.26649076517150394,-1.4196185286103542,0.23415977961432508,0.5408163265306123,-0.772972972972973,-2.366233766233766,-1.1741424802110818,-0.18598382749326145,1.7588832487309645,-1.7605263157894737,-1.182051282051282,0.2830687830687831,0.2945945945945946,-1.376590330788804,0.4839572192513369,-1.0168067226890756,-0.43523316062176165,1.021978021978022,0.988950276243094,-1.6508379888268156,-1.095367847411444,-1.979643765903308,-0.8678756476683938,-1.7246753246753246
62,258719.0,256119.0,-1.6111111111111112,-2.7142857142857144,2.659090909090909,0.20408163265306123,-0.88,2.2291666666666665,0.16,0.23076923076923078,-1.3529411764705883,-0.1568627450980392,-2.2444444444444445,-1.0212765957446808,-2.489795918367347,0.9591836734693877,1.5333333333333334,-4.3478260869565215,0.8571428571428571,0.43137254901960786,-2.739130434782609,-6.377777777777778,-2.9565217391304346,1.1020408163265305,0.22448979591836735,-2.6739130434782608,-0.42,1.7619047619047619,1.7391304347826086,3.63265306122449,1.8444444444444446,1.3255813953488371,-1.8958333333333333,-0.5686274509803921,1.6122448979591837,-2.723404255319149,-4.454545454545454,-1.8936170212765957,-0.3958333333333333,1.6274509803921569
63,262399.0,260439.0,-1.2222222222222223,1.457142857142857,7.1891891891891895,-3.5405405405405403,1.146341463414634,-1.4871794871794872,2.810810810810811,2.763157894736842,0.6578947368421053,2.375,-2.945945945945946,-0.3684210526315789,-5.2727272727272725,-5.617647058823529,-8.35135135135135,-2.361111111111111,-5.611111111111111,0.918918918918919,2.088235294117647,4.638888888888889,12.694444444444445,1.0571428571428572,-0.18421052631578946,-3.268292682926829,-1.5277777777777777,4.783783783783784,3.4285714285714284,-2.263157894736842,1.837837837837838,1.625,1.6486486486486487,-0.75,2.911764705882353,-4.181818181818182,-0.34285714285714286,-2.176470588235294,-1.0263157894736843,-0.6176470588235294
64,268239.0,265479.0,0.7192982456140351,-1.9782608695652173,-0.3958333333333333,-0.28846153846153844,-1.5471698113207548,-1.7543859649122806,-1.0555555555555556,1.8113207547169812,2.2545454545454544,2.7222222222222223,2.7777777777777777,0.8275862068965517,-0.7254901960784313,2.4285714285714284,0.9230769230769231,0.3,2.1020408163265305,-2.519230769230769,2.215686274509804,-1.7058823529411764,0.23076923076923078,0.022222222222222223,1.1071428571428572,0.3673469387755102,-3.074074074074074,0.7222222222222222,3.2448979591836733,1.6666666666666667,-0.0784313725490196,-1.2291666666666667,2.7755102040816326,-0.8846153846153846,-0.48936170212765956,0.7872340425531915,-0.3584905660377358,-1.4736842105263157,-2.64,-6.3061224489795915
65,272199.0,270479.0,-3.1052631578947367,-5.586206896551724,-4.5,1.9166666666666667,-2.1666666666666665,-4.636363636363637,-6.9714285714285715,-4.055555555555555,4.758620689655173,-0.8285714285714286,-0.6176470588235294,-1.1764705882352942,-5.387096774193548,-4.0,1.5,-8.4,-0.896551724137931,-2.5135135135135136,-1.032258064516129,0.4,-1.1515151515151516,5.142857142857143,-0.7428571428571429,-0.15625,-1.6,-4.53125,1.8529411764705883,-4.857142857142857,1.90625,3.064516129032258,-1.84375,-0.5172413793103449,1.8620689655172413,-6.153846153846154,-3.3666666666666667,-6.583333333333333,-1.0666666666666667,-2.466666666666667
66,293799.0,293399.0,11.666666666666666,1.4444444444444444,-10.5,0.8888888888888888,-13.0,10.75,3.3333333333333335,-1.0,6.375,7.714285714285714,6.333333333333333,-9.88888888888889,-2.2857142857142856,14.428571428571429,13.142857142857142,-1.4285714285714286,1.0,1.0,10.571428571428571,-1.2857142857142858,-15.142857142857142,-0.375,-4.777777777777778,-13.25,9.142857142857142,-10.375,-15.142857142857142,7.857142857142857,16.5,-7.428571428571429,-14.0,3.25,6.0,1.375,-2.7142857142857144,-0.42857142857142855,5.666666666666667,3.4285714285714284
67,278319.0,275959.0,3.891304347826087,1.5681818181818181,3.4047619047619047,-5.022222222222222,0.8666666666666667,3.953488372093023,-8.23404255319149,0.04,2.108695652173913,6.232558139534884,-1.75,-4.717391304347826,-1.5263157894736843,0.9411764705882353,-1.75,-2.619047619047619,6.333333333333333,1.2926829268292683,2.8378378378378377,1.7317073170731707,-7.368421052631579,-2.725,3.642857142857143,-3.7222222222222223,1.1,-5.8,2.511111111111111,1.9574468085106382,1.7272727272727273,-1.4047619047619047,-1.930232558139535,-3.4,0.2702702702702703,-1.325,4.255813953488372,2.2,1.0731707317073171,1.0
68,284479.0,280799.0,-2.1333333333333333,-5.467741935483871,1.523076923076923,-2.75,-1.8356164383561644,0.4025974025974026,-3.0,0.7012987012987013,1.6883116883116882,-1.3783783783783783,1.5507246376811594,-0.3,0.7121212121212122,-4.230769230769231,-3.109375,-2.78125,-0.8636363636363636,-5.277777777777778,-8.453125,-3.1323529411764706,2.260869565217391,-0.453125,-4.563380281690141,0.6229508196721312,-0.7391304347826086,-2.0869565217391304,-0.9852941176470589,2.537313432835821,-5.031746031746032,-1.03125,1.6764705882352942,0.3,-2.671641791044776,1.1764705882352942,1.0952380952380953,-5.628571428571429,-0.5342465753424658,1.7971014492753623
69,312599.0,312599.0,0.0,0.0,0.0,0.0,0.0,0.0,0.0,0.0,0.0,0.0,-31.0,0.0,0.0,0.0,0.0,0.0,0.0,0.0,0.0,0.0,0.0,0.0,0.0,0.0,0.0,0.0,0.0,0.0,0.0,0.0,0.0,0.0,0.0,0.0,0.0,0.0,0.0,0.0
70,289759.0,288319.0,-0.3793103448275862,-2.814814814814815,-5.153846153846154,2.7586206896551726,-6.9655172413793105,-4.703703703703703,4.115384615384615,-4.2592592592592595,-0.34615384615384615,-5.518518518518518,-1.096774193548387,-3.8,-2.206896551724138,1.4615384615384615,3.12,3.0344827586206895,-2.0,-1.2692307692307692,-1.68,2.1724137931034484,-0.37037037037037035,3.44,-1.2222222222222223,-4.96,-3.0357142857142856,1.5555555555555556,6.076923076923077,-3.0416666666666665,0.37037037037037035,-8.56,-7.28,3.7857142857142856,-0.8846153846153846,6.038461538461538,0.4444444444444444,-3.0689655172413794,0.9642857142857143,-0.8
71,293799.0,293399.0,11.666666666666666,1.4444444444444444,-10.5,0.8888888888888888,-13.0,10.75,3.3333333333333335,-1.0,6.375,7.714285714285714,6.333333333333333,-9.88888888888889,-2.2857142857142856,14.428571428571429,13.142857142857142,-1.4285714285714286,1.0,1.0,10.571428571428571,-1.2857142857142858,-15.142857142857142,-0.375,-4.777777777777778,-13.25,9.142857142857142,-10.375,-15.142857142857142,7.857142857142857,16.5,-7.428571428571429,-14.0,3.25,6.0,1.375,-2.7142857142857144,-0.42857142857142855,5.666666666666667,3.4285714285714284
72,378199.0,378199.0,0.0,0.0,0.0,0.0,0.0,0.0,0.0,0.0,0.0,0.0,0.0,0.0,0.0,0.0,0.0,0.0,0.0,0.0,0.0,0.0,0.0,0.0,0.0,0.0,0.0,0.0,0.0,0.0,0.0,0.0,0.0,0.0,0.0,0.0,0.0,0.0,0.0,0.0
73,309119.0,305799.0,0.5507246376811594,2.0476190476190474,-0.6666666666666666,0.796875,0.014925373134328358,2.2203389830508473,1.0307692307692307,-3.196969696969697,-0.23880597014925373,-0.17647058823529413,-4.338235294117647,-0.8166666666666667,-1.7384615384615385,-0.7727272727272727,2.3278688524590163,-1.1379310344827587,4.559322033898305,0.9538461538461539,0.31666666666666665,-3.6721311475409837,-4.813559322033898,4.5396825396825395,-0.46875,-2.0,-4.552238805970149,-1.0,-0.5172413793103449,0.45161290322580644,-0.7076923076923077,-1.03125,-0.19696969696969696,2.7936507936507935,0.04918032786885246,0.14285714285714285,2.2857142857142856,1.9545454545454546,-2.652173913043478,5.11864406779661
74,312599.0,312599.0,0.0,0.0,0.0,0.0,0.0,0.0,0.0,0.0,0.0,0.0,-31.0,0.0,0.0,0.0,0.0,0.0,0.0,0.0,0.0,0.0,0.0,0.0,0.0,0.0,0.0,0.0,0.0,0.0,0.0,0.0,0.0,0.0,0.0,0.0,0.0,0.0,0.0,0.0
75,378199.0,378199.0,0.0,0.0,0.0,0.0,0.0,0.0,0.0,0.0,0.0,0.0,0.0,0.0,0.0,0.0,0.0,0.0,0.0,0.0,0.0,0.0,0.0,0.0,0.0,0.0,0.0,0.0,0.0,0.0,0.0,0.0,0.0,0.0,0.0,0.0,0.0,0.0,0.0,0.0
76,353719.0,312599.0,-1.145933014354067,0.3227665706051873,0.12410841654778887,-0.6734449760765551,-0.5324519230769231,-0.4007537688442211,-0.06537530266343826,0.18048780487804877,0.0037641154328732747,-0.5795454545454546,0.3311432325886991,-0.06691919191919192,0.7917241379310345,-0.06694560669456066,0.9421720733427362,-0.4678111587982833,0.05131761442441054,-0.6366013071895424,0.35564853556485354,-1.0937081659973227,-1.3499308437067774,0.9807692307692307,-1.5065104166666667,-0.15918367346938775,0.1618421052631579,-1.1541554959785523,-0.6013245033112583,0.541501976284585,-0.12430167597765363,0.12586445366528354,-0.36231884057971014,2.3521739130434782,1.7422096317280453,-1.0892857142857142,-0.6965811965811965,-0.6350461133069829,0.3405698778833107,-0.6324900133155792
77,332759.0,331879.0,-3.6470588235294117,3.230769230769231,3.25,-0.4444444444444444,-6.4,-5.133333333333334,-1.0,0.0625,-2.75,2.6,-1.7058823529411764,7.823529411764706,-6.944444444444445,-1.8823529411764706,-8.117647058823529,-7.533333333333333,2.6153846153846154,-8.736842105263158,-2.0555555555555554,-1.9473684210526316,9.4375,8.125,-9.894736842105264,-4.125,-5.157894736842105,8.625,-0.3333333333333333,-0.9444444444444444,7.4375,12.214285714285714,-2.8,2.75,0.2,3.1875,7.133333333333334,-0.6,-3.7142857142857144,9.066666666666666
78,378199.0,378199.0,0.0,0.0,0.0,0.0,0.0,0.0,0.0,0.0,0.0,0.0,0.0,0.0,0.0,0.0,0.0,0.0,0.0,0.0,0.0,0.0,0.0,0.0,0.0,0.0,0.0,0.0,0.0,0.0,0.0,0.0,0.0,0.0,0.0,0.0,0.0,0.0,0.0,0.0
79,326439.0,325759.0,-1.0,-2.5384615384615383,-2.0,-4.142857142857143,-0.9285714285714286,-8.166666666666666,-4.6923076923076925,-1.1333333333333333,1.4,3.533333333333333,-4.2,-2.6923076923076925,1.8461538461538463,1.9333333333333333,-6.1,-12.3,-6.333333333333333,-1.5833333333333333,-6.333333333333333,-10.615384615384615,-19.416666666666668,-0.46153846153846156,-2.9,-6.2727272727272725,3.3846153846153846,-17.5,-3.5454545454545454,2.5,-3.0,-15.666666666666666,-0.25,3.5454545454545454,8.636363636363637,-7.75,-9.272727272727273,-3.076923076923077,0.16666666666666666,2.8181818181818183
80,353719.0,352119.0,-5.066666666666666,1.5833333333333333,4.16,-4.1875,2.8333333333333335,-6.387096774193548,4.285714285714286,1.2333333333333334,6.371428571428571,2.4411764705882355,2.161290322580645,-4.966666666666667,2.9375,-2.1,3.5,-4.185185185185185,2.5483870967741935,-0.06451612903225806,-6.793103448275862,-4.75,-7.724137931034483,1.2592592592592593,1.0303030303030303,-4.967741935483871,-5.666666666666667,-1.6875,-2.2142857142857144,-3.5714285714285716,3.096774193548387,-0.90625,-8.933333333333334,3.7142857142857144,-4.137931034482759,-2.8,-7.304347826086956,6.28125,-1.1379310344827587,0.0
81,358359.0,331879.0,-1.0222634508348794,0.9688195991091314,0.5288888888888889,-0.32,-0.8522072936660269,-1.6966731898238747,1.5363984674329503,0.011494252873563218,-0.857685009487666,-0.7669902912621359,0.3122448979591837,0.48349514563106794,0.4149377593360996,0.10970464135021098,0.14439655172413793,-1.247787610619469,0.19532908704883228,-0.4899598393574297,-0.02736842105263158,-2.081081081081081,-2.5495689655172415,1.3263598326359833,-1.7301587301587302,-1.21900826446281,0.7047244094488189,-1.1252566735112937,-0.5010438413361169,0.08704453441295547,-0.1111111111111111,0.6872340425531915,0.22981366459627328,1.6114790286975718,0.45064377682403434,-1.6064516129032258,-1.0855263157894737,-0.7116564417177914,-1.2243186582809225,-0.32179226069246436
82,,335959.0,0.0,0.0,0.0,0.0,0.0,0.0,0.0,0.0,0.0,0.0,0.0,0.0,0.0,0.0,0.0,0.0,0.0,0.0,0.0,0.0,0.0,0.0,0.0,0.0,0.0,0.0,0.0,0.0,0.0,0.0,0.0,0.0,0.0,0.0,0.0,0.0,0.0,0.0
83,341759.0,340399.0,-5.208333333333333,-2.16,1.72,-1.7272727272727273,-6.583333333333333,1.7142857142857142,-3.037037037037037,-1.8888888888888888,-2.896551724137931,0.9642857142857143,-2.1481481481481484,2.1,1.52,-5.875,-1.619047619047619,-7.7727272727272725,-3.409090909090909,-7.5,-8.173913043478262,-1.9230769230769231,-19.8,2.0,-1.8148148148148149,-0.9047619047619048,-2.6153846153846154,-7.478260869565218,1.8181818181818181,1.2916666666666667,-0.9583333333333334,-10.333333333333334,5.782608695652174,-1.9565217391304348,3.5,-1.5416666666666667,2.0434782608695654,-6.791666666666667,-3.2142857142857144,3.0
84,353679.0,352119.0,-5.655172413793103,1.565217391304348,4.916666666666667,-4.354838709677419,3.206896551724138,-7.366666666666666,2.7037037037037037,0.8214285714285714,6.4411764705882355,2.0625,1.9,-4.0,2.9375,-2.1,3.7037037037037037,-3.6153846153846154,2.3666666666666667,1.3793103448275863,-4.892857142857143,-3.7096774193548385,-6.5,0.6923076923076923,2.59375,-4.566666666666666,-5.90625,-1.7419354838709677,-2.2142857142857144,-3.3333333333333335,1.6333333333333333,-0.3225806451612903,-8.933333333333334,3.7142857142857144,-4.137931034482759,-3.1666666666666665,-7.590909090909091,6.548387096774194,-1.1071428571428572,-0.39285714285714285
85,353719.0,352119.0,-5.066666666666666,1.5833333333333333,4.16,-4.1875,2.8333333333333335,-6.387096774193548,4.285714285714286,1.2333333333333334,6.371428571428571,2.4411764705882355,2.161290322580645,-4.966666666666667,2.9375,-2.1,3.5,-4.185185185185185,2.5483870967741935,-0.06451612903225806,-6.793103448275862,-4.75,-7.724137931034483,1.2592592592592593,1.0303030303030303,-4.967741935483871,-5.666666666666667,-1.6875,-2.2142857142857144,-3.5714285714285716,3.096774193548387,-0.90625,-8.933333333333334,3.7142857142857144,-4.137931034482759,-2.8,-7.304347826086956,6.28125,-1.1379310344827587,0.0
86,353719.0,352119.0,-5.066666666666666,1.5833333333333333,4.16,-4.1875,2.8333333333333335,-6.387096774193548,4.285714285714286,1.2333333333333334,6.371428571428571,2.4411764705882355,2.161290322580645,-4.966666666666667,2.9375,-2.1,3.5,-4.185185185185185,2.5483870967741935,-0.06451612903225806,-6.793103448275862,-4.75,-7.724137931034483,1.2592592592592593,1.0303030303030303,-4.967741935483871,-5.666666666666667,-1.6875,-2.2142857142857144,-3.5714285714285716,3.096774193548387,-0.90625,-8.933333333333334,3.7142857142857144,-4.137931034482759,-2.8,-7.304347826086956,6.28125,-1.1379310344827587,0.0
87,358359.0,358039.0,1.1666666666666667,-3.2,4.0,6.333333333333333,0.8333333333333334,-15.166666666666666,4.6,-7.0,11.5,-6.0,-4.0,-3.25,-1.4285714285714286,5.714285714285714,-4.166666666666667,-22.5,-24.0,-2.4285714285714284,-5.0,-29.571428571428573,-12.333333333333334,-10.333333333333334,7.285714285714286,11.4,-7.875,14.714285714285714,20.166666666666668,8.666666666666666,-10.6,8.75,5.4,9.5,-28.333333333333332,-28.0,1.5,0.16666666666666666,1.8,5.25
88,361719.0,361319.0,1.125,-13.857142857142858,-3.6666666666666665,7.0,-1.0,3.25,-8.5,-5.857142857142857,-14.875,-1.2222222222222223,-0.125,0.875,-0.2222222222222222,-0.6666666666666666,-12.0,5.666666666666667,-23.571428571428573,-0.5,0.14285714285714285,-7.333333333333333,8.5,-15.125,9.571428571428571,-9.333333333333334,-5.888888888888889,-0.875,-10.75,-11.0,-9.666666666666666,-10.0,-43.4,2.7142857142857144,-7.285714285714286,-5.166666666666667,1.8,-5.714285714285714,-5.75,-3.3333333333333335
89,370119.0,364359.0,-0.6639344262295082,1.9801980198019802,0.37755102040816324,2.3783783783783785,-1.9243697478991597,-0.13392857142857142,1.1946902654867257,-2.990566037735849,-0.39814814814814814,-1.8425925925925926,0.8272727272727273,-1.2882882882882882,-1.1574074074074074,1.5700934579439252,-0.6116504854368932,-0.14563106796116504,2.6210526315789475,-0.14814814814814814,0.9811320754716981,0.40384615384615385,-1.2718446601941749,-2.3366336633663365,0.5321100917431193,-0.40404040404040403,-3.2982456140350878,-0.04854368932038835,-0.7596153846153846,-1.6283185840707965,0.7619047619047619,-2.48,0.5961538461538461,3.66,-2.3904761904761904,0.594059405940594,0.6979166666666666,-2.3636363636363638,1.78,0.7909090909090909
90,370119.0,373319.0,0.0,0.0,0.0,0.0,0.0,0.0,0.0,0.0,0.0,0.0,0.0,0.0,0.0,0.0,0.0,0.0,0.0,0.0,0.0,0.0,0.0,0.0,0.0,0.0,0.0,0.0,0.0,0.0,0.0,0.0,0.0,0.0,0.0,0.0,0.0,0.0,0.0,0.0
91,374599.0,372159.0,1.72,-5.069767441860465,-5.076923076923077,2.574468085106383,0.2978723404255319,2.659090909090909,-2.0,-1.9565217391304348,-2.6444444444444444,2.588235294117647,0.04081632653061224,-2.627906976744186,-2.9782608695652173,-1.0,2.45,-4.75,-5.159090909090909,-0.3333333333333333,1.6428571428571428,5.024390243902439,-5.046511627906977,-0.19148936170212766,-0.5434782608695652,-0.6521739130434783,-3.877551020408163,-1.0204081632653061,2.5681818181818183,2.297872340425532,0.3409090909090909,2.5,0.044444444444444446,1.4473684210526316,-3.27027027027027,0.3181818181818182,-4.54054054054054,0.13043478260869565,5.441860465116279,0.36363636363636365
92,381199.0,380879.0,-6.125,4.0,10.166666666666666,-2.5,0.8333333333333334,-1.7142857142857142,-10.333333333333334,-7.166666666666667,-6.4,-4.428571428571429,-5.4,-4.857142857142857,3.8333333333333335,-3.142857142857143,-8.833333333333334,-14.375,-7.857142857142857,-8.857142857142858,-9.428571428571429,-14.333333333333334,-30.0,-4.375,-4.142857142857143,9.0,0.5714285714285714,-9.5,-10.0,8.0,-12.0,4.6,-7.5,-7.0,-2.857142857142857,-15.666666666666666,-18.5,-0.5,-11.333333333333334,4.2
93,381239.0,380159.0,4.142857142857143,-5.157894736842105,-4.684210526315789,-4.0,1.05,7.238095238095238,-6.0,-2.227272727272727,0.05,-1.6842105263157894,0.7368421052631579,-1.2105263157894737,-3.7222222222222223,-0.3684210526315789,-0.058823529411764705,6.904761904761905,1.3,-1.7222222222222223,1.2105263157894737,6.117647058823529,6.421052631578948,3.0476190476190474,-0.19047619047619047,16.22222222222222,1.5238095238095237,-1.25,-3.0,6.55,-2.3684210526315788,9.578947368421053,-1.2173913043478262,3.95,6.315789473684211,-1.619047619047619,-1.3888888888888888,-4.2727272727272725,-13.473684210526315,-3.2941176470588234
94,386439.0,386039.0,3.5,-4.571428571428571,-12.625,-5.111111111111111,4.222222222222222,14.6,1.75,3.125,6.714285714285714,-5.857142857142857,1.375,-1.7142857142857142,1.375,6.25,-8.5,-4.0,1.3333333333333333,-5.125,-5.857142857142857,-3.0,-12.875,-7.714285714285714,3.125,-19.0,-0.125,-0.6666666666666666,-4.333333333333333,5.444444444444445,6.125,0.25,-3.875,2.0,3.5714285714285716,14.0,17.0,10.166666666666666,4.75,0.42857142857142855
95,431239.0,431039.0,14.5,2.0,37.0,-11.2,5.4,-4.75,-7.5,-22.0,-15.0,-10.2,7.0,7.333333333333333,4.4,-1.75,2.5,8.0,-3.75,-2.4,-13.2,-17.4,-40.0,-29.666666666666668,4.75,-2.3333333333333335,12.0,-25.0,1.25,-8.0,-3.5,-17.25,-22.0,1.2,-10.25,-5.25,0.3333333333333333,0.5,1.25,0.75
96,431559.0,430519.0,-2.3157894736842106,1.3636363636363635,2.736842105263158,2.772727272727273,4.333333333333333,6.157894736842105,-6.0476190476190474,-2.347826086956522,-1.826086956521739,-4.0,-0.6842105263157895,-1.4761904761904763,1.5,1.368421052631579,-3.6,-10.722222222222221,-4.611111111111111,3.4,1.1428571428571428,-10.952380952380953,-19.176470588235293,-8.45,1.5555555555555556,-1.263157894736842,1.85,-2.4,-2.0,8.526315789473685,-0.75,-0.42105263157894735,-15.5625,-2.0454545454545454,-3.210526315789474,-7.388888888888889,-7.285714285714286,-0.47619047619047616,0.8421052631578947,4.85
97,431239.0,431039.0,14.5,2.0,37.0,-11.2,5.4,-4.75,-7.5,-22.0,-15.0,-10.2,7.0,7.333333333333333,4.4,-1.75,2.5,8.0,-3.75,-2.4,-13.2,-17.4,-40.0,-29.666666666666668,4.75,-2.3333333333333335,12.0,-25.0,1.25,-8.0,-3.5,-17.25,-22.0,1.2,-10.25,-5.25,0.3333333333333333,0.5,1.25,0.75
98,401279.0,401279.0,0.0,0.0,0.0,0.0,0.0,0.0,0.0,0.0,0.0,0.0,0.0,13.0,0.0,0.0,0.0,0.0,0.0,0.0,0.0,0.0,0.0,0.0,0.0,0.0,0.0,0.0,0.0,30.0,0.0,0.0,0.0,0.0,0.0,0.0,0.0,0.0,0.0,0.0
99,431559.0,430519.0,-2.3157894736842106,1.3636363636363635,2.736842105263158,2.772727272727273,4.333333333333333,6.157894736842105,-6.0476190476190474,-2.347826086956522,-1.826086956521739,-4.0,-0.6842105263157895,-1.4761904761904763,1.5,1.368421052631579,-3.6,-10.722222222222221,-4.611111111111111,3.4,1.1428571428571428,-10.952380952380953,-19.176470588235293,-8.45,1.5555555555555556,-1.263157894736842,1.85,-2.4,-2.0,8.526315789473685,-0.75,-0.42105263157894735,-15.5625,-2.0454545454545454,-3.210526315789474,-7.388888888888889,-7.285714285714286,-0.47619047619047616,0.8421052631578947,4.85
100,431239.0,431039.0,14.5,2.0,37.0,-11.2,5.4,-4.75,-7.5,-22.0,-15.0,-10.2,7.0,7.333333333333333,4.4,-1.75,2.5,8.0,-3.75,-2.4,-13.2,-17.4,-40.0,-29.666666666666668,4.75,-2.3333333333333335,12.0,-25.0,1.25,-8.0,-3.5,-17.25,-22.0,1.2,-10.25,-5.25,0.3333333333333333,0.5,1.25,0.75
101,431559.0,430519.0,-2.3157894736842106,1.3636363636363635,2.736842105263158,2.772727272727273,4.333333333333333,6.157894736842105,-6.0476190476190474,-2.347826086956522,-1.826086956521739,-4.0,-0.6842105263157895,-1.4761904761904763,1.5,1.368421052631579,-3.6,-10.722222222222221,-4.611111111111111,3.4,1.1428571428571428,-10.952380952380953,-19.176470588235293,-8.45,1.5555555555555556,-1.263157894736842,1.85,-2.4,-2.0,8.526315789473685,-0.75,-0.42105263157894735,-15.5625,-2.0454545454545454,-3.210526315789474,-7.388888888888889,-7.285714285714286,-0.47619047619047616,0.8421052631578947,4.85
102,,,0.0,0.0,0.0,0.0,0.0,0.0,0.0,0.0,0.0,0.0,0.0,0.0,0.0,0.0,0.0,0.0,0.0,0.0,0.0,0.0,0.0,0.0,0.0,0.0,0.0,0.0,0.0,0.0,0.0,0.0,0.0,0.0,0.0,0.0,0.0,0.0,0.0,0.0
103,430919.0,430519.0,-1.2857142857142858,5.111111111111111,1.6666666666666667,1.4,12.625,7.0,-3.0,1.7777777777777777,-2.8181818181818183,0.3333333333333333,-3.0,-5.0,5.111111111111111,3.25,-1.25,-6.428571428571429,-29.0,5.571428571428571,-5.571428571428571,-0.375,-3.0,-10.857142857142858,2.75,2.4285714285714284,-4.25,9.375,9.5,15.857142857142858,4.0,10.142857142857142,-11.166666666666666,-3.111111111111111,3.5714285714285716,-0.6666666666666666,-23.428571428571427,-6.333333333333333,2.375,12.125
104,431559.0,430519.0,-2.3157894736842106,1.3636363636363635,2.736842105263158,2.772727272727273,4.333333333333333,6.157894736842105,-6.0476190476190474,-2.347826086956522,-1.826086956521739,-4.0,-0.6842105263157895,-1.4761904761904763,1.5,1.368421052631579,-3.6,-10.722222222222221,-4.611111111111111,3.4,1.1428571428571428,-10.952380952380953,-19.176470588235293,-8.45,1.5555555555555556,-1.263157894736842,1.85,-2.4,-2.0,8.526315789473685,-0.75,-0.42105263157894735,-15.5625,-2.0454545454545454,-3.210526315789474,-7.388888888888889,-7.285714285714286,-0.47619047619047616,0.8421052631578947,4.85
105,435279.0,435279.0,0.0,0.0,0.0,0.0,0.0,0.0,0.0,0.0,0.0,0.0,0.0,0.0,0.0,0.0,0.0,0.0,0.0,0.0,0.0,0.0,0.0,0.0,0.0,0.0,0.0,0.0,0.0,0.0,0.0,0.0,0.0,0.0,0.0,0.0,0.0,0.0,0.0,0.0
106,437919.0,437759.0,2.0,-7.0,14.75,3.0,-7.0,3.25,-7.333333333333333,-6.5,-2.5,30.0,1.5,3.3333333333333335,11.666666666666666,9.75,5.75,5.25,14.666666666666666,2.5,-5.0,4.333333333333333,-10.0,-9.0,-8.0,4.666666666666667,54.5,-1.0,-20.0,-4.0,-7.0,-7.666666666666667,-4.333333333333333,0.5,-3.6666666666666665,9.0,0.75,-8.0,-7.0,16.5
107,444079.0,435279.0,0.5284090909090909,-1.006060606060606,-0.2694610778443114,0.562874251497006,-0.28735632183908044,-1.3662790697674418,0.18128654970760233,0.5174418604651163,0.2596685082872928,1.3672316384180792,-2.3430232558139537,1.9642857142857142,0.40963855421686746,1.2941176470588236,-0.9554140127388535,-2.3311258278145695,1.3121019108280254,-0.34911242603550297,-1.934640522875817,0.65,-0.9565217391304348,1.0308641975308641,-0.3780487804878049,0.012422360248447204,-3.2470588235294118,3.259259259259259,2.412121212121212,-0.6946107784431138,2.072289156626506,1.4303797468354431,-0.8113207547169812,-0.9620253164556962,1.7530864197530864,-3.7875,0.6624203821656051,-0.7621951219512195,0.5031446540880503,-1.2690058479532165
108,,439919.0,0.0,0.0,0.0,0.0,0.0,0.0,0.0,0.0,0.0,0.0,0.0,0.0,0.0,0.0,0.0,0.0,0.0,0.0,0.0,0.0,0.0,0.0,0.0,0.0,0.0,0.0,0.0,0.0,0.0,0.0,0.0,0.0,0.0,0.0,0.0,0.0,0.0,0.0
