,end_time,start_time,rdsym_elec19,rdsym_elec27,rdsym_elec29,rdsym_elec5,rdsym_elec12,rdsym_elec6,rdsym_elec20,rdsym_elec13,rdsym_elec14,rdsym_elec21,rdsym_elec7,rdsym_elec28,rdsym_elec35,rdsym_elec36,rdsym_elec42,rdsym_elec43,rdsym_elec0,rdsym_elec1,rdsym_elec10,rdsym_elec11,rdsym_elec15,rdsym_elec16,rdsym_elec17,rdsym_elec18,rdsym_elec2,rdsym_elec23,rdsym_elec24,rdsym_elec25,rdsym_elec26,rdsym_elec3,rdsym_elec31,rdsym_elec32,rdsym_elec33,rdsym_elec34,rdsym_elec39,rdsym_elec4,rdsym_elec40,rdsym_elec41,rdsym_elec8,rdsym_elec9,rdsym_elec22,rdsym_elec30,rdsym_elec37,rdsym_elec38,rdsym_elec44,rdsym_elec45
0,9759.0,8239.0,0.55,-0.7647058823529411,-8.0,1.736842105263158,0.38095238095238093,0.7222222222222222,-6.809523809523809,-7.0,-3.588235294117647,-3.15,-0.23529411764705882,-4.9375,-1.4705882352941178,-11.6,8.882352941176471,-15.214285714285714,4.5,4.222222222222222,-1.7222222222222223,2.4210526315789473,4.5625,1.4375,-6.333333333333333,1.2666666666666666,5.333333333333333,-8.1875,-7.933333333333334,-9.4,-1.9333333333333333,-2.8333333333333335,-1.0625,2.375,6.8,-2.176470588235294,-0.35294117647058826,-6.0,2.15,-3.4705882352941178,-6.0,11.625,-7.9375,-9.5,-6.733333333333333,-1.6470588235294117,-5.866666666666666,-6.375
1,13719.0,11919.0,2.3125,0.5238095238095238,2.2666666666666666,2.0,-1.0526315789473684,-4.5,-4.222222222222222,-4.176470588235294,-0.4666666666666667,0.5555555555555556,4.882352941176471,5.0625,-1.9444444444444444,-4.6923076923076925,-6.8,1.9285714285714286,3.125,1.6111111111111112,5.117647058823529,5.333333333333333,4.947368421052632,1.411764705882353,2.588235294117647,3.6666666666666665,1.5,-2.3333333333333335,7.375,0.9230769230769231,1.7333333333333334,13.722222222222221,5.2631578947368425,10.526315789473685,2.875,-0.4666666666666667,-3.4705882352941178,4.117647058823529,-5.0625,3.8947368421052633,10.75,11.357142857142858,1.7058823529411764,5.866666666666666,1.5714285714285714,1.5714285714285714,-3.375,0.21428571428571427
2,17479.0,15799.0,4.933333333333334,3.066666666666667,0.5625,-0.35,5.294117647058823,-2.7222222222222223,-4.875,1.3333333333333333,-2.0,3.7142857142857144,6.352941176470588,-0.6666666666666666,3.2666666666666666,2.857142857142857,-5.7368421052631575,-6.5625,-5.294117647058823,3.15,7.266666666666667,6.7,-4.3125,0.3333333333333333,7.3,-1.3333333333333333,-6.769230769230769,-7.066666666666666,7.444444444444445,7.5625,1.9375,0.6470588235294118,-2.0625,-10.4,0.8333333333333334,8.571428571428571,-3.235294117647059,-3.5,0.5,-6.529411764705882,-9.6,0.3333333333333333,-4.875,1.5,2.2666666666666666,8.105263157894736,1.2,6.866666666666666
3,21679.0,19879.0,-5.285714285714286,-7.0625,10.2,-4.705882352941177,6.6,-0.10526315789473684,-6.0,2.176470588235294,1.6875,1.8125,-3.7058823529411766,-0.4,-2.3333333333333335,2.3333333333333335,0.5294117647058824,10.066666666666666,4.947368421052632,2.6470588235294117,3.4,0.8666666666666667,-0.47619047619047616,-2.5789473684210527,6.388888888888889,-5.384615384615385,-10.333333333333334,-4.266666666666667,-2.4444444444444446,3.9285714285714284,8.714285714285714,2.3529411764705883,1.4666666666666666,1.0714285714285714,7.428571428571429,4.625,9.333333333333334,-4.777777777777778,-2.2,-2.3529411764705883,-5.8125,-1.375,-0.8823529411764706,-4.071428571428571,-0.14285714285714285,-2.0555555555555554,2.230769230769231,-0.9375
4,25639.0,23959.0,-8.11111111111111,-0.5555555555555556,2.2941176470588234,-0.7142857142857143,0.85,4.052631578947368,-3.0588235294117645,3.875,-1.1764705882352942,13.266666666666667,2.210526315789474,6.0,-8.333333333333334,3.4705882352941178,-2.466666666666667,1.8235294117647058,0.85,1.5555555555555556,-1.4705882352941178,-1.0,-0.2,3.9411764705882355,-5.588235294117647,0.5625,1.4375,-2.5789473684210527,-1.5294117647058822,-1.2105263157894737,-0.058823529411764705,-0.625,4.470588235294118,1.8888888888888888,-4.0588235294117645,-3.2941176470588234,-1.0,-2.526315789473684,-12.666666666666666,-0.8235294117647058,0.2777777777777778,-0.7894736842105263,-4.421052631578948,1.875,8.333333333333334,0.3333333333333333,1.2941176470588236,3.8947368421052633
5,29319.0,28239.0,3.0588235294117645,-1.75,-6.214285714285714,-2.7058823529411766,-5.529411764705882,-1.4444444444444444,-7.7368421052631575,1.4285714285714286,-0.8235294117647058,0.3888888888888889,1.8235294117647058,11.3125,2.466666666666667,3.642857142857143,-4.5,-6.2,-1.4,-0.6666666666666666,3.4705882352941178,1.2222222222222223,-0.6111111111111112,4.294117647058823,-6.888888888888889,-5.529411764705882,4.277777777777778,-1.6666666666666667,-7.833333333333333,-7.352941176470588,2.7222222222222223,-4.0,-3.3333333333333335,-22.38888888888889,-5.176470588235294,-0.8235294117647058,-8.166666666666666,5.6,5.352941176470588,0.7777777777777778,0.0,14.631578947368421,-0.06666666666666667,1.8571428571428572,-0.7857142857142857,2.761904761904762,-1.5714285714285714,0.9285714285714286
6,33919.0,32519.0,0.8823529411764706,7.0,-2.642857142857143,3.8421052631578947,-2.3333333333333335,-4.375,-13.0,-1.8666666666666667,-0.5882352941176471,-1.95,-3.1875,-1.8235294117647058,-3.3333333333333335,-2.933333333333333,-0.6666666666666666,-0.75,-3.5294117647058822,3.9523809523809526,6.666666666666667,2.888888888888889,7.0,0.4444444444444444,2.4444444444444446,-4.0,-5.875,6.470588235294118,-3.2941176470588234,-0.1111111111111111,3.6923076923076925,-3.7,-3.3684210526315788,-0.058823529411764705,5.647058823529412,0.14285714285714285,-2.7222222222222223,-0.3684210526315789,-1.588235294117647,0.29411764705882354,-4.947368421052632,-3.8,-1.0,-3.9285714285714284,-9.214285714285714,-3.0,0.7142857142857143,-3.375
7,37159.0,35719.0,1.7058823529411764,5.3125,6.071428571428571,-2.6666666666666665,3.4,-5.117647058823529,4.529411764705882,-2.9285714285714284,-3.2,-2.7058823529411766,4.95,-0.7222222222222222,2.6470588235294117,-5.714285714285714,0.7058823529411765,5.933333333333334,-6.588235294117647,1.7058823529411764,4.1875,-0.9047619047619048,-0.5333333333333333,-0.06666666666666667,3.2857142857142856,-1.1764705882352942,0.06666666666666667,5.125,1.3,1.5,-0.14285714285714285,3.125,-3.176470588235294,-14.75,-2.25,12.066666666666666,-0.8235294117647058,5.666666666666667,0.15789473684210525,-3.9473684210526314,11.857142857142858,12.1875,3.6,-16.785714285714285,0.4666666666666667,2.357142857142857,-7.769230769230769,4.684210526315789
8,41839.0,40079.0,11.642857142857142,1.0,7.3076923076923075,-1.1428571428571428,3.3157894736842106,-0.5263157894736842,4.0,0.5,4.8125,-8.6875,-3.8823529411764706,-3.076923076923077,6.529411764705882,-5.769230769230769,3.263157894736842,9.1875,2.263157894736842,-2.4444444444444446,2.466666666666667,5.823529411764706,7.0,-2.1666666666666665,0.2,2.375,0.7647058823529411,0.5263157894736842,-0.23529411764705882,2.875,6.722222222222222,0.3333333333333333,-12.066666666666666,-0.9375,-0.06666666666666667,-0.7647058823529411,-1.1333333333333333,0.8823529411764706,5.722222222222222,-1.1333333333333333,5.0,1.4210526315789473,1.0,2.9411764705882355,-1.0555555555555556,2.3684210526315788,-5.4375,-5.2
9,45839.0,44119.0,0.875,2.3125,0.4117647058823529,4.15,-0.3888888888888889,2.611111111111111,2.7058823529411766,-2.7333333333333334,-5.888888888888889,-0.5625,2.85,-2.5,-2.75,-1.0,0.4375,-2.0,5.611111111111111,0.2631578947368421,6.133333333333334,-5.294117647058823,2.380952380952381,2.2777777777777777,-2.6470588235294117,1.9333333333333333,-5.4375,-2.7777777777777777,3.7058823529411766,-2.5714285714285716,-0.5625,-1.5333333333333334,-3.8823529411764706,6.1875,2.2666666666666666,2.2,-3.2222222222222223,9.6,-5.894736842105263,-11.375,5.0588235294117645,-1.4736842105263157,1.125,8.714285714285714,-2.0,-2.5294117647058822,-6.533333333333333,0.25
10,50039.0,48199.0,4.5,6.125,-13.214285714285714,-3.823529411764706,-2.0,-1.5333333333333334,-6.235294117647059,-3.0,-5.533333333333333,0.5714285714285714,0.4375,-8.8,1.7333333333333334,-4.571428571428571,-1.8235294117647058,3.0625,1.6666666666666667,3.6470588235294117,3.75,4.875,0.47058823529411764,9.8125,9.882352941176471,7.6875,-5.368421052631579,-2.5555555555555554,6.176470588235294,2.4285714285714284,1.9285714285714286,3.2777777777777777,-3.8333333333333335,1.6470588235294117,3.5,-4.0,8.2,-0.3888888888888889,8.714285714285714,3.2941176470588234,0.05555555555555555,1.6428571428571428,-2.2857142857142856,-0.6666666666666666,-9.933333333333334,-17.6,-8.5,-7.473684210526316
11,53559.0,52079.0,8.214285714285714,1.1875,-10.461538461538462,-1.588235294117647,5.066666666666666,0.1875,-5.285714285714286,3.7857142857142856,-3.0588235294117645,7.5,2.5789473684210527,-2.588235294117647,0.9411764705882353,-7.846153846153846,0.11764705882352941,2.7058823529411766,-7.882352941176471,-3.466666666666667,-10.545454545454545,-2.0588235294117645,-10.333333333333334,-0.125,-1.8888888888888888,1.0588235294117647,-1.45,-6.470588235294118,6.8125,-1.1764705882352942,4.4,-4.0588235294117645,-4.470588235294118,-13.0625,7.833333333333333,5.625,-9.266666666666667,3.25,2.2,-1.1764705882352942,2.05,6.947368421052632,-1.1764705882352942,-6.785714285714286,-6.8125,4.0,-10.533333333333333,-0.2
12,57559.0,56079.0,0.4666666666666667,-1.2352941176470589,3.4285714285714284,0.5,-0.3684210526315789,5.529411764705882,-11.266666666666667,3.823529411764706,-1.5294117647058822,2.2222222222222223,0.3333333333333333,-0.0625,-5.6875,8.533333333333333,-3.55,2.2777777777777777,10.1875,3.4705882352941178,-2.823529411764706,-2.3333333333333335,3.3333333333333335,3.789473684210526,3.0,6.25,-0.8125,-1.1666666666666667,4.722222222222222,1.3125,7.352941176470588,-6.8,-2.5,-5.578947368421052,-2.1875,-2.357142857142857,3.4375,-1.3333333333333333,10.5625,0.9444444444444444,0.6,1.2352941176470589,-1.0555555555555556,8.6875,-6.0,7.352941176470588,10.125,1.0666666666666667
13,65519.0,59599.0,,,,,,,,,,,,,,,,,,,,,,,,,,,,,,,,,,,,,,,,,,,,,,
14,65679.0,64399.0,5.5,-1.0588235294117647,7.733333333333333,-5.2727272727272725,6.578947368421052,-6.117647058823529,3.3529411764705883,-2.5,3.75,1.1176470588235294,-8.095238095238095,-10.857142857142858,-7.294117647058823,-1.0666666666666667,-5.235294117647059,7.923076923076923,-4.590909090909091,-0.631578947368421,2.923076923076923,-2.9375,-0.3888888888888889,2.388888888888889,-2.375,6.125,3.0,3.9444444444444446,0.5333333333333333,0.7647058823529411,5.117647058823529,5.2,-1.8823529411764706,-6.466666666666667,1.8125,7.866666666666666,-4.9,-1.3157894736842106,8.9375,3.4705882352941178,-4.65,-5.0588235294117645,-7.8125,2.0,1.2941176470588236,7.111111111111111,2.8333333333333335,11.8
15,69719.0,68119.0,3.4615384615384617,2.4,3.1538461538461537,3.4375,-0.1875,-4.888888888888889,-13.0,-2.125,-5.9375,-16.357142857142858,-4.352941176470588,-1.4666666666666666,3.411764705882353,7.5625,6.470588235294118,1.55,-4.666666666666667,2.55,-9.615384615384615,-5.266666666666667,-1.7857142857142858,1.8666666666666667,-4.733333333333333,1.4666666666666666,11.666666666666666,-4.733333333333333,0.4117647058823529,-3.0,-8.277777777777779,0.5294117647058824,-9.823529411764707,-1.8,4.428571428571429,-3.4705882352941178,-4.2105263157894735,-3.5294117647058822,1.4444444444444444,3.111111111111111,-3.2666666666666666,-7.0,-0.7368421052631579,-11.6,2.7333333333333334,12.25,-4.125,1.588235294117647
16,74599.0,72359.0,5.2,8.15,-7.6875,-0.5,-3.1904761904761907,2.45,-2.3333333333333335,6.333333333333333,2.6666666666666665,0.0,-3.15,-5.055555555555555,0.0,-5.9375,-15.125,6.933333333333334,-5.2105263157894735,4.05,-4.777777777777778,1.2105263157894737,0.4117647058823529,-0.6875,5.0,-1.0588235294117647,6.1875,-4.222222222222222,2.5294117647058822,2.2222222222222223,3.0,-9.0,8.933333333333334,-5.25,-0.6,2.25,-1.588235294117647,-6.470588235294118,7.9375,-5.588235294117647,-7.375,-1.2,3.0588235294117645,1.0625,-4.625,3.3529411764705883,4.153846153846154,4.076923076923077
17,77359.0,75999.0,1.2666666666666666,0.2631578947368421,1.2352941176470589,4.3125,-3.7142857142857144,1.0,0.2,3.6,3.0,-0.29411764705882354,0.7222222222222222,-0.9333333333333333,1.1428571428571428,3.9375,1.8888888888888888,4.666666666666667,3.625,1.4210526315789473,6.214285714285714,-6.611111111111111,-4.25,-6.866666666666666,-2.3125,-2.588235294117647,-0.6923076923076923,-4.933333333333334,2.6,-5.461538461538462,1.2,3.533333333333333,-4.857142857142857,1.2105263157894737,2.5625,2.3125,-2.0,1.631578947368421,5.866666666666666,-0.7647058823529411,3.3125,-2.4705882352941178,-2.375,-3.4,-0.6470588235294118,-14.3125,6.157894736842105,7.153846153846154
18,81679.0,80119.0,8.714285714285714,5.625,-2.8,-1.125,-1.1333333333333333,-0.75,1.9444444444444444,1.875,-2.357142857142857,-1.1666666666666667,-4.111111111111111,10.066666666666666,-1.6923076923076923,4.125,0.0,3.25,-0.6111111111111112,-5.0,-13.071428571428571,2.0625,-8.882352941176471,4.9375,-1.7647058823529411,3.263157894736842,-0.6470588235294118,-0.9411764705882353,4.571428571428571,3.4375,15.266666666666667,2.933333333333333,-1.0,-8.8125,4.0625,11.5625,-0.35294117647058826,2.588235294117647,7.3125,0.15789473684210525,-3.1052631578947367,3.2,-1.7222222222222223,4.055555555555555,-6.705882352941177,0.0,-3.142857142857143,-2.4375
19,85399.0,84119.0,-4.666666666666667,2.6470588235294117,4.0,-14.4375,-7.235294117647059,-0.2222222222222222,-2.7222222222222223,-6.647058823529412,-5.266666666666667,-3.7777777777777777,1.625,-0.7647058823529411,-8.375,-2.4375,-9.0,9.214285714285714,-0.5,0.8,8.0,1.1578947368421053,-1.1176470588235294,3.823529411764706,-3.823529411764706,-1.411764705882353,9.166666666666666,4.733333333333333,-1.8235294117647058,-1.5625,-5.375,-0.6470588235294118,-6.625,6.875,2.4705882352941178,-2.5,-0.2,5.5625,2.2666666666666666,3.0555555555555554,-8.642857142857142,3.3529411764705883,1.9473684210526316,-4.0,-2.9444444444444446,1.8571428571428572,-4.4375,-13.1875
20,91199.0,97119.0,,,,,,,,,,,,,,,,,,,,,,,,,,,,,,,,,,,,,,,,,,,,,,
21,93599.0,91919.0,5.125,-1.0666666666666667,-4.857142857142857,4.0476190476190474,-6.944444444444445,4.294117647058823,-3.2222222222222223,-2.5294117647058822,1.3529411764705883,-6.785714285714286,0.05555555555555555,-0.3888888888888889,0.0,7.125,4.157894736842105,-1.0588235294117647,0.15789473684210525,7.315789473684211,-1.625,1.8125,1.6111111111111112,2.3,-0.8125,-4.235294117647059,1.15,-0.6842105263157895,4.105263157894737,1.2142857142857142,12.066666666666666,2.45,6.333333333333333,-6.066666666666666,-4.357142857142857,4.578947368421052,10.375,6.8125,-2.2,2.388888888888889,-4.625,6.9411764705882355,0.4117647058823529,10.461538461538462,6.333333333333333,-0.375,-6.3125,4.066666666666666
22,97919.0,96759.0,0.7333333333333333,-0.5882352941176471,-0.35294117647058826,-1.85,-0.7894736842105263,-2.4705882352941178,-7.9375,-5.235294117647059,0.5263157894736842,-6.111111111111111,0.4,3.3125,5.1875,-13.6,-1.4736842105263157,4.294117647058823,-7.625,-4.166666666666667,6.470588235294118,-0.8333333333333334,-6.157894736842105,0.8888888888888888,3.6666666666666665,1.1333333333333333,3.3333333333333335,2.6842105263157894,-0.23529411764705882,5.6,-5.733333333333333,5.222222222222222,-2.6470588235294117,3.625,-4.916666666666667,5.882352941176471,5.944444444444445,-0.05263157894736842,-2.411764705882353,0.05263157894736842,5.1875,7.7368421052631575,4.882352941176471,8.0,1.2666666666666666,0.2631578947368421,-1.8461538461538463,-3.125
23,101599.0,100319.0,-2.5625,1.0588235294117647,1.7857142857142858,5.9375,-2.4375,-3.5,3.111111111111111,-9.714285714285714,4.1875,6.647058823529412,-5.333333333333333,-1.2941176470588236,-4.133333333333334,4.266666666666667,2.4444444444444446,-3.6875,-0.058823529411764705,8.066666666666666,-10.384615384615385,1.5294117647058822,-0.75,8.533333333333333,-1.1538461538461537,-5.777777777777778,-1.0,7.882352941176471,0.7692307692307693,-11.166666666666666,3.176470588235294,-1.1428571428571428,-3.933333333333333,-4.0,-11.461538461538462,7.3125,-3.5,3.0625,-8.0,2.9444444444444446,6.642857142857143,3.3076923076923075,-5.0,-0.26666666666666666,13.583333333333334,3.466666666666667,-11.538461538461538,9.0625
24,105679.0,103959.0,-2.176470588235294,11.2,3.375,1.411764705882353,3.0,-1.0588235294117647,-7.75,-2.4375,-4.142857142857143,-3.3684210526315788,-6.315789473684211,-1.3333333333333333,-3.1333333333333333,2.9375,-1.6666666666666667,7.15,-3.111111111111111,3.411764705882353,4.642857142857143,2.2222222222222223,-2.3529411764705883,5.764705882352941,2.076923076923077,-1.2666666666666666,2.375,4.421052631578948,-5.266666666666667,1.6666666666666667,-0.5625,5.823529411764706,-0.35714285714285715,-2.3529411764705883,-4.411764705882353,-10.5625,-3.9375,2.6666666666666665,0.5625,-0.7777777777777778,4.444444444444445,0.35294117647058826,-5.0,-4.777777777777778,1.2941176470588236,5.684210526315789,-1.7777777777777777,5.352941176470588
25,109639.0,108159.0,5.411764705882353,-3.8666666666666667,2.25,-1.1428571428571428,4.5,10.133333333333333,-0.7333333333333333,-0.14285714285714285,-6.214285714285714,-1.625,3.1333333333333333,6.333333333333333,6.466666666666667,4.933333333333334,3.8333333333333335,3.076923076923077,-3.1333333333333333,-5.538461538461538,-2.7333333333333334,9.055555555555555,4.352941176470588,-1.2307692307692308,20.214285714285715,1.4705882352941178,-4.923076923076923,5.111111111111111,6.142857142857143,-2.5625,6.125,-1.4666666666666666,-11.058823529411764,-4.928571428571429,-7.733333333333333,6.933333333333334,-0.5833333333333334,-2.142857142857143,-2.2,9.882352941176471,6.388888888888889,-5.214285714285714,-3.1176470588235294,-0.2,1.2,2.6875,3.25,3.411764705882353
26,114079.0,112199.0,-0.38461538461538464,-1.6875,0.625,-3.75,2.8333333333333335,-2.6470588235294117,1.2941176470588236,-4.2,3.5294117647058822,-10.4375,-3.0588235294117645,-6.777777777777778,1.2941176470588236,-11.9375,-3.409090909090909,-1.1111111111111112,-1.8235294117647058,-9.384615384615385,5.9375,-0.47058823529411764,5.578947368421052,-1.8235294117647058,0.7857142857142857,-0.5333333333333333,1.588235294117647,-3.3333333333333335,2.111111111111111,10.2,-2.2142857142857144,3.933333333333333,4.125,5.0,-7.875,-0.625,-4.142857142857143,-0.3333333333333333,-1.1875,-0.5,3.8823529411764706,-1.5555555555555556,-5.111111111111111,-2.5,-5.133333333333334,0.8,-6.625,-0.9444444444444444
27,117559.0,116359.0,3.5714285714285716,1.6666666666666667,8.533333333333333,4.588235294117647,1.375,-2.611111111111111,-3.6470588235294117,-4.928571428571429,1.7647058823529411,2.823529411764706,-6.235294117647059,-7.882352941176471,0.125,-0.8125,-1.0,-1.75,8.444444444444445,3.9411764705882355,0.05555555555555555,-0.9411764705882353,1.2222222222222223,-4.411764705882353,4.5,-6.0,7.777777777777778,0.11764705882352941,-2.388888888888889,7.533333333333333,6.428571428571429,-1.5,3.0588235294117645,1.8235294117647058,10.923076923076923,-3.357142857142857,-1.0,0.6111111111111112,-5.0,-1.4705882352941178,6.555555555555555,-0.7647058823529411,1.0,0.7647058823529411,-3.642857142857143,2.0625,-0.7692307692307693,-7.538461538461538
28,122399.0,119919.0,6.352941176470588,-13.11111111111111,1.2941176470588236,2.823529411764706,1.8125,2.8125,-6.5,-3.2,-2.8,-7.2631578947368425,-1.0588235294117647,1.4,-4.421052631578948,-8.3125,-6.157894736842105,-3.2666666666666666,2.0476190476190474,2.4705882352941178,1.9285714285714286,-6.888888888888889,-3.375,1.736842105263158,5.0,0.1875,-6.533333333333333,-1.2352941176470589,-3.0,-9.11111111111111,-9.0625,-8.5625,3.2941176470588234,-3.4,-18.3125,-7.285714285714286,9.928571428571429,-1.8888888888888888,-3.6875,1.3333333333333333,-4.277777777777778,6.352941176470588,-13.0,-7.066666666666666,-9.375,-0.23529411764705882,-10.083333333333334,-8.733333333333333
29,125919.0,123999.0,3.125,-0.07142857142857142,-1.411764705882353,-5.375,6.4375,2.0555555555555554,9.764705882352942,-1.0,3.0,8.875,7.0,-3.7777777777777777,-10.0625,1.6875,4.352941176470588,7.5,-3.0,3.5294117647058822,3.1176470588235294,-0.47058823529411764,4.0,1.2857142857142858,9.4375,-5.769230769230769,4.625,4.133333333333334,4.111111111111111,5.866666666666666,2.8666666666666667,0.47058823529411764,2.736842105263158,-0.7777777777777778,5.2,7.4,2.0,2.9411764705882355,2.4,-1.7222222222222223,0.5882352941176471,4.75,0.058823529411764705,0.8666666666666667,5.4,1.2941176470588236,1.4444444444444444,-4.8
30,129559.0,128079.0,10.058823529411764,-5.5,2.1666666666666665,-1.9523809523809523,0.47058823529411764,2.526315789473684,0.5555555555555556,0.3888888888888889,-1.411764705882353,-2.0,-2.789473684210526,1.0625,-9.6875,2.263157894736842,-2.9473684210526314,7.0,1.6842105263157894,7.125,6.5,6.875,-4.166666666666667,-6.0,7.388888888888889,1.0,-9.0,-3.0,8.3125,-0.8125,-4.2105263157894735,2.5555555555555554,3.35,-6.888888888888889,-2.4210526315789473,2.6875,2.375,1.65,6.705882352941177,2.0,3.0588235294117645,-3.4444444444444446,-1.4705882352941178,-2.764705882352941,-4.0,1.6842105263157894,-7.066666666666666,0.6
31,134759.0,132159.0,14.357142857142858,7.0588235294117645,-6.0588235294117645,-2.0,-6.157894736842105,-5.2631578947368425,-12.733333333333333,2.111111111111111,13.933333333333334,-5.176470588235294,-4.777777777777778,1.5,-4.0,-7.625,2.0,-5.411764705882353,1.875,3.2666666666666666,-1.0666666666666667,1.0,-2.8,11.352941176470589,-5.611111111111111,-4.0,4.0,-3.6666666666666665,-2.7058823529411766,5.133333333333334,-3.1176470588235294,8.9375,-6.0,5.294117647058823,1.2666666666666666,-0.26666666666666666,-1.625,-1.625,8.76923076923077,4.0,4.529411764705882,-3.5,-0.625,-1.7333333333333334,1.0,-0.6470588235294118,-6.133333333333334,-5.875
32,138799.0,136119.0,10.428571428571429,16.764705882352942,6.875,2.526315789473684,-2.2,0.7777777777777778,2.0714285714285716,0.0625,-0.47058823529411764,4.388888888888889,0.5263157894736842,0.8947368421052632,10.0625,1.4375,-1.8125,2.375,4.142857142857143,0.2857142857142857,-5.833333333333333,-0.4666666666666667,11.5,11.307692307692308,4.8,8.357142857142858,-12.153846153846153,-6.9375,7.421052631578948,2.5625,13.928571428571429,-0.7692307692307693,-10.055555555555555,-2.2666666666666666,-4.133333333333334,10.3125,3.4285714285714284,5.166666666666667,8.933333333333334,1.1875,8.0,3.9411764705882355,-8.058823529411764,-3.0625,12.2,-4.294117647058823,7.133333333333334,1.7058823529411764
33,142559.0,139959.0,-2.5789473684210527,-2.933333333333333,1.0,5.052631578947368,-14.0,-1.1578947368421053,4.45,3.1875,3.35,1.0666666666666667,-1.894736842105263,2.736842105263158,0.0,2.588235294117647,5.476190476190476,4.2,-4.7368421052631575,2.75,2.533333333333333,4.625,5.5,-1.3888888888888888,5.9375,-2.5,3.25,-7.055555555555555,-3.125,-2.1176470588235294,2.3529411764705883,-2.4705882352941178,-12.3125,-14.785714285714286,2.8125,3.375,1.2857142857142858,0.6,-1.0,1.8333333333333333,-7.944444444444445,7.777777777777778,-3.388888888888889,-4.8,-2.5,-9.352941176470589,9.466666666666667,-2.8125
34,145719.0,144199.0,9.6875,4.0625,1.6875,3.933333333333333,0.42105263157894735,-6.3125,4.9411764705882355,-5.466666666666667,-6.571428571428571,0.6,-11.0,1.75,-2.5,-2.411764705882353,-0.15789473684210525,1.1875,7.733333333333333,1.8571428571428572,3.5384615384615383,3.3333333333333335,-4.388888888888889,-7.8,0.26666666666666666,-12.466666666666667,1.5333333333333334,-7.235294117647059,2.6153846153846154,2.0714285714285716,-3.0,0.125,-7.470588235294118,2.5,-6.071428571428571,-3.3529411764705883,-3.2857142857142856,3.9411764705882355,5.125,-1.2352941176470589,3.2857142857142856,-4.066666666666666,0.0,-5.866666666666666,12.461538461538462,6.722222222222222,8.647058823529411,-3.1333333333333333
35,149559.0,147959.0,7.2,-4.117647058823529,8.266666666666667,-3.411764705882353,-4.333333333333333,0.8823529411764706,-9.764705882352942,-1.25,-5.875,-10.4375,7.473684210526316,2.4444444444444446,1.1764705882352942,3.1875,4.333333333333333,2.625,1.4736842105263157,5.157894736842105,-2.2666666666666666,1.8571428571428572,0.75,0.5625,0.3333333333333333,2.357142857142857,-12.533333333333333,-3.5789473684210527,5.533333333333333,-6.133333333333334,-7.125,4.0625,0.631578947368421,4.428571428571429,5.266666666666667,2.5294117647058822,9.0,-0.11764705882352941,-3.7058823529411766,-3.0,-9.066666666666666,-3.176470588235294,-3.1875,2.0,3.588235294117647,-9.0625,0.06666666666666667,4.533333333333333
36,154199.0,152959.0,5.428571428571429,-5.166666666666667,-4.375,-3.25,2.5,-4.0,1.5263157894736843,8.214285714285714,-0.5,2.6666666666666665,-14.764705882352942,-2.6666666666666665,2.0,4.625,3.4375,-0.5714285714285714,-2.875,-8.882352941176471,5.5,2.176470588235294,0.3333333333333333,-1.6111111111111112,-3.6666666666666665,0.8666666666666667,-5.4,10.5625,-8.428571428571429,0.6666666666666666,-2.857142857142857,0.9411764705882353,-2.357142857142857,7.6875,0.631578947368421,-0.9473684210526315,1.5333333333333334,2.823529411764706,5.875,-2.8,-0.6111111111111112,-4.5,2.411764705882353,10.76923076923077,-4.4,4.052631578947368,-4.0625,-1.588235294117647
37,157439.0,156119.0,6.5,5.866666666666666,-0.35294117647058826,5.375,2.0,-3.25,-6.533333333333333,5.714285714285714,-5.125,-5.352941176470588,-5.055555555555555,-1.1875,6.4,-1.1333333333333333,-8.066666666666666,6.0,0.3888888888888889,1.0625,-0.15789473684210525,-8.0625,-0.6666666666666666,1.3529411764705883,0.35714285714285715,9.153846153846153,-3.5555555555555554,2.0555555555555554,-2.066666666666667,-4.461538461538462,5.384615384615385,-2.111111111111111,-5.133333333333334,13.642857142857142,-6.538461538461538,2.6666666666666665,3.933333333333333,-2.6666666666666665,2.7857142857142856,0.5714285714285714,5.333333333333333,-6.647058823529412,-3.5,14.533333333333333,4.235294117647059,-4.6,3.857142857142857,15.846153846153847
38,161999.0,160079.0,2.4285714285714284,6.25,7.125,3.789473684210526,7.642857142857143,-0.1875,0.4444444444444444,11.75,6.285714285714286,-2.0,-3.823529411764706,1.1578947368421053,1.4,6.928571428571429,0.14285714285714285,8.25,0.16666666666666666,7.2,2.5714285714285716,-1.125,-3.3333333333333335,-4.866666666666666,1.1428571428571428,7.357142857142857,4.357142857142857,-1.8,1.0,-0.7857142857142857,11.23076923076923,-2.9411764705882355,1.3333333333333333,-10.333333333333334,1.6666666666666667,3.235294117647059,-2.1052631578947367,-5.5625,0.1875,1.1176470588235294,3.6470588235294117,5.933333333333334,-5.176470588235294,-1.0,5.6,-2.2777777777777777,-3.7142857142857144,-10.615384615384615
39,165559.0,164079.0,2.933333333333333,-0.7333333333333333,2.8666666666666667,1.0526315789473684,1.2857142857142858,2.7222222222222223,-4.375,1.0769230769230769,-10.941176470588236,-2.764705882352941,-1.3125,-4.0,3.888888888888889,-1.1176470588235294,1.0555555555555556,-6.533333333333333,-8.6,6.375,-2.142857142857143,-3.0,-10.222222222222221,-2.388888888888889,5.0625,2.0714285714285716,4.3125,-14.0,2.1666666666666665,1.4666666666666666,6.466666666666667,1.2352941176470589,-1.588235294117647,-11.823529411764707,-4.266666666666667,3.5555555555555554,-6.0,-0.6666666666666666,5.5,0.7368421052631579,5.352941176470588,-10.277777777777779,7.0,-4.0,2.823529411764706,3.3529411764705883,-1.4615384615384615,2.9375
40,169639.0,168319.0,8.0,-4.444444444444445,-2.1333333333333333,-3.7222222222222223,-0.8947368421052632,-3.764705882352941,-14.0,0.75,2.4705882352941178,4.0,0.16666666666666666,-4.9411764705882355,-0.058823529411764705,5.529411764705882,-2.3529411764705883,3.066666666666667,-1.8888888888888888,-4.473684210526316,5.842105263157895,-3.7058823529411766,-1.1428571428571428,5.235294117647059,2.111111111111111,1.2777777777777777,4.705882352941177,3.125,0.4375,3.2857142857142856,2.7142857142857144,6.466666666666667,-4.444444444444445,-0.25,-0.26666666666666666,8.333333333333334,2.3333333333333335,3.2222222222222223,8.266666666666667,-2.111111111111111,-2.7142857142857144,-3.789473684210526,6.125,6.642857142857143,0.4117647058823529,8.466666666666667,0.6470588235294118,1.25
41,173559.0,171919.0,-0.5,9.666666666666666,-0.0625,11.235294117647058,2.0588235294117645,0.6111111111111112,1.1875,-3.0,-3.0588235294117645,-1.368421052631579,0.1875,5.444444444444445,2.8421052631578947,0.07692307692307693,-1.0588235294117647,6.785714285714286,20.41176470588235,-0.6842105263157895,-1.2352941176470589,0.35294117647058826,0.16666666666666666,1.4,-3.6666666666666665,1.5294117647058822,4.5,7.076923076923077,2.2857142857142856,1.368421052631579,0.625,-0.7222222222222222,-8.071428571428571,2.8636363636363638,-1.25,-1.736842105263158,-0.875,-1.875,-0.06666666666666667,-1.7222222222222223,-5.3125,2.4705882352941178,0.5882352941176471,4.5,1.4375,-1.1333333333333333,-5.6,-1.8
42,177799.0,176119.0,-4.411764705882353,3.3333333333333335,7.1875,0.6666666666666666,-2.823529411764706,4.277777777777778,-7.9411764705882355,6.333333333333333,6.947368421052632,1.6666666666666667,-1.8235294117647058,1.7777777777777777,1.4444444444444444,11.764705882352942,7.944444444444445,2.388888888888889,0.3125,-5.357142857142857,-3.5714285714285716,11.0,0.8125,0.3333333333333333,6.3125,-3.0,7.076923076923077,1.7647058823529411,-6.444444444444445,4.625,-6.882352941176471,0.7647058823529411,14.4375,2.857142857142857,-0.7058823529411765,-2.823529411764706,-5.6,2.5625,-4.333333333333333,1.2222222222222223,8.0,2.875,4.8125,-2.25,7.5625,2.7058823529411766,2.8947368421052633,0.26666666666666666
43,181599.0,179999.0,4.166666666666667,6.529411764705882,3.6666666666666665,7.642857142857143,-4.055555555555555,-0.5625,-3.9375,2.857142857142857,-6.533333333333333,-3.142857142857143,-0.14285714285714285,1.8,7.5,-11.625,3.3,8.5625,6.0,16.666666666666668,-11.714285714285714,-3.8,-3.6153846153846154,4.9411764705882355,-3.875,-3.411764705882353,-8.23076923076923,-7.066666666666666,5.733333333333333,10.928571428571429,-1.2,-0.6923076923076923,-7.75,-0.1875,-5.714285714285714,-5.2,-9.4375,3.75,-0.4375,1.105263157894737,4.466666666666667,6.5625,0.8571428571428571,7.6923076923076925,-6.352941176470588,0.5625,-6.533333333333333,-1.3529411764705883
44,185679.0,184159.0,13.266666666666667,-1.125,-6.357142857142857,4.9375,-4.733333333333333,-0.125,-6.882352941176471,-0.9333333333333333,-7.0,6.266666666666667,-1.1176470588235294,-2.0625,6.0625,-4.571428571428571,-4.888888888888889,-6.0,4.578947368421052,-1.7,5.9375,-9.6875,0.22727272727272727,-5.578947368421052,8.733333333333333,-1.1875,-5.5625,1.9473684210526316,5.6,-2.857142857142857,0.2857142857142857,5.222222222222222,-3.823529411764706,3.15,-2.2666666666666666,-3.625,-2.5625,4.166666666666667,12.076923076923077,-6.722222222222222,-0.47058823529411764,9.777777777777779,-0.5714285714285714,4.538461538461538,7.705882352941177,3.473684210526316,7.923076923076923,-0.8
45,189919.0,188279.0,10.647058823529411,9.4375,-3.2222222222222223,2.875,-1.8,-4.0,1.4705882352941178,-8.0625,-1.5555555555555556,0.7222222222222222,-5.166666666666667,0.7058823529411765,3.2941176470588234,-3.3333333333333335,-1.625,-10.0,5.176470588235294,-0.4117647058823529,-8.866666666666667,0.0,-0.3157894736842105,0.8125,-3.0,5.8,0.47058823529411764,-12.615384615384615,1.7857142857142858,-1.25,3.1875,-4.142857142857143,-2.5625,8.23076923076923,3.533333333333333,5.461538461538462,-6.5625,1.4615384615384615,-8.466666666666667,-4.111111111111111,6.8125,3.2,-2.375,-0.29411764705882354,7.0,13.9375,-4.1875,-4.470588235294118
46,193679.0,192199.0,-8.8125,-1.411764705882353,-2.3333333333333335,-1.3333333333333333,6.25,-2.066666666666667,-1.6666666666666667,1.4375,-8.4375,7.285714285714286,3.3076923076923075,0.3125,3.2666666666666666,-1.6470588235294117,2.1578947368421053,8.384615384615385,3.764705882352941,15.642857142857142,-9.285714285714286,5.722222222222222,-0.7777777777777778,-3.0714285714285716,0.07142857142857142,2.933333333333333,-1.0588235294117647,-2.8125,7.846153846153846,-5.214285714285714,4.8,-12.571428571428571,-0.23529411764705882,2.6,-0.07142857142857142,-2.176470588235294,-4.764705882352941,-2.0,0.2,-1.3888888888888888,-0.46153846153846156,-2.5,-2.5,-8.666666666666666,3.375,-7.6875,5.769230769230769,2.8
47,197719.0,196319.0,0.1875,5.5,5.4,-1.3888888888888888,-1.2857142857142858,-0.17647058823529413,-5.333333333333333,3.8,-1.1764705882352942,-4.9375,2.0,2.7777777777777777,-4.235294117647059,-2.625,1.15,-2.526315789473684,5.2631578947368425,-9.333333333333334,-2.4375,3.1333333333333333,3.0,4.7894736842105265,-0.8235294117647058,6.846153846153846,-1.375,-1.1111111111111112,2.066666666666667,1.9375,-3.2666666666666666,8.055555555555555,1.5294117647058822,-11.733333333333333,0.8,3.5,0.5625,3.588235294117647,9.133333333333333,-1.5,-1.1875,2.0,4.125,5.066666666666666,0.0,5.368421052631579,-0.8125,1.25
48,205199.0,199959.0,,,,,,,,,,,,,,,,,,,,,,,,,,,,,,,,,,,,,,,,,,,,,,
49,205879.0,203919.0,-3.6923076923076925,-1.0,-1.7058823529411764,7.764705882352941,8.466666666666667,-4.352941176470588,0.4,0.5625,-3.0,-2.0625,-9.411764705882353,7.764705882352941,-5.647058823529412,7.0,-9.842105263157896,-3.6470588235294117,14.333333333333334,7.642857142857143,3.0555555555555554,2.875,6.4,-7.0,0.058823529411764705,2.8,-0.42857142857142855,2.0,6.0,-6.5,-5.071428571428571,10.125,-7.214285714285714,-4.8,-0.16666666666666666,3.0,-3.0,6.777777777777778,4.6,4.2631578947368425,15.357142857142858,1.1333333333333333,-3.6470588235294117,7.133333333333334,3.7142857142857144,-2.4444444444444446,-2.357142857142857,1.8125
50,209719.0,208079.0,3.9473684210526314,-2.857142857142857,3.357142857142857,-5.176470588235294,-2.6842105263157894,-5.470588235294118,-1.5,-2.7058823529411766,-8.823529411764707,-1.0,0.05263157894736842,4.055555555555555,0.26666666666666666,1.0,6.6875,1.2142857142857142,6.133333333333334,5.285714285714286,2.642857142857143,5.882352941176471,15.0,2.857142857142857,16.75,-2.6875,-0.8666666666666667,3.5714285714285716,2.6923076923076925,6.733333333333333,11.428571428571429,16.0,12.428571428571429,-4.4,8.083333333333334,8.615384615384615,-1.25,12.428571428571429,2.9285714285714284,0.0,7.923076923076923,15.0,1.9375,-1.3333333333333333,6.533333333333333,2.9411764705882355,-2.6153846153846154,11.4
51,213879.0,211919.0,2.625,-2.7857142857142856,5.875,0.6470588235294118,1.8125,-4.0,-4.625,-7.0625,1.588235294117647,-2.3333333333333335,-4.578947368421052,-2.25,-4.9411764705882355,-7.176470588235294,-6.882352941176471,4.714285714285714,-9.352941176470589,-0.8333333333333334,3.2777777777777777,-0.5294117647058824,-0.05263157894736842,2.9411764705882355,1.5,4.8,-3.0714285714285716,-3.5,-2.125,3.3125,-1.6,1.4166666666666667,4.684210526315789,3.1875,8.055555555555555,-1.0,0.6666666666666666,9.5,-5.647058823529412,-0.1111111111111111,4.6875,7.125,9.466666666666667,-5.066666666666666,3.7058823529411766,-1.8666666666666667,-8.866666666666667,-7.2
52,217559.0,216159.0,4.933333333333334,0.4375,-8.857142857142858,13.866666666666667,-2.533333333333333,-1.8235294117647058,-1.2857142857142858,-1.8571428571428572,-1.9333333333333333,-0.4375,-4.7368421052631575,5.75,-6.5625,8.0,-2.0555555555555554,3.75,9.578947368421053,2.25,-7.705882352941177,-4.9411764705882355,-6.166666666666667,2.6666666666666665,0.625,-5.5,-2.0,0.5333333333333333,5.333333333333333,-2.2,4.8125,-5.411764705882353,9.266666666666667,-4.411764705882353,1.0,1.8125,-2.0714285714285716,3.4375,0.5625,-1.6875,-0.47058823529411764,0.125,-0.4666666666666667,1.9166666666666667,9.142857142857142,-0.35714285714285715,2.0625,3.2941176470588234
53,221839.0,220239.0,-6.444444444444445,-0.5714285714285714,-4.857142857142857,2.5,-0.9285714285714286,-4.111111111111111,-0.058823529411764705,0.14285714285714285,1.125,-0.7142857142857143,-1.5714285714285714,-0.5294117647058824,3.25,1.8,2.388888888888889,1.3529411764705883,2.9444444444444446,-4.2105263157894735,-3.263157894736842,-0.35294117647058826,-4.0,4.368421052631579,0.125,0.0,2.1333333333333333,-3.0526315789473686,4.333333333333333,4.368421052631579,-3.375,-0.2222222222222222,1.1666666666666667,0.47058823529411764,-1.631578947368421,-1.5294117647058822,-8.263157894736842,-2.8666666666666667,1.1764705882352942,4.764705882352941,-4.9375,4.352941176470588,5.555555555555555,0.7222222222222222,-0.5625,8.5,-4.571428571428571,4.277777777777778
54,225839.0,224559.0,-3.125,-7.3125,0.3125,-7.666666666666667,-6.0,1.894736842105263,-0.8125,-3.8333333333333335,2.6470588235294117,-8.117647058823529,-1.736842105263158,-3.823529411764706,-0.375,-1.6875,5.375,-11.8,-8.875,3.0625,4.176470588235294,0.05263157894736842,6.5,3.411764705882353,12.285714285714286,-12.428571428571429,5.0,-1.8421052631578947,-1.5,-3.6,-0.5384615384615384,-1.1176470588235294,5.0,4.722222222222222,3.0,-1.3888888888888888,11.142857142857142,-4.470588235294118,-1.1875,-2.9375,4.333333333333333,3.0,-1.7058823529411764,-5.764705882352941,3.411764705882353,-14.4,-4.933333333333334,-3.5
55,229679.0,228079.0,2.176470588235294,-2.2,-3.769230769230769,5.055555555555555,-7.333333333333333,-13.733333333333333,1.2941176470588236,1.6428571428571428,-5.266666666666667,-4.4,-1.5333333333333334,-7.1875,0.6666666666666666,3.6,5.2,2.1176470588235294,4.315789473684211,12.0,6.9411764705882355,-2.4285714285714284,-3.4705882352941178,-1.15,3.6,7.4,-3.8666666666666667,5.588235294117647,-9.571428571428571,-6.428571428571429,-1.25,-2.857142857142857,8.214285714285714,8.3125,20.428571428571427,7.133333333333334,3.0,3.2666666666666666,1.7058823529411764,-3.6315789473684212,-3.1875,1.3125,3.4,-8.733333333333333,-5.0625,-4.0,-7.0588235294117645,-4.526315789473684
56,234519.0,231879.0,0.0,3.2142857142857144,-3.9411764705882355,1.2941176470588236,11.9375,-3.8333333333333335,-4.0588235294117645,0.25,-8.133333333333333,-1.8666666666666667,-2.6666666666666665,0.15,-1.4782608695652173,-4.333333333333333,-2.0,4.1,0.9473684210526315,-3.8,-7.882352941176471,6.222222222222222,2.9047619047619047,0.17647058823529413,3.588235294117647,-0.8333333333333334,-6.928571428571429,0.5625,-3.2941176470588234,5.4,4.25,3.8125,4.277777777777778,-2.4210526315789473,-0.4666666666666667,0.8888888888888888,-3.5714285714285716,-5.052631578947368,-2.7777777777777777,-7.1,-2.4705882352941178,0.5294117647058824,6.666666666666667,2.25,6.066666666666666,-8.533333333333333,6.125,-0.05555555555555555
57,237799.0,235959.0,1.4705882352941178,4.294117647058823,-0.11764705882352941,-7.647058823529412,-10.466666666666667,4.473684210526316,-11.941176470588236,9.0,0.3333333333333333,1.5333333333333334,-0.5789473684210527,-2.25,-1.0526315789473684,7.0,-3.5555555555555554,0.5555555555555556,-1.85,0.7222222222222222,0.7692307692307693,0.75,2.75,2.0625,3.9375,-4.25,-5.0,-0.17647058823529413,4.357142857142857,1.4705882352941178,-0.8571428571428571,-9.5,1.1875,-1.6470588235294117,0.07142857142857142,8.058823529411764,-4.0,2.6666666666666665,1.3157894736842106,-0.8823529411764706,2.8,-2.3333333333333335,-0.5833333333333334,2.1176470588235294,-0.36363636363636365,-2.875,-11.333333333333334,1.5
58,241359.0,239999.0,6.75,2.8947368421052633,-12.928571428571429,1.5,4.571428571428571,1.8333333333333333,-9.176470588235293,0.6875,0.8823529411764706,-1.1176470588235294,2.473684210526316,-5.4,-0.2222222222222222,-2.0,2.3684210526315788,-8.055555555555555,-6.166666666666667,2.1875,-1.5,3.7142857142857144,2.764705882352941,2.235294117647059,1.1666666666666667,-3.533333333333333,-0.9375,5.444444444444445,1.2666666666666666,12.928571428571429,-0.3125,-2.9375,0.5,2.411764705882353,4.066666666666666,3.375,0.95,-2.526315789473684,0.55,-5.4,4.823529411764706,0.0,0.6923076923076923,-4.933333333333334,-11.722222222222221,-4.666666666666667,-8.25,-1.588235294117647
59,245719.0,243959.0,12.0,8.5625,-0.3333333333333333,0.3333333333333333,-4.571428571428571,-1.2352941176470589,-8.470588235294118,-2.0,-2.6666666666666665,2.375,-1.0,2.0,-1.1578947368421053,-3.75,-0.29411764705882354,0.23529411764705882,-3.3076923076923075,-2.3333333333333335,1.5625,-6.8125,-11.866666666666667,-0.8125,-6.533333333333333,1.6666666666666667,-1.0625,4.777777777777778,-2.8,-9.928571428571429,7.466666666666667,4.666666666666667,2.9375,-7.866666666666666,0.5714285714285714,13.0,-7.75,5.071428571428571,-0.9333333333333333,2.7777777777777777,0.6470588235294118,1.9285714285714286,2.2777777777777777,-1.875,5.142857142857143,-5.4375,4.384615384615385,-6.866666666666666
60,249519.0,248119.0,1.0,-3.0,2.2857142857142856,-2.0526315789473686,3.9375,1.7647058823529411,-5.133333333333334,0.5,0.9375,4.176470588235294,-6.055555555555555,-2.0625,-9.0625,-1.3333333333333333,-9.31578947368421,0.8333333333333334,2.7777777777777777,-1.1666666666666667,5.722222222222222,-11.6,-1.2941176470588236,2.526315789473684,-12.0,4.777777777777778,9.4375,-1.631578947368421,1.6,-3.1538461538461537,-5.571428571428571,7.294117647058823,-2.5,0.7058823529411765,-5.266666666666667,-8.058823529411764,-2.0625,-4.157894736842105,1.4375,1.7647058823529411,2.1875,3.875,-4.8125,0.5714285714285714,6.4375,-6.176470588235294,-4.2,-4.8125
61,253479.0,252239.0,9.785714285714286,-1.9411764705882353,-6.5,-4.0,-3.5,1.0625,-6.105263157894737,-3.9375,-12.666666666666666,-2.4705882352941178,-5.15,-9.722222222222221,2.2941176470588234,0.4117647058823529,1.619047619047619,8.375,1.6666666666666667,0.4666666666666667,0.3888888888888889,-4.8125,-0.7894736842105263,-5.375,2.3333333333333335,-3.5625,6.277777777777778,6.0,-4.9375,-0.4,2.0625,1.4444444444444444,-1.0,1.4705882352941178,0.0625,5.133333333333334,-2.4285714285714284,-4.0,1.0,0.7647058823529411,-4.055555555555555,2.0555555555555554,10.133333333333333,2.823529411764706,0.6666666666666666,1.9375,-0.2,-2.066666666666667
62,257959.0,255999.0,0.4,-2.8947368421052633,1.0588235294117647,-0.3888888888888889,0.8235294117647058,-2.1,5.352941176470588,4.3125,-0.75,10.0625,2.526315789473684,0.15789473684210525,-6.235294117647059,9.266666666666667,-0.85,-2.2666666666666666,-4.35,-4.666666666666667,4.625,3.1052631578947367,-3.3333333333333335,-0.7272727272727273,-1.8333333333333333,2.5294117647058822,-7.9375,6.411764705882353,-0.23529411764705882,-0.75,1.0,-3.764705882352941,0.625,-2.2777777777777777,-5.428571428571429,5.578947368421052,-4.866666666666666,0.875,-0.8,-8.235294117647058,1.8333333333333333,-2.1176470588235294,-5.214285714285714,7.538461538461538,-1.6470588235294117,1.588235294117647,11.714285714285714,5.133333333333334
63,262559.0,260279.0,3.533333333333333,-13.375,-12.235294117647058,0.9411764705882353,1.375,0.10526315789473684,-4.0,1.631578947368421,-1.7333333333333334,-5.928571428571429,-0.5294117647058824,-4.235294117647059,-7.473684210526316,-7.533333333333333,-0.7,-0.25,3.9444444444444446,9.428571428571429,-4.357142857142857,6.944444444444445,4.666666666666667,-3.9166666666666665,7.888888888888889,-1.9411764705882353,7.615384615384615,-0.47058823529411764,4.529411764705882,1.1875,-8.928571428571429,-0.21428571428571427,0.6,-3.3125,2.2777777777777777,-11.0,3.230769230769231,-4.25,3.066666666666667,-6.625,-4.4,6.230769230769231,-2.3157894736842106,-8.5,-4.117647058823529,-2.0555555555555554,-4.133333333333334,0.6470588235294118
64,265599.0,264079.0,2.357142857142857,0.10526315789473684,6.071428571428571,4.684210526315789,3.1333333333333333,9.411764705882353,-5.833333333333333,-5.066666666666666,4.0625,-5.9411764705882355,4.75,3.0,3.0,1.5333333333333334,-0.6111111111111112,0.11764705882352941,3.2941176470588234,3.764705882352941,6.8,-0.8666666666666667,9.333333333333334,-3.3333333333333335,0.9375,-8.375,-7.733333333333333,-1.95,-1.6666666666666667,1.5,8.266666666666667,3.1333333333333333,8.5,2.6,3.4,3.888888888888889,0.5,4.176470588235294,2.6666666666666665,-4.470588235294118,-3.3125,-4.133333333333334,3.1333333333333333,3.8461538461538463,-6.625,-6.6,2.0,-3.0625
65,273319.0,267759.0,,,,,,,,,,,,,,,,,,,,,,,,,,,,,,,,,,,,,,,,,,,,,,
66,273879.0,271999.0,8.76923076923077,1.125,-3.75,-6.444444444444445,-8.1875,3.9411764705882355,-8.6,0.75,1.411764705882353,4.857142857142857,1.2222222222222223,-6.235294117647059,-7.764705882352941,1.0666666666666667,0.75,-0.5,-5.0,-2.9285714285714284,-11.533333333333333,12.882352941176471,-3.2857142857142856,4.785714285714286,-5.066666666666666,4.428571428571429,4.0,0.7222222222222222,-1.8333333333333333,-0.07142857142857142,-3.0,7.333333333333333,-5.533333333333333,-5.75,3.8125,3.2142857142857144,-6.8,0.75,0.13333333333333333,-3.9411764705882355,3.4,5.6,2.0,8.923076923076923,7.4375,-2.6,2.176470588235294,-3.5625
67,277839.0,276279.0,-4.266666666666667,-2.0588235294117645,3.8125,-0.35294117647058826,1.0,-4.444444444444445,-2.2777777777777777,-3.263157894736842,-0.5789473684210527,-7.875,-7.105263157894737,-7.411764705882353,6.588235294117647,0.5,5.235294117647059,7.2105263157894735,-5.2,-1.2777777777777777,3.764705882352941,-1.0,-3.5789473684210527,5.947368421052632,6.25,-4.0,-1.6,0.8,0.5625,4.764705882352941,7.3125,-5.176470588235294,-0.10526315789473684,10.941176470588236,-3.933333333333333,2.25,4.0,1.588235294117647,-1.5294117647058822,2.0,1.625,-3.25,-3.5294117647058822,0.8,1.7333333333333334,0.6111111111111112,2.411764705882353,-8.266666666666667
68,282479.0,280479.0,11.0,-2.823529411764706,-5.0,-2.176470588235294,6.6875,0.3333333333333333,0.05555555555555555,-0.05555555555555555,0.3888888888888889,0.0,-3.411764705882353,3.0,-0.6666666666666666,7.6,8.75,1.0625,-1.6470588235294117,4.833333333333333,6.647058823529412,-4.85,2.25,-0.38095238095238093,1.4736842105263157,5.117647058823529,-7.733333333333333,0.4444444444444444,-0.625,-0.4,8.571428571428571,-4.0,5.055555555555555,2.875,2.0714285714285716,2.857142857142857,4.8,6.705882352941177,-3.8333333333333335,4.466666666666667,7.625,3.6315789473684212,-3.142857142857143,-3.0,-4.0,-0.26666666666666666,3.642857142857143,-10.461538461538462
69,286119.0,284319.0,10.0,3.9375,-1.4375,6.375,-9.23076923076923,6.866666666666666,-4.235294117647059,3.923076923076923,3.0588235294117645,1.7222222222222223,2.9444444444444446,3.2,2.6,0.3125,1.7777777777777777,-5.823529411764706,-6.833333333333333,-5.125,4.764705882352941,-4.529411764705882,3.7333333333333334,-5.5,-0.8888888888888888,-1.2352941176470589,-11.076923076923077,-8.555555555555555,-0.3888888888888889,-1.5333333333333334,1.2142857142857142,4.625,1.2307692307692308,4.5,5.6875,2.888888888888889,1.875,5.866666666666666,-6.6,0.4375,2.8,-8.466666666666667,-2.9411764705882355,0.75,-4.333333333333333,7.533333333333333,-4.066666666666666,4.2
70,290079.0,288519.0,3.4705882352941178,10.142857142857142,5.1875,0.7647058823529411,-3.1333333333333333,0.6842105263157895,5.6,-3.0,4.25,5.529411764705882,-3.8125,1.105263157894737,-0.6666666666666666,7.75,-0.5882352941176471,1.4375,2.6315789473684212,-2.411764705882353,0.16666666666666666,4.125,8.0,2.5294117647058822,4.4375,-2.8125,-2.0555555555555554,-3.5384615384615383,1.8,-6.0,7.153846153846154,-2.1875,-6.4375,-2.5,-5.928571428571429,9.8,-2.2,2.1875,-0.21428571428571427,3.9411764705882355,0.5,10.625,0.2,-2.1176470588235294,7.125,-5.111111111111111,-12.76923076923077,-15.0
71,293679.0,292239.0,11.2,-4.4,-2.466666666666667,-9.444444444444445,0.7142857142857143,-8.0,-3.263157894736842,10.928571428571429,-1.8,6.4,-6.705882352941177,1.1111111111111112,0.11764705882352941,6.25,3.761904761904762,2.2,1.8125,8.529411764705882,3.5294117647058822,1.625,5.0,8.4,-6.0,2.4444444444444446,-5.0,-7.0588235294117645,6.375,-2.0625,1.7647058823529411,-5.866666666666666,-8.214285714285714,-0.125,-1.2666666666666666,9.2,2.6923076923076925,8.0,1.0625,-5.222222222222222,7.470588235294118,-3.3529411764705883,0.6923076923076923,6.5,-5.3125,-1.0555555555555556,7.5,8.823529411764707
72,297279.0,295799.0,1.6666666666666667,-2.466666666666667,-7.866666666666666,-5.8125,-7.411764705882353,1.9375,-2.7777777777777777,-6.714285714285714,5.5,-7.733333333333333,4.142857142857143,6.235294117647059,-4.214285714285714,-6.071428571428571,5.294117647058823,5.666666666666667,3.5789473684210527,-4.0,1.875,-5.6,9.055555555555555,-0.5,-4.0588235294117645,4.944444444444445,-1.6470588235294117,-1.0666666666666667,-0.26666666666666666,0.11764705882352941,-0.75,6.117647058823529,-1.4666666666666666,-6.214285714285714,5.866666666666666,-4.333333333333333,-3.1538461538461537,3.066666666666667,-2.875,-4.294117647058823,4.294117647058823,8.529411764705882,-2.2857142857142856,-6.933333333333334,-13.285714285714286,2.6153846153846154,9.0,-9.2
73,302159.0,300639.0,12.461538461538462,-4.647058823529412,2.5,6.666666666666667,-2.923076923076923,-5.666666666666667,-7.277777777777778,-3.1333333333333333,-1.4705882352941178,1.8333333333333333,-5.117647058823529,4.235294117647059,-4.923076923076923,-0.6666666666666666,-6.266666666666667,-6.9375,-5.823529411764706,-5.733333333333333,8.6,6.5,10.4375,0.8235294117647058,-2.388888888888889,6.333333333333333,-1.5384615384615385,-2.7333333333333334,2.0,-6.333333333333333,-3.533333333333333,-1.3571428571428572,3.4375,4.294117647058823,1.4166666666666667,-2.875,2.2,-7.8125,1.0,1.7777777777777777,-1.3571428571428572,-0.4666666666666667,1.75,1.2857142857142858,-0.625,-4.0,-2.357142857142857,-4.2
74,306439.0,304199.0,-1.2352941176470589,-3.5,-2.0,-4.833333333333333,-7.9375,-4.75,1.894736842105263,-5.166666666666667,0.875,0.4666666666666667,1.7222222222222223,-7.888888888888889,1.9411764705882353,10.357142857142858,-1.2777777777777777,-1.2941176470588236,-2.75,7.5,-5.3125,-3.1875,1.4666666666666666,2.25,1.5625,-3.933333333333333,0.4,-4.0,-2.75,1.25,5.588235294117647,2.6470588235294117,1.6666666666666667,-4.4375,0.8235294117647058,5.8,-5.125,0.7058823529411765,-0.8235294117647058,4.705882352941177,-5.875,11.25,-5.642857142857143,-0.5714285714285714,-0.0625,2.8,12.785714285714286,-2.3846153846153846
75,310159.0,307919.0,13.6,-1.75,-7.733333333333333,2.3684210526315788,0.6666666666666666,4.2,-4.8125,5.5,-1.8235294117647058,1.3529411764705883,-2.1578947368421053,-6.588235294117647,-10.277777777777779,10.666666666666666,-3.888888888888889,-4.066666666666666,13.5,2.5,-2.6923076923076925,-13.235294117647058,0.47058823529411764,0.7368421052631579,-4.666666666666667,-7.055555555555555,1.1176470588235294,-5.466666666666667,9.0,-0.375,-0.14285714285714285,-1.5,9.625,-3.5,-2.8125,-4.0,0.13333333333333333,-2.1052631578947367,4.9411764705882355,-1.4666666666666666,2.9375,-2.875,-1.1764705882352942,-0.46153846153846156,-7.357142857142857,-7.733333333333333,-16.76923076923077,-3.3636363636363638
76,313239.0,311719.0,6.1875,9.875,7.0625,4.1875,0.8666666666666667,-2.6875,-10.0,-1.8,10.38888888888889,-2.25,1.1875,1.368421052631579,0.16666666666666666,1.25,2.2,2.210526315789474,-3.9473684210526314,4.1875,4.8125,0.13333333333333333,-5.5,-1.6470588235294117,20.8,-1.411764705882353,1.5,8.0625,-7.588235294117647,8.466666666666667,-3.4,3.8,7.071428571428571,3.2222222222222223,6.25,4.7,-3.9375,3.3333333333333335,-10.8125,5.222222222222222,-4.947368421052632,1.2352941176470589,1.5333333333333334,-5.777777777777778,3.25,-1.736842105263158,-1.6111111111111112,4.333333333333333
77,317239.0,315799.0,3.6875,0.0625,3.0625,-5.25,0.625,-0.5294117647058824,-4.066666666666666,7.666666666666667,-2.7857142857142856,1.4285714285714286,-2.736842105263158,-3.1333333333333333,-2.9444444444444446,-0.42857142857142855,-3.8125,1.0588235294117647,1.1875,3.75,-0.26666666666666666,-4.352941176470588,-0.5294117647058824,4.411764705882353,-4.466666666666667,-4.571428571428571,0.8571428571428571,1.9375,-4.0625,-6.2,-0.06666666666666667,-2.75,2.764705882352941,2.0588235294117645,5.125,4.277777777777778,3.533333333333333,2.3529411764705883,2.6666666666666665,1.7777777777777777,9.117647058823529,-6.777777777777778,2.0,4.235294117647059,4.0625,-0.29411764705882354,1.4,-1.7333333333333334
78,321319.0,319959.0,8.933333333333334,-4.0,0.7058823529411765,1.2352941176470589,0.14285714285714285,-4.222222222222222,3.411764705882353,2.2666666666666666,-1.0,6.0,-0.4375,-0.8,-1.625,1.0,-2.8947368421052633,-6.75,2.1666666666666665,2.611111111111111,-5.588235294117647,-2.9444444444444446,-0.3888888888888889,-3.588235294117647,2.764705882352941,-15.058823529411764,1.1764705882352942,1.75,-3.3333333333333335,-1.5625,-10.666666666666666,-5.3125,2.0714285714285716,7.647058823529412,-6.705882352941177,-1.125,3.7333333333333334,0.5625,-7.625,0.35294117647058826,-0.375,0.5625,1.875,-5.0,-2.2666666666666666,1.8,-18.846153846153847,-1.5833333333333333
79,325319.0,324119.0,1.7333333333333334,7.857142857142857,-3.8,8.470588235294118,-4.8,3.5294117647058822,0.7857142857142857,-5.538461538461538,-9.588235294117647,3.9444444444444446,-2.388888888888889,0.0625,0.7368421052631579,-4.133333333333334,4.888888888888889,-5.666666666666667,-2.9444444444444446,6.857142857142857,-8.0625,1.894736842105263,6.2,5.764705882352941,2.0714285714285716,7.928571428571429,11.666666666666666,1.5,1.125,-0.2857142857142857,7.642857142857143,4.133333333333334,-6.928571428571429,-2.0625,2.142857142857143,-1.0526315789473684,-0.42857142857142855,9.352941176470589,15.666666666666666,-2.263157894736842,11.357142857142858,8.214285714285714,-10.642857142857142,-14.615384615384615,-7.538461538461538,0.1875,-3.9285714285714284,-4.846153846153846
80,329759.0,328159.0,1.375,3.3076923076923075,-6.857142857142857,8.357142857142858,-3.75,-5.0,-1.0,1.2,-6.2,-6.6,-8.133333333333333,2.6153846153846154,-3.2857142857142856,10.642857142857142,6.117647058823529,-1.3571428571428572,0.0,0.2222222222222222,3.588235294117647,-0.375,4.25,3.75,-2.2142857142857144,5.8,0.5294117647058824,5.866666666666666,-4.466666666666667,-5.3076923076923075,5.615384615384615,-0.5789473684210527,-9.6875,-8.733333333333333,-1.3571428571428572,-1.6470588235294117,-1.7333333333333334,4.133333333333334,-2.4285714285714284,3.0555555555555554,-3.3125,-1.25,-6.4375,-7.176470588235294,4.1875,6.4,6.5,5.6923076923076925
81,333359.0,332039.0,5.733333333333333,-1.7857142857142858,-1.8823529411764706,-2.3333333333333335,4.6,0.9375,-1.3333333333333333,5.5625,0.0,-0.75,4.875,-4.857142857142857,1.1666666666666667,-2.5625,-6.166666666666667,7.142857142857143,7.533333333333333,5.882352941176471,-4.0,0.5625,4.230769230769231,-2.076923076923077,-1.6875,-1.25,6.428571428571429,-0.8,-2.9375,-2.533333333333333,-3.533333333333333,4.0588235294117645,-1.5,-1.625,7.076923076923077,-1.6,3.4285714285714284,-1.625,-3.75,-0.2,-1.0,4.384615384615385,-3.3333333333333335,-0.6,1.5714285714285714,-0.6666666666666666,-7.785714285714286,1.5333333333333334
82,337679.0,336159.0,8.75,-4.4,-3.3125,4.833333333333333,-1.4,-5.052631578947368,-10.705882352941176,5.357142857142857,2.0,3.7333333333333334,1.5555555555555556,-1.2777777777777777,-5.608695652173913,-7.875,-2.5789473684210527,3.85,2.4444444444444446,4.294117647058823,7.2,-3.7058823529411766,1.65,-3.6,3.4444444444444446,-7.125,-4.8125,1.105263157894737,0.0625,7.8,-9.375,6.5625,0.9333333333333333,-2.5,-2.2142857142857144,2.6,-10.176470588235293,-2.588235294117647,5.5,-0.5263157894736842,1.4375,-4.9411764705882355,-12.333333333333334,7.875,6.166666666666667,0.5882352941176471,-0.25,-2.7333333333333334
83,342559.0,340039.0,3.5294117647058822,-4.368421052631579,-8.058823529411764,-9.875,9.235294117647058,2.3125,-1.6363636363636365,-0.26666666666666666,11.61111111111111,2.7222222222222223,-5.933333333333334,-1.7777777777777777,2.3333333333333335,-3.9411764705882355,-1.5789473684210527,8.588235294117647,0.6470588235294118,4.461538461538462,-8.882352941176471,-1.9,-3.9473684210526314,2.823529411764706,5.555555555555555,-10.470588235294118,2.533333333333333,0.15789473684210525,3.1052631578947367,-3.375,4.875,6.647058823529412,8.066666666666666,-2.0625,7.733333333333333,-2.1176470588235294,-0.5384615384615384,-3.1578947368421053,0.4375,3.6875,-0.3333333333333333,6.357142857142857,1.75,6.25,0.8461538461538461,1.1176470588235294,0.0625,-2.75
84,345399.0,344199.0,9.6,1.4615384615384615,6.6875,-0.10526315789473684,1.75,-3.2777777777777777,-4.588235294117647,1.5333333333333334,-3.5625,-3.7333333333333334,5.352941176470588,4.3125,-0.29411764705882354,4.2,-5.0,3.933333333333333,0.17647058823529413,-4.375,-2.2,-5.823529411764706,-3.375,2.1666666666666665,-0.6666666666666666,6.6,-9.466666666666667,-3.6923076923076925,-3.2142857142857144,8.2,7.666666666666667,-2.357142857142857,-11.4,-6.5,7.857142857142857,-6.625,-5.285714285714286,6.052631578947368,5.8125,4.857142857142857,1.9375,-1.0,4.4375,-1.7142857142857142,5.0,-0.07142857142857142,5.647058823529412,1.8571428571428572
85,350239.0,347879.0,-1.4736842105263157,-1.9375,-4.0625,0.65,-3.588235294117647,-7.764705882352941,-6.117647058823529,-2.857142857142857,-2.4705882352941178,-2.3125,6.7368421052631575,-3.0555555555555554,-3.8947368421052633,-12.533333333333333,0.26666666666666666,4.4375,-3.176470588235294,4.8,0.06666666666666667,0.1111111111111111,-6.0625,1.375,0.8,-10.9375,4.777777777777778,-3.8,-8.785714285714286,-2.3333333333333335,-3.125,6.866666666666666,-5.615384615384615,-4.75,-0.2857142857142857,-1.5333333333333334,-0.1111111111111111,4.6,2.8125,1.6,-0.4375,5.6,-4.176470588235294,4.533333333333333,2.4375,-6.470588235294118,-1.9333333333333333,-0.5
86,354079.0,352119.0,-0.2,2.5294117647058822,-0.9333333333333333,-0.7647058823529411,-2.2,-6.5625,-2.75,2.0714285714285716,1.3529411764705883,-1.75,-1.35,1.4705882352941178,3.375,-3.375,-3.0555555555555554,-1.1333333333333333,-0.5882352941176471,10.882352941176471,-10.75,1.7894736842105263,2.4705882352941178,3.875,7.777777777777778,2.357142857142857,1.2941176470588236,-8.357142857142858,-4.125,1.25,-2.0,-5.125,-6.0625,-9.666666666666666,-5.352941176470588,-3.0,-1.875,-2.5294117647058822,2.5,2.0,-1.2,4.733333333333333,0.8823529411764706,4.666666666666667,8.076923076923077,2.9285714285714284,4.214285714285714,1.2307692307692308
87,357879.0,356079.0,1.125,-3.1875,-5.0,2.1666666666666665,-5.166666666666667,-0.8235294117647058,-4.473684210526316,-6.25,-5.444444444444445,-2.2777777777777777,-2.9,-2.8,-0.8571428571428571,-1.411764705882353,-5.470588235294118,6.117647058823529,3.1578947368421053,-5.235294117647059,3.75,4.3125,1.375,-5.1875,1.3846153846153846,-0.3333333333333333,4.933333333333334,1.9333333333333333,12.133333333333333,0.0,1.1428571428571428,4.9375,-0.5294117647058824,-3.0714285714285716,-5.571428571428571,6.625,7.285714285714286,6.277777777777778,-1.8,1.0,-6.8,0.6,-3.375,-6.117647058823529,-5.529411764705882,-10.3125,-3.533333333333333,-4.722222222222222
88,362239.0,359959.0,2.235294117647059,3.5,4.529411764705882,2.2222222222222223,-3.7058823529411766,1.8333333333333333,-2.9411764705882355,3.6666666666666665,-2.380952380952381,-1.8,-0.8,4.5,1.7222222222222223,0.75,-1.0,8.266666666666667,-4.928571428571429,-7.3076923076923075,-3.2666666666666666,2.9444444444444446,-5.764705882352941,1.8461538461538463,-1.2142857142857142,-2.25,7.0,4.526315789473684,1.1176470588235294,-11.363636363636363,9.333333333333334,-0.36363636363636365,-4.111111111111111,-4.166666666666667,-0.08333333333333333,4.166666666666667,10.785714285714286,4.705882352941177,5.466666666666667,-5.0,9.066666666666666,9.8,6.533333333333333,-3.235294117647059,4.0,-1.25,5.294117647058823,3.25
89,365559.0,364119.0,-4.75,-1.8,-8.4375,5.277777777777778,-0.3684210526315789,-2.2941176470588234,-0.8888888888888888,-7.428571428571429,1.736842105263158,-0.29411764705882354,-4.684210526315789,-2.9,-8.529411764705882,0.0,-7.7368421052631575,-1.0,4.277777777777778,2.4210526315789473,-0.14285714285714285,1.0952380952380953,2.15,0.4375,10.23076923076923,-4.384615384615385,-2.9285714285714284,-6.529411764705882,3.923076923076923,-1.8125,-8.333333333333334,1.4666666666666666,2.5714285714285716,-4.125,4.0,-11.866666666666667,5.8,6.666666666666667,5.9411764705882355,-0.11764705882352941,0.9285714285714286,1.3529411764705883,6.1875,2.7142857142857144,-0.75,-1.375,-3.4444444444444446,1.8666666666666667
90,369479.0,367959.0,4.315789473684211,-8.538461538461538,-4.6875,-3.6,-2.6666666666666665,-1.9,-7.714285714285714,4.117647058823529,-3.1904761904761907,-1.588235294117647,-1.4,-6.888888888888889,0.3888888888888889,-5.529411764705882,9.2,2.7333333333333334,0.9375,-0.07692307692307693,-5.5,-4.0,3.9444444444444446,-4.529411764705882,9.666666666666666,5.2,-0.0625,6.0588235294117645,-0.4666666666666667,-8.714285714285714,1.3529411764705883,-7.2,-5.375,-23.2,2.2142857142857144,-3.611111111111111,-11.588235294117647,-4.277777777777778,-1.8571428571428572,-4.3125,9.473684210526315,13.0,7.625,2.8,5.384615384615385,8.61111111111111,-8.5625,5.388888888888889
91,373599.0,372159.0,9.785714285714286,0.2222222222222222,10.285714285714286,3.8333333333333335,4.866666666666666,6.470588235294118,-4.611111111111111,4.1875,-3.0,2.066666666666667,-7.0,-1.0625,-0.1111111111111111,6.076923076923077,-3.210526315789474,0.3125,0.375,0.5882352941176471,-1.5333333333333334,3.125,0.8,2.111111111111111,4.625,-4.928571428571429,-0.5,0.8888888888888888,6.6875,1.0625,0.9411764705882353,4.4375,-8.0,-11.6,-6.928571428571429,0.8666666666666667,-4.071428571428571,-4.764705882352941,7.923076923076923,-7.5,4.6875,-3.3529411764705883,3.4285714285714284,2.2,0.8,3.0625,8.6,5.352941176470588
92,377799.0,376519.0,3.6153846153846154,8.625,7.0,4.684210526315789,2.6,-2.6470588235294117,-8.588235294117647,1.2142857142857142,0.6666666666666666,3.8125,-3.6875,0.47058823529411764,2.375,5.533333333333333,-0.8,-4.214285714285714,-1.85,-6.368421052631579,6.933333333333334,-1.8235294117647058,-1.8888888888888888,0.8888888888888888,4.153846153846154,0.2,3.0,-1.368421052631579,3.066666666666667,-3.25,-3.4166666666666665,1.6470588235294117,6.555555555555555,-2.0,6.866666666666666,4.375,8.6,6.125,5.5,-9.0,-2.2777777777777777,0.4117647058823529,12.4,-6.153846153846154,4.9375,-12.333333333333334,-8.125,3.8125
93,381519.0,380079.0,-4.176470588235294,-4.684210526315789,4.764705882352941,-3.764705882352941,5.0,-7.176470588235294,-3.4,0.625,1.0,6.666666666666667,6.294117647058823,-1.263157894736842,-1.0625,9.529411764705882,4.0,-1.1176470588235294,1.9333333333333333,0.8666666666666667,-0.2857142857142857,0.8,5.923076923076923,4.470588235294118,-0.5882352941176471,4.5,-13.916666666666666,2.176470588235294,4.705882352941177,5.176470588235294,3.8125,-4.0,4.117647058823529,-0.9444444444444444,7.1875,0.3125,-1.8888888888888888,-3.4,6.3125,-6.588235294117647,1.1666666666666667,4.1875,-3.466666666666667,3.111111111111111,-1.0,13.5,6.0,1.5333333333333334
94,385799.0,384239.0,6.375,3.125,-2.0,10.1875,5.235294117647059,-3.611111111111111,-4.882352941176471,-10.235294117647058,-2.6666666666666665,-6.529411764705882,-8.842105263157896,8.8125,-0.47368421052631576,-5.466666666666667,-2.0,-3.3125,3.8421052631578947,-2.375,-10.941176470588236,6.0,2.125,1.736842105263158,-9.0,1.6,-5.882352941176471,0.05263157894736842,-4.0,5.384615384615385,0.25,6.411764705882353,-2.0714285714285716,-11.105263157894736,7.0,0.26666666666666666,-6.6,-3.75,-1.6666666666666667,-2.2222222222222223,0.8235294117647058,-0.4375,-0.6875,4.0,-4.7368421052631575,1.0,-0.3125,2.769230769230769
95,389479.0,388039.0,-0.05555555555555555,3.823529411764706,1.9333333333333333,4.4,2.8666666666666667,-4.555555555555555,-4.8125,6.125,6.923076923076923,-3.1176470588235294,-0.7222222222222222,-5.666666666666667,2.9375,0.75,-5.380952380952381,-1.625,-3.3125,0.4117647058823529,4.071428571428571,3.823529411764706,0.8095238095238095,5.238095238095238,-4.0,0.625,5.666666666666667,-4.176470588235294,2.8666666666666667,3.5555555555555554,5.8125,-6.0,-1.6,1.6666666666666667,9.5625,3.6666666666666665,1.6470588235294117,-1.6666666666666667,4.666666666666667,0.4444444444444444,1.7222222222222223,1.0526315789473684,0.4666666666666667,-2.375,6.428571428571429,-0.8,-12.538461538461538,7.266666666666667
96,393679.0,392399.0,-0.5333333333333333,13.333333333333334,-8.928571428571429,-2.4375,-1.8235294117647058,-2.5,-15.722222222222221,-3.357142857142857,-13.133333333333333,-2.3529411764705883,-3.3125,-5.5625,-1.2352941176470589,5.526315789473684,-5.2,-8.294117647058824,-5.6,-14.333333333333334,-0.06666666666666667,-6.5,-6.944444444444445,-0.4117647058823529,-0.7058823529411765,4.625,-0.11764705882352941,-3.0,-2.8,5.857142857142857,-3.3125,-1.3125,3.1875,5.125,6.35,3.9375,4.35,7.4375,-1.894736842105263,-2.1666666666666665,-0.625,-7.764705882352941,-3.823529411764706,-11.8,-4.266666666666667,-2.111111111111111,-3.0714285714285716,-1.7894736842105263
97,397359.0,396119.0,16.4,6.0,3.357142857142857,2.111111111111111,-1.3125,-2.888888888888889,-0.9411764705882353,1.1666666666666667,-4.705882352941177,3.066666666666667,-10.6875,4.352941176470588,-1.6,-0.7692307692307693,4.0,-8.8,0.8333333333333334,2.6470588235294117,4.25,-0.7777777777777778,-3.2,-1.6875,-7.8125,5.066666666666666,2.4444444444444446,-3.1176470588235294,6.375,-0.5625,-4.277777777777778,3.125,-6.733333333333333,1.8666666666666667,6.75,10.1875,3.823529411764706,3.3157894736842106,-1.0714285714285714,-5.944444444444445,3.6,3.2666666666666666,-2.875,-0.9285714285714286,5.357142857142857,2.7222222222222223,-7.25,-1.6
98,401719.0,400039.0,-1.4705882352941178,9.8125,-1.3529411764705883,0.05263157894736842,2.0526315789473686,2.9473684210526314,-3.888888888888889,2.066666666666667,-0.5,-8.333333333333334,4.904761904761905,13.1875,3.8333333333333335,-4.0,-1.1764705882352942,-7.066666666666666,-1.625,-2.6666666666666665,-1.411764705882353,-2.3684210526315788,2.2941176470588234,1.6842105263157894,9.65,6.529411764705882,-0.8125,-1.4444444444444444,2.8823529411764706,-1.0588235294117647,3.066666666666667,0.47058823529411764,1.4,-2.0,8.411764705882353,0.11764705882352941,3.4444444444444446,0.9411764705882353,7.333333333333333,-0.65,2.625,-6.166666666666667,-6.777777777777778,-5.928571428571429,-4.625,-1.2,-12.333333333333334,1.3125
99,405759.0,405279.0,6.533333333333333,3.5,-3.357142857142857,1.6,-4.294117647058823,-1.2941176470588236,-2.2857142857142856,1.0,-7.25,-1.7058823529411764,4.444444444444445,-9.125,-12.117647058823529,-5.0,-0.3888888888888889,-4.466666666666667,4.45,0.15,-12.352941176470589,0.6111111111111112,-1.1666666666666667,1.3,-5.142857142857143,-2.263157894736842,-1.7647058823529411,-1.2352941176470589,5.666666666666667,-3.5,1.2941176470588236,-1.2352941176470589,-7.1,7.166666666666667,-6.4375,-9.0,2.5294117647058822,8.058823529411764,-3.625,6.611111111111111,-3.0588235294117645,-2.2857142857142856,-2.0,-1.0,-1.7333333333333334,-3.7222222222222223,-5.3076923076923075,6.571428571428571
100,409679.0,408079.0,6.0,9.764705882352942,0.5882352941176471,5.5,5.588235294117647,3.5625,-7.1875,2.0,1.8666666666666667,10.3125,2.5294117647058822,0.058823529411764705,3.5625,4.3076923076923075,1.45,-4.083333333333333,5.125,-0.13333333333333333,-1.6470588235294117,3.75,-2.3125,2.7333333333333334,5.866666666666666,-2.2,7.714285714285714,-6.538461538461538,3.1333333333333333,4.8,-1.7058823529411764,4.615384615384615,-10.666666666666666,-3.2777777777777777,5.857142857142857,-5.0,-3.2142857142857144,0.125,-0.23529411764705882,-7.9411764705882355,-0.07692307692307693,0.42857142857142855,-2.0625,-3.7333333333333334,-3.4615384615384617,-1.8666666666666667,-8.928571428571429,-5.357142857142857
101,413519.0,412039.0,16.846153846153847,5.777777777777778,1.875,3.4444444444444446,-7.368421052631579,0.8823529411764706,-3.2222222222222223,-8.133333333333333,-1.105263157894737,4.944444444444445,-10.0,-4.625,-10.866666666666667,2.1875,-5.666666666666667,-10.666666666666666,0.3684210526315789,3.2666666666666666,-5.8,-3.176470588235294,7.933333333333334,6.8125,4.352941176470588,7.071428571428571,-3.736842105263158,6.764705882352941,-0.5,6.933333333333334,2.0,-4.0,-7.466666666666667,-7.055555555555555,3.6470588235294117,3.176470588235294,1.8571428571428572,-6.235294117647059,2.5,0.058823529411764705,-3.0555555555555554,-2.5294117647058822,-3.6,7.533333333333333,1.9230769230769231,-6.357142857142857,-7.333333333333333,11.466666666666667
102,418559.0,415959.0,7.4,-5.111111111111111,3.875,2.2222222222222223,-1.1176470588235294,-5.4,-6.1875,5.466666666666667,-1.2142857142857142,1.6111111111111112,1.1764705882352942,2.5,-4.882352941176471,0.375,1.8666666666666667,4.2,6.222222222222222,3.526315789473684,4.470588235294118,-4.75,5.533333333333333,-4.590909090909091,0.4444444444444444,5.411764705882353,-4.944444444444445,5.647058823529412,-0.5,4.277777777777778,2.1333333333333333,2.6875,3.1578947368421053,-0.10526315789473684,-5.333333333333333,0.7333333333333333,-4.15,1.8823529411764706,10.5,7.6,-0.7142857142857143,4.722222222222222,0.8888888888888888,0.6875,14.0,4.333333333333333,2.8,2.6666666666666665
103,421439.0,419999.0,9.666666666666666,4.333333333333333,-3.0714285714285716,-2.3333333333333335,-3.125,-5.0,-2.6875,5.8,8.176470588235293,3.5625,-3.5294117647058822,-1.25,8.529411764705882,-5.857142857142857,2.8666666666666667,1.0,-4.2,3.7142857142857144,-12.833333333333334,-0.6470588235294118,0.6428571428571429,4.428571428571429,3.2142857142857144,-4.466666666666667,0.9166666666666666,4.6923076923076925,0.4166666666666667,5.25,5.3125,4.461538461538462,-4.75,-1.0769230769230769,-1.2142857142857142,4.555555555555555,-6.75,2.25,-10.375,-2.7222222222222223,2.3333333333333335,-0.2727272727272727,5.857142857142857,-11.0,2.0,-0.6875,-0.15384615384615385,-6.8
104,425519.0,423879.0,-1.8235294117647058,-2.2,4.933333333333334,8.666666666666666,-5.333333333333333,5.588235294117647,1.1578947368421053,-15.1875,2.125,0.05555555555555555,4.7,-5.684210526315789,-3.3333333333333335,1.75,3.6470588235294117,0.06666666666666667,-6.6,1.0,-0.8125,6.944444444444445,0.3888888888888889,-0.125,-11.647058823529411,-14.4375,6.5625,-5.0588235294117645,-2.0625,-6.133333333333334,4.411764705882353,4.066666666666666,6.466666666666667,5.235294117647059,-6.8,-2.3684210526315788,4.923076923076923,3.0526315789473686,0.0,-0.4375,1.4444444444444444,-9.466666666666667,6.428571428571429,1.4375,3.263157894736842,6.529411764705882,-2.6875,0.29411764705882354
105,429319.0,427999.0,3.75,-2.875,2.6923076923076925,-1.2,-0.25,-9.11111111111111,-3.1875,1.5,-4.0625,-0.6470588235294118,-8.578947368421053,-6.846153846153846,1.4375,1.9166666666666667,-3.5294117647058822,2.4615384615384617,1.6666666666666667,-9.066666666666666,-2.125,6.071428571428571,-6.421052631578948,0.7368421052631579,-4.055555555555555,1.5625,4.8,6.066666666666666,-4.3125,2.3333333333333335,-1.4375,-2.7058823529411766,0.9444444444444444,12.533333333333333,0.6666666666666666,2.0,14.5,-9.3125,-4.1875,5.9375,-3.8333333333333335,-2.611111111111111,-15.916666666666666,-3.6666666666666665,-10.470588235294118,0.8571428571428571,-13.266666666666667,-5.9411764705882355
106,434199.0,432719.0,-2.0,1.8823529411764706,-7.0,-1.2352941176470589,-9.3125,2.473684210526316,-5.555555555555555,-2.0,-1.125,-8.615384615384615,-9.15,1.0,-7.0588235294117645,-3.533333333333333,-5.777777777777778,-0.9285714285714286,-5.411764705882353,-0.8235294117647058,-0.7647058823529411,-11.375,-0.8125,1.7222222222222223,-6.375,-4.266666666666667,6.2,1.8125,-4.176470588235294,-5.625,-9.384615384615385,1.0,-0.7058823529411765,-1.9444444444444444,-4.3125,2.0588235294117645,-0.6,-5.352941176470588,-0.9375,-2.5625,0.0,5.529411764705882,-0.625,-6.0588235294117645,3.5384615384615383,-7.529411764705882,-15.333333333333334,-7.538461538461538
107,437919.0,435959.0,-4.5,0.5294117647058824,7.894736842105263,4.684210526315789,4.133333333333334,-1.4444444444444444,-6.352941176470588,-1.5,-4.4375,7.0,-0.8947368421052632,3.7058823529411766,-0.3125,9.6875,2.8333333333333335,7.615384615384615,-1.3888888888888888,3.388888888888889,-7.684210526315789,-0.7777777777777778,-6.35,-1.0,0.05555555555555555,-1.375,-6.117647058823529,1.1875,0.8823529411764706,5.294117647058823,-4.222222222222222,-1.3333333333333333,1.6111111111111112,-5.875,-4.235294117647059,-3.3333333333333335,-12.294117647058824,-1.6666666666666667,-3.5,3.411764705882353,-7.0,-0.42857142857142855,-0.7142857142857143,4.875,3.176470588235294,4.666666666666667,0.0,4.666666666666667
108,441759.0,439999.0,0.9285714285714286,-5.882352941176471,8.2,6.5,-7.888888888888889,-2.9411764705882355,-3.8125,-9.764705882352942,-7.470588235294118,5.705882352941177,-3.789473684210526,0.0625,-16.176470588235293,-0.8571428571428571,-3.3333333333333335,8.263157894736842,4.333333333333333,-2.7058823529411766,4.0,5.117647058823529,7.777777777777778,6.611111111111111,10.125,-6.647058823529412,-5.5,0.75,-3.411764705882353,6.5,-1.8666666666666667,2.125,3.875,2.235294117647059,4.222222222222222,5.944444444444445,3.2,-8.68421052631579,5.823529411764706,-6.833333333333333,-4.823529411764706,1.7777777777777777,-4.533333333333333,-2.0,7.5,-3.8333333333333335,-0.7857142857142857,0.7058823529411765
109,453359.0,443879.0,,,,,,,,,,,,,,,,,,,,,,,,,,,,,,,,,,,,,,,,,,,,,,
110,449439.0,448239.0,1.7333333333333334,-4.266666666666667,-2.5833333333333335,-1.7647058823529411,4.733333333333333,-4.777777777777778,0.0,6.866666666666666,-0.26666666666666666,-4.833333333333333,-4.944444444444445,-2.0,-6.578947368421052,7.5625,-13.88888888888889,1.8421052631578947,-2.1052631578947367,-4.588235294117647,2.0,1.0588235294117647,3.2857142857142856,2.8823529411764706,5.411764705882353,6.4375,2.2777777777777777,-1.5,4.214285714285714,0.5384615384615384,5.8,-8.142857142857142,3.142857142857143,4.285714285714286,5.666666666666667,-0.06666666666666667,7.0,-7.133333333333334,-4.9411764705882355,9.133333333333333,-0.23529411764705882,1.1875,-9.875,1.9375,4.0625,-0.8666666666666667,5.6923076923076925,-2.4375
111,453359.0,451999.0,-0.625,1.3,1.411764705882353,5.285714285714286,2.409090909090909,-7.35,-0.35,-7.0,5.473684210526316,-12.764705882352942,5.7894736842105265,-1.6111111111111112,-0.8235294117647058,-10.0,1.2727272727272727,-5.0,-2.9,3.388888888888889,-0.47058823529411764,-3.2941176470588234,-3.9473684210526314,3.736842105263158,5.0,4.157894736842105,0.21428571428571427,-2.9444444444444446,1.9,1.4285714285714286,-3.1875,3.2941176470588234,-9.222222222222221,-10.5625,2.0625,3.5,3.933333333333333,-3.6842105263157894,0.8333333333333334,-4.315789473684211,0.47368421052631576,6.2631578947368425,9.235294117647058,3.473684210526316,-2.8421052631578947,2.25,2.1875,11.333333333333334
112,469479.0,455759.0,,,,,,,,,,,,,,,,,,,,,,,,,,,,,,,,,,,,,,,,,,,,,,
113,465119.0,459879.0,,,,,,,,,,,,,,,,,,,,,,,,,,,,,,,,,,,,,,,,,,,,,,
114,465119.0,463799.0,7.875,1.2941176470588236,12.333333333333334,-9.368421052631579,-0.29411764705882354,1.3333333333333333,-3.125,2.0555555555555554,8.705882352941176,1.25,-6.0588235294117645,-1.625,1.0,4.846153846153846,-2.4285714285714284,-6.8,-1.0588235294117647,-0.1111111111111111,5.944444444444445,7.266666666666667,-0.3888888888888889,-1.0,4.7368421052631575,-1.9411764705882353,4.0,10.166666666666666,-5.555555555555555,1.7647058823529411,9.857142857142858,3.6666666666666665,3.1176470588235294,3.4,10.411764705882353,-6.875,-2.4705882352941178,9.066666666666666,9.6,6.944444444444445,5.266666666666667,-9.55,0.7222222222222222,-0.9333333333333333,8.933333333333334,-4.785714285714286,-1.0,6.857142857142857
115,469479.0,468439.0,-5.125,-3.8125,-6.357142857142857,-1.2,-2.2777777777777777,5.277777777777778,-9.533333333333333,-7.588235294117647,-8.055555555555555,-2.1875,1.1578947368421053,-1.85,-3.15,-0.8333333333333334,1.619047619047619,3.0,-1.8888888888888888,-0.7333333333333333,-7.8,6.285714285714286,-0.05555555555555555,1.1764705882352942,-6.0,6.266666666666667,2.9285714285714284,1.3333333333333333,-1.2,-0.42857142857142855,-0.6666666666666666,3.769230769230769,9.222222222222221,14.266666666666667,-4.0,-3.7777777777777777,3.9375,-2.1666666666666665,-3.4705882352941178,5.388888888888889,-7.333333333333333,11.066666666666666,-14.3125,-3.0625,-2.375,-2.357142857142857,-6.388888888888889,-0.6470588235294118
116,473159.0,471959.0,6.875,3.125,0.25,-2.176470588235294,-9.9375,-1.1111111111111112,-1.0625,1.8666666666666667,4.4375,3.9411764705882355,1.25,-1.6666666666666667,1.3157894736842106,2.7333333333333334,-1.9047619047619047,0.5,-5.111111111111111,-1.3333333333333333,1.7333333333333334,8.277777777777779,9.222222222222221,-3.533333333333333,5.0588235294117645,4.375,0.35714285714285715,1.2666666666666666,-1.1764705882352942,-1.6666666666666667,-1.2666666666666666,-3.5,6.75,3.6666666666666665,4.8,-0.8947368421052632,-6.25,-2.1333333333333333,8.714285714285714,6.0,-0.3333333333333333,4.6875,-1.0,10.785714285714286,2.5714285714285716,-0.4117647058823529,-12.470588235294118,5.2
117,477839.0,475999.0,4.5,-0.3125,-2.0,3.15,1.0555555555555556,-0.9473684210526315,3.263157894736842,2.3333333333333335,1.0,-2.8333333333333335,-5.0,-9.5625,8.105263157894736,8.875,-0.058823529411764705,-4.5625,3.857142857142857,10.533333333333333,-3.357142857142857,1.2105263157894737,2.235294117647059,0.26666666666666666,-1.2857142857142858,2.125,2.933333333333333,7.5625,9.333333333333334,10.466666666666667,3.125,-6.285714285714286,-3.533333333333333,4.6875,11.153846153846153,2.6666666666666665,1.7142857142857142,-0.3888888888888889,0.5,4.777777777777778,-4.0,-0.0625,5.1875,-5.785714285714286,4.4,0.3333333333333333,-18.90909090909091,0.29411764705882354
118,481159.0,479959.0,0.47058823529411764,2.2,-1.0625,-2.6666666666666665,-1.8,7.928571428571429,8.75,0.3076923076923077,-4.8125,0.9411764705882353,-4.0588235294117645,-8.9375,5.4375,-2.0,-2.823529411764706,0.8125,5.277777777777778,3.75,10.8,-8.25,6.133333333333334,0.11764705882352941,0.13333333333333333,11.733333333333333,5.235294117647059,-0.2,-6.8125,-1.1538461538461537,7.0,-2.1333333333333333,7.666666666666667,-9.466666666666667,-3.066666666666667,3.823529411764706,5.75,-8.8125,-5.142857142857143,11.933333333333334,6.071428571428571,0.0,-2.6,3.857142857142857,0.625,9.411764705882353,-3.8823529411764706,3.4
119,486279.0,484159.0,13.6,-2.1904761904761907,-2.3333333333333335,-3.9473684210526314,-0.09523809523809523,0.9444444444444444,-8.529411764705882,-1.1666666666666667,-4.666666666666667,3.8666666666666667,2.1176470588235294,-2.9444444444444446,-11.052631578947368,2.1333333333333333,1.7777777777777777,-7.0,6.526315789473684,-2.8,3.4705882352941178,-1.4705882352941178,-4.1,-6.7894736842105265,7.95,-2.7058823529411766,4.625,-9.105263157894736,-6.625,-3.4,4.352941176470588,-8.588235294117647,1.875,-2.2941176470588234,-3.1,-2.2666666666666666,1.5,-1.588235294117647,4.75,-4.875,7.588235294117647,4.0,8.333333333333334,3.3125,-1.2666666666666666,2.95,-0.5714285714285714,4.352941176470588
120,490279.0,488119.0,-2.076923076923077,-6.352941176470588,-0.5263157894736842,4.380952380952381,8.125,-1.6470588235294117,-5.894736842105263,1.9375,-0.16666666666666666,4.176470588235294,5.333333333333333,-9.722222222222221,1.9444444444444444,1.0666666666666667,1.1333333333333333,6.75,11.928571428571429,-0.9333333333333333,3.4705882352941178,0.0,-2.7857142857142856,1.5625,-3.2666666666666666,1.1333333333333333,-0.29411764705882354,-14.0,5.444444444444445,-3.0,0.2,0.8666666666666667,-12.333333333333334,-14.857142857142858,-0.42857142857142855,6.388888888888889,-16.8125,5.764705882352941,-0.35294117647058826,-5.111111111111111,-3.125,8.2,1.7647058823529411,-6.647058823529412,-4.0588235294117645,-3.6666666666666665,8.1875,-0.5333333333333333
121,493919.0,492119.0,-2.0555555555555554,-10.944444444444445,0.5,5.157894736842105,2.0588235294117645,1.125,-12.25,4.666666666666667,-2.3125,-3.3125,2.4285714285714284,3.888888888888889,-1.6666666666666667,6.333333333333333,0.3888888888888889,-2.933333333333333,-0.10526315789473684,-3.125,0.42105263157894735,-5.473684210526316,5.866666666666666,1.5555555555555556,-9.0,-6.65,-6.473684210526316,-1.2352941176470589,5.117647058823529,5.2631578947368425,1.6470588235294117,6.277777777777778,-2.0,-5.25,4.125,5.764705882352941,-0.375,-4.0,-7.8125,-4.5625,-11.588235294117647,2.0526315789473686,-1.875,-3.066666666666667,1.5714285714285714,5.411764705882353,-4.75,0.8666666666666667
122,498359.0,496959.0,5.615384615384615,1.7142857142857142,-16.53846153846154,2.8,1.2941176470588236,-2.235294117647059,-9.153846153846153,-2.2666666666666666,-6.473684210526316,-4.6875,-5.647058823529412,0.11764705882352941,-2.235294117647059,0.7647058823529411,-0.5882352941176471,5.533333333333333,-4.133333333333334,-8.142857142857142,-6.5,1.0555555555555556,-1.25,8.928571428571429,-5.142857142857143,-3.210526315789474,-7.375,2.2941176470588234,4.3125,-5.25,1.6875,4.3076923076923075,-3.8,-6.066666666666666,-1.8666666666666667,-5.684210526315789,-13.533333333333333,0.6111111111111112,3.7058823529411766,-3.764705882352941,-6.428571428571429,-1.3846153846153846,2.7857142857142856,-6.411764705882353,-4.733333333333333,-2.588235294117647,-14.642857142857142,-9.4
123,501479.0,499879.0,-4.142857142857143,-6.733333333333333,0.7647058823529411,2.3,-1.6,-2.7058823529411766,-1.6470588235294117,3.9285714285714284,-5.411764705882353,-5.166666666666667,7.666666666666667,0.4375,2.75,6.666666666666667,0.625,0.6470588235294118,0.0,6.117647058823529,7.388888888888889,2.411764705882353,-6.2105263157894735,0.7222222222222222,4.4375,-4.076923076923077,1.0,-2.7222222222222223,-4.375,1.1538461538461537,-5.5,6.764705882352941,5.333333333333333,1.6470588235294117,-2.2142857142857144,-5.214285714285714,11.4375,-2.0588235294117645,-1.5714285714285714,-2.5714285714285716,-2.888888888888889,-1.8823529411764706,-0.7777777777777778,4.125,-8.285714285714286,-3.0,-5.6,3.1578947368421053
124,506039.0,504079.0,1.9333333333333333,3.533333333333333,0.47368421052631576,5.684210526315789,6.352941176470588,-6.352941176470588,-11.666666666666666,2.1333333333333333,1.2777777777777777,-4.4375,3.5789473684210527,-6.3125,1.2222222222222223,-3.6,3.9523809523809526,9.6875,-2.7058823529411766,2.411764705882353,1.8125,5.0,-0.17647058823529413,-5.9375,2.05,2.388888888888889,0.9411764705882353,1.2222222222222223,2.3529411764705883,-1.2352941176470589,-8.0,0.9444444444444444,-4.266666666666667,-4.764705882352941,-7.823529411764706,-1.375,-3.388888888888889,1.0,-4.846153846153846,8.176470588235293,1.1333333333333333,8.75,-3.2941176470588234,1.6666666666666667,-3.6470588235294117,-4.055555555555555,5.411764705882353,-3.0
125,510199.0,509239.0,-0.2,7.0,5.133333333333334,2.8,-0.23529411764705882,-3.0555555555555554,-11.058823529411764,6.066666666666666,1.9473684210526316,-6.588235294117647,-0.1,0.6875,-6.8,4.0,8.722222222222221,1.2666666666666666,-2.8333333333333335,12.733333333333333,-2.9285714285714284,0.9411764705882353,9.0,-5.764705882352941,4.571428571428571,-2.888888888888889,-3.888888888888889,-12.214285714285714,-5.0,-7.6,-1.125,-6.4375,4.285714285714286,5.6,-4.647058823529412,-3.8,9.428571428571429,-1.0555555555555556,-0.9411764705882353,-3.466666666666667,-3.263157894736842,0.875,-2.9375,1.0,0.7222222222222222,0.05263157894736842,-6.428571428571429,-1.6875
126,513159.0,511879.0,9.75,2.8125,0.3125,-2.761904761904762,-6.0,0.8421052631578947,-2.8823529411764706,-5.588235294117647,-4.764705882352941,-0.4117647058823529,-5.777777777777778,-5.705882352941177,-2.9444444444444446,-8.066666666666666,-0.5555555555555556,-8.705882352941176,-0.5555555555555556,3.2941176470588234,8.214285714285714,-0.5625,4.2105263157894735,-0.1111111111111111,2.6875,-3.625,5.6,-0.6470588235294118,-3.8333333333333335,5.6,7.333333333333333,3.142857142857143,-1.1578947368421053,-1.625,-0.8666666666666667,-3.5,-6.142857142857143,-3.0,0.15789473684210525,-1.736842105263158,-3.6470588235294117,-9.933333333333334,4.1,-3.1176470588235294,4.8,-9.8125,-2.875,-0.5882352941176471
127,517279.0,515879.0,-1.7777777777777777,-5.875,3.5294117647058822,7.214285714285714,1.3125,-3.8823529411764706,-1.875,0.26666666666666666,-3.533333333333333,8.944444444444445,-3.0,-1.5263157894736843,1.0,2.0625,1.5,-0.6470588235294118,-6.266666666666667,3.125,6.230769230769231,1.25,2.235294117647059,2.0714285714285716,-0.47058823529411764,2.6875,-1.3529411764705883,-0.1111111111111111,-4.235294117647059,-6.8,13.466666666666667,0.4,-7.588235294117647,-4.166666666666667,1.2941176470588236,-5.375,-8.3125,3.0714285714285716,-0.06666666666666667,7.25,-9.352941176470589,0.9285714285714286,-0.7857142857142857,-4.117647058823529,9.133333333333333,0.1111111111111111,-3.4285714285714284,6.375
128,521439.0,519999.0,10.125,3.533333333333333,-8.235294117647058,0.4444444444444444,4.0,-7.1875,-7.733333333333333,5.2,-7.933333333333334,-5.352941176470588,-6.611111111111111,-1.9375,2.625,-12.0625,2.9047619047619047,-5.411764705882353,0.6875,-1.9333333333333333,1.0714285714285714,6.066666666666666,6.705882352941177,-1.6666666666666667,6.533333333333333,10.0625,2.142857142857143,-3.1875,2.388888888888889,1.8,6.5625,-4.461538461538462,-16.071428571428573,-7.733333333333333,3.0,-1.2941176470588236,-2.9411764705882355,-3.2,8.6875,4.470588235294118,-0.29411764705882354,15.357142857142858,-4.526315789473684,-1.9375,-13.235294117647058,-9.714285714285714,-13.294117647058824,-4.4375
129,525239.0,524079.0,8.571428571428571,3.0588235294117645,-4.857142857142857,0.4375,8.529411764705882,-4.933333333333334,-5.166666666666667,3.125,1.9411764705882353,3.0,3.6470588235294117,-6.133333333333334,1.0,1.105263157894737,2.3684210526315788,-6.473684210526316,-5.5,-5.117647058823529,1.8823529411764706,8.1875,-10.6,-14.615384615384615,-1.9285714285714286,-0.5,-7.2,9.055555555555555,2.0,10.375,3.466666666666667,4.266666666666667,-5.285714285714286,8.0,2.0,3.4705882352941178,11.294117647058824,2.4,5.555555555555555,3.0526315789473686,2.0714285714285716,-0.3076923076923077,7.266666666666667,3.0588235294117645,-0.9333333333333333,0.23529411764705882,-7.647058823529412,-2.357142857142857
130,529399.0,527999.0,5.769230769230769,1.1764705882352942,-2.8,2.9411764705882355,-1.0,-4.294117647058823,-2.3529411764705883,2.1666666666666665,-2.0,4.0,-8.333333333333334,-7.0588235294117645,2.8823529411764706,-2.0,-0.7777777777777778,-1.8,-5.166666666666667,-8.842105263157896,4.857142857142857,5.166666666666667,-0.125,-7.611111111111111,4.117647058823529,8.857142857142858,-1.0769230769230769,6.411764705882353,-3.2,8.571428571428571,9.266666666666667,0.375,-6.3,1.5625,1.588235294117647,-1.0,4.888888888888889,5.642857142857143,-0.9375,-1.6875,-6.117647058823529,-0.5,0.5714285714285714,0.5333333333333333,2.764705882352941,-3.6666666666666665,0.3333333333333333,6.1875
131,533679.0,532199.0,2.2857142857142856,10.105263157894736,-9.0,-10.722222222222221,-0.42857142857142855,2.1875,-8.5,-2.6,-1.8333333333333333,2.0588235294117645,-5.45,-12.222222222222221,-3.8947368421052633,-4.411764705882353,-9.105263157894736,6.214285714285714,-1.588235294117647,-0.9,12.4375,-8.470588235294118,8.375,9.866666666666667,-1.3125,0.9411764705882353,-2.8823529411764706,-2.066666666666667,3.0,-1.5,-1.1428571428571428,4.0625,-0.29411764705882354,8.235294117647058,-4.0,0.29411764705882354,4.125,-3.857142857142857,-3.6666666666666665,1.105263157894737,0.4117647058823529,-2.2941176470588234,2.0588235294117645,-0.07142857142857142,-11.1875,-1.125,0.2,0.5714285714285714
132,537479.0,536039.0,2.764705882352941,7.4,-4.071428571428571,-3.3529411764705883,3.857142857142857,-2.6,0.0,3.7333333333333334,-2.5294117647058822,-13.117647058823529,10.61111111111111,-5.555555555555555,-4.133333333333334,1.3571428571428572,-8.4375,0.35714285714285715,8.588235294117647,5.625,-0.125,2.2777777777777777,1.3333333333333333,0.29411764705882354,1.5625,10.0625,-7.176470588235294,-3.6666666666666665,4.933333333333334,10.384615384615385,-0.07692307692307693,4.375,-3.235294117647059,1.8666666666666667,11.6875,9.076923076923077,5.066666666666666,-0.7647058823529411,7.266666666666667,5.55,5.222222222222222,2.9375,2.5625,0.9375,-0.5625,-7.222222222222222,-6.4,-2.2222222222222223
133,541239.0,539679.0,-1.1428571428571428,0.4375,-4.9411764705882355,0.35,3.8125,-0.5263157894736842,-3.9047619047619047,-4.35,2.4444444444444446,-1.5,-3.9411764705882355,9.705882352941176,-5.117647058823529,2.111111111111111,-8.368421052631579,-7.4,-4.2,0.95,7.071428571428571,-2.1,-14.4,1.0666666666666667,-0.14285714285714285,-5.647058823529412,10.538461538461538,1.1428571428571428,-2.1666666666666665,-1.75,-5.8,-6.083333333333333,8.294117647058824,1.6470588235294117,-1.8,6.705882352941177,5.357142857142857,-5.722222222222222,-8.0,-3.75,-0.2,7.8,4.923076923076923,-8.117647058823529,-3.125,-6.947368421052632,8.0625,5.466666666666667
134,545759.0,544119.0,5.8,1.6428571428571428,-2.0,-1.1,8.411764705882353,-3.5555555555555554,-10.8125,-5.125,-2.611111111111111,-4.0,-5.35,3.176470588235294,0.5625,1.7142857142857142,4.933333333333334,2.7333333333333334,-1.631578947368421,1.1875,1.2142857142857142,2.9285714285714284,8.470588235294118,0.5882352941176471,-0.875,-5.166666666666667,-2.588235294117647,4.588235294117647,6.2,7.588235294117647,-5.5,3.4285714285714284,0.5882352941176471,4.285714285714286,0.42857142857142855,1.3571428571428572,-1.0666666666666667,0.9375,-7.3125,2.3684210526315788,7.5,6.375,0.7647058823529411,-1.8235294117647058,-13.071428571428571,-2.235294117647059,-3.2666666666666666,-5.785714285714286
135,550239.0,548199.0,2.857142857142857,9.9375,4.357142857142857,-2.0,-3.2,6.611111111111111,3.0,3.0,2.466666666666667,-1.2,3.2857142857142856,-4.294117647058823,4.315789473684211,-1.0,6.111111111111111,5.75,2.0,-11.307692307692308,-17.923076923076923,0.8947368421052632,-8.8125,0.4,-11.384615384615385,4.684210526315789,-4.8,-5.769230769230769,5.266666666666667,-3.357142857142857,1.6666666666666667,4.235294117647059,-11.055555555555555,-14.642857142857142,0.7142857142857143,6.125,-7.666666666666667,-2.875,-2.5,2.9523809523809526,-1.6875,-1.0,1.8235294117647058,3.8666666666666667,-0.21428571428571427,-8.0625,1.5,5.666666666666667
136,561319.0,552159.0,4.294117647058823,-0.35,2.2,-2.6470588235294117,8.1,-3.8947368421052633,-6.666666666666667,4.466666666666667,-11.277777777777779,7.5,7.3125,1.0,9.666666666666666,-8.5625,-8.058823529411764,-1.9375,3.7333333333333334,8.6875,-4.928571428571429,7.647058823529412,4.769230769230769,-7.142857142857143,-0.21428571428571427,-5.076923076923077,0.8235294117647058,9.578947368421053,-4.8,4.1875,-2.1875,4.0,-8.23076923076923,-7.066666666666666,4.588235294117647,-6.823529411764706,-6.928571428571429,-5.947368421052632,3.0555555555555554,-4.947368421052632,1.0,4.9375,-1.0588235294117647,6.333333333333333,-3.6153846153846154,3.8823529411764706,-1.2941176470588236,4.071428571428571
137,565439.0,564839.0,,,,,,,,,,,,,,,,,,,,,,,,,,,,,,,,,,,,,,,,,,,,,,
138,561319.0,559919.0,3.3333333333333335,0.55,6.5625,0.3,7.761904761904762,1.4210526315789473,-10.555555555555555,-0.29411764705882354,-4.2631578947368425,8.777777777777779,7.8125,8.95,11.277777777777779,0.3125,1.7894736842105263,-0.16666666666666666,4.071428571428571,6.733333333333333,-14.8,5.5,1.7333333333333334,-2.75,-3.7142857142857144,-12.923076923076923,-10.857142857142858,6.352941176470588,1.5333333333333334,7.333333333333333,4.4375,-0.8,-6.0,-12.533333333333333,11.4,1.4705882352941178,-13.571428571428571,-2.9523809523809526,6.705882352941177,4.277777777777778,2.2666666666666666,-0.6923076923076923,-1.2666666666666666,-4.8125,-0.4,4.117647058823529,8.875,2.4615384615384617
139,565959.0,564039.0,8.4375,-2.0555555555555554,8.176470588235293,-2.7,-2.8666666666666667,1.1875,-0.17647058823529413,9.933333333333334,2.1052631578947367,-3.8823529411764706,-4.166666666666667,-1.85,5.055555555555555,-1.7777777777777777,-6.0476190476190474,-8.61111111111111,-3.2777777777777777,2.2777777777777777,0.125,-0.5625,1.375,1.1428571428571428,-8.733333333333333,-2.823529411764706,5.0625,0.4666666666666667,6.647058823529412,0.6666666666666666,3.933333333333333,-8.0,3.8666666666666667,-0.26666666666666666,5.1875,0.7368421052631579,9.61111111111111,-9.5625,0.4375,-6.117647058823529,-5.928571428571429,-2.4375,0.23529411764705882,-1.75,-6.857142857142857,-4.375,2.0588235294117645,-3.625
140,569839.0,568159.0,14.5,-6.777777777777778,-5.125,-1.4705882352941178,4.352941176470588,-0.8888888888888888,0.058823529411764705,5.2,4.842105263157895,-6.588235294117647,2.5789473684210527,3.7777777777777777,4.0,-0.7647058823529411,-4.133333333333334,-1.0555555555555556,-3.6,-7.375,12.6875,6.529411764705882,-0.14285714285714285,-8.75,-8.76923076923077,-5.928571428571429,9.5,-4.1875,6.0625,5.153846153846154,-8.285714285714286,4.8125,-5.117647058823529,0.3125,-0.35714285714285715,-7.0,-1.4,-4.055555555555555,-3.764705882352941,-4.8125,7.705882352941177,-3.75,-5.666666666666667,-6.777777777777778,4.533333333333333,-0.3333333333333333,1.588235294117647,8.384615384615385
141,573119.0,571879.0,9.444444444444445,4.0,-3.5714285714285716,3.6666666666666665,-5.411764705882353,1.7333333333333334,-5.0588235294117645,7.3076923076923075,2.9411764705882355,3.8125,-2.0,-2.5,-3.5714285714285716,-2.8333333333333335,-4.588235294117647,7.8,-5.25,-3.764705882352941,1.7647058823529411,1.1764705882352942,7.166666666666667,1.1818181818181819,2.3125,-5.230769230769231,-1.4375,-0.8235294117647058,3.0625,-1.0,5.157894736842105,0.75,-7.5625,-5.5,-5.294117647058823,5.352941176470588,-3.0,1.411764705882353,1.6470588235294117,-7.0,-0.125,-2.0,7.4,-13.0,-3.176470588235294,-9.444444444444445,8.0,2.5
142,577759.0,575839.0,-2.3333333333333335,-3.5294117647058822,-2.2941176470588234,-1.3888888888888888,5.352941176470588,-4.875,0.2631578947368421,3.2666666666666666,-5.4375,4.0,-1.6470588235294117,-4.166666666666667,-1.0526315789473684,5.470588235294118,5.4375,-3.8666666666666667,0.47619047619047616,2.5714285714285716,-6.0,-2.2222222222222223,7.823529411764706,-1.8823529411764706,-8.4,0.4444444444444444,1.2777777777777777,-0.25,-0.5333333333333333,-2.2,1.2,0.8235294117647058,8.066666666666666,-1.6923076923076923,2.0,-5.8,3.8666666666666667,4.066666666666666,11.266666666666667,3.6,-9.333333333333334,-1.0625,5.764705882352941,2.5,-2.4375,5.266666666666667,-13.928571428571429,4.6875
143,581319.0,579959.0,-2.411764705882353,-2.8125,-4.4375,1.9166666666666667,13.714285714285714,3.533333333333333,-4.214285714285714,5.0,5.0,2.2666666666666666,-2.764705882352941,3.6666666666666665,3.4375,3.75,5.222222222222222,0.9333333333333333,-2.25,2.625,5.857142857142857,-1.3076923076923077,7.052631578947368,6.769230769230769,10.0,2.466666666666667,-1.1428571428571428,-3.210526315789474,2.8461538461538463,4.176470588235294,3.823529411764706,-5.153846153846154,-4.166666666666667,6.647058823529412,-9.166666666666666,0.5625,2.6,8.0,-1.1,-3.7333333333333334,-1.2105263157894737,-0.125,-10.785714285714286,-2.357142857142857,0.5,-7.230769230769231,3.235294117647059,0.9444444444444444
144,585199.0,583999.0,9.928571428571429,0.3333333333333333,7.5,-4.388888888888889,-5.928571428571429,-8.75,-0.26666666666666666,0.0,-6.0,-5.529411764705882,-1.7222222222222223,1.7894736842105263,0.7222222222222222,0.3888888888888889,-0.16666666666666666,-9.588235294117647,0.6842105263157895,10.6,-9.692307692307692,-2.5294117647058822,3.933333333333333,4.8125,-2.1176470588235294,0.6,-6.285714285714286,-3.823529411764706,0.14285714285714285,-3.0,0.6,-6.466666666666667,-0.26666666666666666,0.058823529411764705,0.2,4.875,-6.928571428571429,-3.2,3.642857142857143,5.052631578947368,-3.625,3.6666666666666665,3.75,1.5,-0.8,-3.888888888888889,-0.6875,0.2
145,589479.0,588079.0,9.1875,-1.4375,3.0,5.833333333333333,-11.75,-1.6470588235294117,-7.666666666666667,-2.533333333333333,8.0,-5.428571428571429,-4.0588235294117645,2.2222222222222223,-7.833333333333333,4.176470588235294,2.736842105263158,2.1333333333333333,3.7058823529411766,2.533333333333333,-4.8,-1.9444444444444444,-2.75,1.3076923076923077,-2.3529411764705883,4.333333333333333,6.0,0.4666666666666667,7.866666666666666,-13.615384615384615,-3.4,-4.4,5.3125,4.411764705882353,2.2857142857142856,7.928571428571429,5.8,-2.7058823529411766,8.928571428571429,4.944444444444445,-3.0555555555555554,5.352941176470588,-1.4,3.5,1.4375,4.1875,-3.466666666666667,3.875
146,593599.0,592039.0,5.642857142857143,-0.2,-12.666666666666666,11.75,-2.5,-3.789473684210526,-2.888888888888889,-0.17647058823529413,-0.8666666666666667,-6.357142857142857,-1.5555555555555556,5.388888888888889,4.7368421052631575,-6.176470588235294,-3.85,-0.2631578947368421,-2.2777777777777777,0.8,5.176470588235294,-1.0625,-2.210526315789474,4.947368421052632,-2.176470588235294,0.3125,0.3333333333333333,3.8125,11.75,6.4375,-1.4375,-1.9411764705882353,3.4166666666666665,-4.6923076923076925,10.466666666666667,6.533333333333333,5.0625,-1.4,4.8,-8.823529411764707,0.8888888888888888,3.823529411764706,9.75,-1.2666666666666666,-7.3076923076923075,2.9375,-8.375,3.1333333333333333
147,597319.0,595639.0,8.071428571428571,3.823529411764706,-0.2,-0.35,1.5,3.6470588235294117,-12.5,7.071428571428571,-10.0,3.0,-5.0588235294117645,-1.263157894736842,7.578947368421052,-8.266666666666667,1.5294117647058822,5.0625,-8.8125,6.368421052631579,1.5,1.8,-10.625,2.1875,-0.21428571428571427,0.35294117647058826,-6.470588235294118,2.8333333333333335,-5.071428571428571,1.375,-2.0588235294117645,-1.5,1.0714285714285714,-2.6875,7.076923076923077,6.2105263157894735,-1.5,1.3333333333333333,-1.8125,0.2,-8.142857142857142,7.0625,0.8571428571428571,-5.5625,-3.2666666666666666,2.2777777777777777,-6.142857142857143,-1.9375
148,602239.0,600119.0,-3.3076923076923075,1.9333333333333333,10.933333333333334,-1.7777777777777777,-4.285714285714286,-6.0625,-7.5,2.75,-1.6666666666666667,3.8125,-0.5555555555555556,5.0625,-0.058823529411764705,1.8571428571428572,0.5,0.7058823529411765,3.473684210526316,-6.375,-12.166666666666666,-6.875,4.538461538461538,-15.642857142857142,11.466666666666667,9.5,-8.857142857142858,0.8823529411764706,-3.7333333333333334,8.733333333333333,3.8666666666666667,2.3333333333333335,19.071428571428573,12.5,13.642857142857142,4.578947368421052,-1.0714285714285714,8.235294117647058,0.75,-0.4,-1.0666666666666667,-11.285714285714286,-3.5384615384615383,7.866666666666666,5.764705882352941,6.923076923076923,-10.0,5.25
149,606679.0,604119.0,-3.3076923076923075,1.9333333333333333,10.933333333333334,-1.7777777777777777,-4.285714285714286,-6.0625,-7.5,2.75,-1.6666666666666667,3.8125,-0.5555555555555556,5.0625,-0.058823529411764705,1.8571428571428572,0.5,0.7058823529411765,3.473684210526316,-6.375,-12.166666666666666,-6.875,4.538461538461538,-15.642857142857142,11.466666666666667,9.5,-8.857142857142858,0.8823529411764706,-3.7333333333333334,8.733333333333333,3.8666666666666667,2.3333333333333335,19.071428571428573,12.5,13.642857142857142,4.578947368421052,-1.0714285714285714,8.235294117647058,0.75,-0.4,-1.0666666666666667,-11.285714285714286,-3.5384615384615383,7.866666666666666,5.764705882352941,6.923076923076923,-10.0,5.25
