,end_time,start_time,rdsym_elec24,rdsym_elec26,rdsym_elec33,rdsym_elec34,rdsym_elec41,rdsym_elec25,rdsym_elec32,rdsym_elec40,rdsym_elec10,rdsym_elec11,rdsym_elec18,rdsym_elec19,rdsym_elec2,rdsym_elec3,rdsym_elec12,rdsym_elec13,rdsym_elec14,rdsym_elec15,rdsym_elec20,rdsym_elec21,rdsym_elec22,rdsym_elec27,rdsym_elec28,rdsym_elec29,rdsym_elec30,rdsym_elec35,rdsym_elec36,rdsym_elec37,rdsym_elec38,rdsym_elec4,rdsym_elec42,rdsym_elec43,rdsym_elec44,rdsym_elec45,rdsym_elec46,rdsym_elec5,rdsym_elec6,rdsym_elec7,rdsym_elec16,rdsym_elec17,rdsym_elec23,rdsym_elec31,rdsym_elec39,rdsym_elec8,rdsym_elec9,rdsym_elec0,rdsym_elec1
0,10079.0,8159.0,-6.0,-5.2,2.45,-0.9090909090909091,-3.473684210526316,8.470588235294118,8.764705882352942,2.176470588235294,-2.466666666666667,-5.235294117647059,-4.222222222222222,-3.764705882352941,-6.166666666666667,-3.789473684210526,1.0555555555555556,-4.133333333333334,8.555555555555555,0.9333333333333333,8.352941176470589,3.25,-0.9411764705882353,7.0,-2.4,12.647058823529411,0.7333333333333333,3.0,-3.0,-1.4285714285714286,3.2666666666666666,-4.071428571428571,7.111111111111111,9.357142857142858,0.6666666666666666,-1.4666666666666666,3.8,5.2631578947368425,-0.3888888888888889,0.7333333333333333,-7.857142857142857,-0.7333333333333333,-5.526315789473684,6.555555555555555,12.8125,4.2,-2.933333333333333,7.615384615384615,8.166666666666666
1,13559.0,12479.0,-1.8421052631578947,1.6470588235294117,0.6190476190476191,-3.388888888888889,-3.9444444444444446,-0.7142857142857143,2.2,5.0625,-2.4,-2.7058823529411766,-1.6875,-0.3333333333333333,-3.7333333333333334,-2.588235294117647,2.619047619047619,0.05263157894736842,-3.1875,-6.866666666666666,5.0,-0.9411764705882353,2.4210526315789473,-4.117647058823529,3.875,5.111111111111111,1.5555555555555556,-7.625,1.5294117647058822,-0.35294117647058826,-0.47058823529411764,0.5625,7.111111111111111,-3.3333333333333335,0.25,3.1875,1.4705882352941178,3.6842105263157894,-2.375,-3.3529411764705883,-5.222222222222222,1.8571428571428572,5.529411764705882,0.45,-3.3684210526315788,-9.375,-9.941176470588236,0.3333333333333333,-0.6470588235294118
2,17599.0,15839.0,-8.588235294117647,5.764705882352941,2.227272727272727,0.6086956521739131,3.1,-4.777777777777778,-1.2380952380952381,-4.888888888888889,-2.3333333333333335,2.375,5.0,-1.1176470588235294,0.9411764705882353,-0.5294117647058824,-6.888888888888889,-2.2222222222222223,1.375,-5.571428571428571,-2.8823529411764706,-5.411764705882353,2.0,2.411764705882353,2.533333333333333,-1.875,-5.533333333333333,-0.9090909090909091,-2.5,-2.4,-2.4,-0.25,-6.25,-7.764705882352941,-15.933333333333334,-18.642857142857142,-12.733333333333333,2.0625,0.7333333333333333,0.3333333333333333,-2.7333333333333334,-1.5333333333333334,3.625,-5.125,2.3333333333333335,4.266666666666667,8.1875,-4.111111111111111,4.0
3,21439.0,19839.0,-1.736842105263158,-3.5789473684210527,-0.2,-3.590909090909091,4.7894736842105265,-4.125,-5.111111111111111,-0.95,1.7058823529411764,-3.7222222222222223,-7.933333333333334,-3.2857142857142856,-1.5625,0.06666666666666667,1.7647058823529411,-0.7777777777777778,-3.9473684210526314,-1.1875,-0.6842105263157895,-8.3125,-7.7368421052631575,3.8666666666666667,2.5625,0.2,-3.4375,4.333333333333333,2.375,-5.2,-8.176470588235293,-8.473684210526315,0.2777777777777778,1.375,-1.0,-5.666666666666667,-6.5,1.3157894736842106,6.473684210526316,-9.588235294117647,-4.105263157894737,0.5,-0.6111111111111112,0.631578947368421,1.4736842105263157,2.235294117647059,4.157894736842105,6.0,-0.9411764705882353
4,25519.0,23919.0,0.11764705882352941,4.7368421052631575,-0.55,-2.5,3.235294117647059,1.0,-5.611111111111111,10.5,4.705882352941177,-3.875,5.5625,0.7777777777777778,1.1666666666666667,2.0,-2.888888888888889,4.388888888888889,6.125,0.9375,11.0,0.8888888888888888,-2.6470588235294117,7.882352941176471,7.529411764705882,3.0526315789473686,1.8125,3.176470588235294,5.9411764705882355,3.4375,3.5,-1.5294117647058822,-0.5,7.375,2.9411764705882355,4.375,2.3529411764705883,5.294117647058823,2.9375,6.4375,3.5,-4.25,-3.0,-2.2777777777777777,8.3125,3.2666666666666666,-0.26666666666666666,3.25,5.176470588235294
5,29719.0,28359.0,3.8823529411764706,0.3888888888888889,2.55,-0.8636363636363636,-0.8888888888888888,6.833333333333333,-5.6,-7.238095238095238,-2.611111111111111,-9.4,-3.9285714285714284,-14.428571428571429,-6.526315789473684,-4.277777777777778,-3.0625,0.3684210526315789,-2.0625,-8.411764705882353,-3.111111111111111,-1.375,-6.333333333333333,-7.666666666666667,-12.263157894736842,-2.6842105263157894,-5.5,-5.733333333333333,-3.111111111111111,1.1666666666666667,-2.8333333333333335,-6.315789473684211,-3.1818181818181817,-14.3125,-5.444444444444445,-3.5555555555555554,-7.666666666666667,-4.526315789473684,-2.8333333333333335,0.9444444444444444,1.9444444444444444,-0.3125,0.6111111111111112,-0.5625,-8.944444444444445,1.0588235294117647,-2.625,-4.333333333333333,-2.5625
6,33639.0,31959.0,-2.0,-2.9473684210526314,-5.2,6.428571428571429,-4.15,5.1875,-2.375,3.7777777777777777,-2.7777777777777777,0.0,-3.176470588235294,2.25,-4.315789473684211,3.772727272727273,0.5294117647058824,5.85,-3.5,-4.285714285714286,5.6875,-8.875,-2.0714285714285716,-1.9444444444444444,-4.4,2.5,4.133333333333334,0.8571428571428571,0.95,1.0,0.26666666666666666,0.29411764705882354,1.5555555555555556,1.3529411764705883,0.375,1.6,1.9333333333333333,-1.6470588235294117,2.1333333333333333,0.7142857142857143,-0.95,-0.05555555555555555,0.375,-1.3125,3.5714285714285716,4.647058823529412,-1.9444444444444444,-1.9473684210526316,2.764705882352941
7,37479.0,35879.0,-3.875,5.7894736842105265,-6.052631578947368,-0.6363636363636364,5.578947368421052,-4.75,-5.2,-2.6666666666666665,-2.3333333333333335,-2.0,-5.222222222222222,-0.7647058823529411,-6.0,-7.25,-0.17647058823529413,-6.611111111111111,2.473684210526316,-14.0,-5.75,-2.7222222222222223,-4.3076923076923075,1.3888888888888888,3.6666666666666665,-0.7368421052631579,-2.9285714285714284,1.2380952380952381,-0.5625,1.7333333333333334,-3.642857142857143,-3.6666666666666665,0.7368421052631579,-1.8235294117647058,-3.588235294117647,-3.0,-6.375,-5.625,-2.176470588235294,-0.2857142857142857,-8.285714285714286,-1.6875,6.0,6.0625,5.764705882352941,-12.066666666666666,-10.066666666666666,-6.75,-1.7333333333333334
8,41959.0,40159.0,-6.625,-1.3157894736842106,-2.4210526315789473,-2.6363636363636362,1.894736842105263,-7.133333333333334,-1.8421052631578947,1.7647058823529411,-0.35294117647058826,-4.588235294117647,1.736842105263158,0.75,2.75,0.3125,0.875,-4.3125,-1.3125,0.3888888888888889,4.875,4.882352941176471,-1.0588235294117647,-1.4444444444444444,-2.875,-2.111111111111111,-7.933333333333334,-2.176470588235294,-6.9411764705882355,-2.625,-6.666666666666667,-12.4375,8.5,-1.4705882352941178,-0.8125,-0.8666666666666667,-2.533333333333333,2.3529411764705883,-1.4705882352941178,-8.5625,-4.7368421052631575,-3.125,-2.7777777777777777,-3.5294117647058822,1.125,-6.666666666666667,0.9411764705882353,-0.8125,-0.3333333333333333
9,45599.0,43799.0,0.6111111111111112,4.125,-1.2380952380952381,1.0,-0.8,0.17647058823529413,-2.2222222222222223,1.9444444444444444,-0.1111111111111111,0.26666666666666666,1.0625,1.2941176470588236,-6.4375,-2.7058823529411766,-2.736842105263158,-3.111111111111111,-2.4,-4.5625,-8.777777777777779,-4.235294117647059,0.47058823529411764,2.533333333333333,0.6666666666666666,-2.2941176470588234,-4.4,-13.333333333333334,-3.3333333333333335,-6.117647058823529,-1.875,-2.625,0.5,-3.764705882352941,-4.529411764705882,-4.125,-5.133333333333334,-3.4375,-1.0526315789473684,3.5625,-0.9375,0.4375,3.588235294117647,-0.11764705882352941,3.3333333333333335,7.105263157894737,-1.4736842105263157,-3.8823529411764706,0.15789473684210525
10,49559.0,47799.0,-3.888888888888889,-9.555555555555555,-3.782608695652174,-5.714285714285714,-1.7647058823529411,-7.05,-1.1875,-3.125,0.0,-7.375,-0.8421052631578947,-12.0,3.2666666666666666,-4.0,3.176470588235294,-7.666666666666667,-4.866666666666666,-10.285714285714286,-11.473684210526315,0.8888888888888888,-8.0625,6.0,-18.692307692307693,-10.941176470588236,-9.23076923076923,-13.4,-24.692307692307693,-18.75,-14.923076923076923,-6.428571428571429,-6.055555555555555,-19.571428571428573,-15.615384615384615,-20.0,-20.307692307692307,-9.571428571428571,-3.1538461538461537,-10.307692307692308,-11.5,4.444444444444445,-1.5294117647058822,-6.75,-4.666666666666667,-6.615384615384615,-5.25,0.17647058823529413,-12.285714285714286
11,53559.0,51799.0,4.666666666666667,1.2,1.411764705882353,3.857142857142857,2.4444444444444446,-0.26666666666666666,-0.1875,-2.5,-3.9375,1.35,-2.625,-6.0,-4.466666666666667,-7.722222222222222,-3.0555555555555554,-0.125,2.125,-2.0,0.45,-3.5,10.142857142857142,-3.2941176470588234,-5.0,-5.1875,-0.8235294117647058,-7.647058823529412,-11.764705882352942,-4.0,-4.285714285714286,-2.75,-0.19047619047619047,-2.2,-5.666666666666667,-0.3333333333333333,-0.7333333333333333,1.8235294117647058,-0.8235294117647058,-4.285714285714286,9.6,10.2,1.3888888888888888,-2.3529411764705883,-0.8235294117647058,-1.7058823529411764,-5.625,-2.588235294117647,3.411764705882353
12,57319.0,55599.0,0.42857142857142855,-1.2352941176470589,-8.333333333333334,-0.4,-2.142857142857143,-2.05,3.111111111111111,2.8333333333333335,1.8125,1.588235294117647,0.0625,2.2222222222222223,1.7222222222222223,2.473684210526316,-0.631578947368421,-1.8421052631578947,3.4,-3.8823529411764706,-4.25,0.15789473684210525,-11.133333333333333,-1.2,-4.8125,-2.75,-6.0,-3.8333333333333335,-4.166666666666667,1.7647058823529411,3.0588235294117645,0.8823529411764706,-0.9473684210526315,-7.882352941176471,-7.411764705882353,-0.7647058823529411,-1.588235294117647,0.8235294117647058,-3.0588235294117645,0.9411764705882353,6.647058823529412,-5.6,1.8125,-2.0,5.166666666666667,-8.294117647058824,-11.823529411764707,-7.117647058823529,-3.875
13,61279.0,59479.0,8.6875,17.5,1.2105263157894737,0.09090909090909091,7.142857142857143,6.533333333333333,1.3125,13.823529411764707,0.0,20.6875,-3.5555555555555554,2.3076923076923075,7.473684210526316,-6.473684210526316,-6.05,2.2,2.625,5.9375,-0.3684210526315789,2.2222222222222223,4.388888888888889,0.6666666666666666,4.666666666666667,8.0,2.625,4.0,-0.47058823529411764,4.25,6.25,2.8333333333333335,4.5,5.928571428571429,4.428571428571429,10.133333333333333,8.133333333333333,12.0,8.941176470588236,8.2,3.0625,6.666666666666667,-2.2777777777777777,12.6875,5.235294117647059,4.6875,3.5238095238095237,1.625,3.736842105263158
14,65479.0,63959.0,0.3125,-3.0526315789473686,2.909090909090909,-3.260869565217391,1.2,1.0,6.0625,-4.529411764705882,-0.16666666666666666,9.125,-4.222222222222222,5.411764705882353,-4.894736842105263,-0.625,-3.625,-2.1176470588235294,-1.4705882352941178,-1.125,-3.1666666666666665,-1.0,4.7368421052631575,-5.0,-5.5,-2.761904761904762,1.7857142857142858,-5.095238095238095,0.8823529411764706,7.357142857142857,2.1333333333333333,7.9375,-6.111111111111111,-5.647058823529412,3.066666666666667,3.1333333333333333,0.0,0.47368421052631576,-1.75,-2.588235294117647,-7.823529411764706,-4.235294117647059,-3.3125,1.4666666666666666,2.8,0.11764705882352941,5.9375,-7.866666666666666,-0.7142857142857143
15,69479.0,67719.0,4.55,2.0555555555555554,-6.65,3.0,1.1,-0.9411764705882353,-0.14285714285714285,7.529411764705882,1.4375,6.0,6.529411764705882,-4.166666666666667,4.470588235294118,1.9,0.7058823529411765,9.5625,1.0666666666666667,2.0714285714285716,-3.066666666666667,7.833333333333333,7.466666666666667,5.75,-0.5294117647058824,-2.0588235294117645,-6.928571428571429,8.210526315789474,8.470588235294118,2.6666666666666665,2.8,1.75,2.4,-3.3333333333333335,-3.0,-0.23076923076923078,-8.0,5.529411764705882,9.666666666666666,-3.3125,-3.235294117647059,-4.705882352941177,5.666666666666667,2.588235294117647,4.642857142857143,5.375,2.75,8.5,2.625
16,73999.0,72079.0,3.111111111111111,3.5555555555555554,-0.4444444444444444,-1.6956521739130435,4.578947368421052,-10.8125,-8.117647058823529,-7.1875,-6.35,-0.1875,1.1176470588235294,3.8333333333333335,0.23529411764705882,2.7058823529411766,-2.066666666666667,2.411764705882353,-0.875,-2.125,-7.235294117647059,-8.428571428571429,2.1333333333333333,1.6470588235294117,-0.8125,5.5,-1.0588235294117647,-0.9473684210526315,0.75,1.411764705882353,5.411764705882353,6.411764705882353,-7.2105263157894735,-2.0833333333333335,5.0,3.2941176470588234,5.823529411764706,1.8125,2.2666666666666666,0.8235294117647058,8.1875,-2.8333333333333335,1.4,4.714285714285714,-0.5882352941176471,-3.8947368421052633,1.7222222222222223,5.714285714285714,-4.266666666666667
17,77919.0,76239.0,-6.411764705882353,-0.7058823529411765,1.0454545454545454,-1.9444444444444444,0.10526315789473684,-7.0,-5.761904761904762,5.176470588235294,-4.0625,-4.157894736842105,-2.5789473684210527,-1.2222222222222223,-0.75,2.6470588235294117,2.0,-1.3,-5.2105263157894735,0.5333333333333333,-4.647058823529412,-1.375,-1.7222222222222223,3.875,-0.4375,-2.0,-1.7142857142857142,-4.0588235294117645,-3.6875,1.5714285714285714,0.5714285714285714,-9.166666666666666,-1.8636363636363635,-1.6111111111111112,-5.25,0.8571428571428571,1.1428571428571428,-0.16666666666666666,-3.4,-2.7142857142857144,-6.647058823529412,-2.8823529411764706,-5.4375,1.0,4.235294117647059,2.357142857142857,-3.4375,1.0714285714285714,0.7058823529411765
18,81799.0,79879.0,1.1666666666666667,8.947368421052632,-7.6,4.409090909090909,-2.6315789473684212,-1.736842105263158,-2.7058823529411766,1.7333333333333334,-2.235294117647059,3.5625,4.882352941176471,-5.538461538461538,-4.8125,2.3333333333333335,-0.5882352941176471,1.4444444444444444,-2.9444444444444446,0.23529411764705882,1.5294117647058822,-3.588235294117647,2.2142857142857144,3.933333333333333,0.1111111111111111,1.5,2.3125,-9.38888888888889,3.9444444444444446,0.06666666666666667,0.9375,-2.1,1.2777777777777777,-0.35294117647058826,6.3076923076923075,4.846153846153846,1.1538461538461537,3.210526315789474,-4.352941176470588,-0.25,3.4375,-1.0555555555555556,-0.9411764705882353,6.777777777777778,1.3888888888888888,6.117647058823529,4.444444444444445,-5.4375,4.2105263157894735
19,85439.0,83759.0,-5.125,1.9523809523809523,2.391304347826087,-4.590909090909091,3.227272727272727,4.125,9.470588235294118,1.1176470588235294,6.764705882352941,-12.625,1.5555555555555556,0.13333333333333333,-0.631578947368421,2.4444444444444446,-4.222222222222222,-4.235294117647059,-5.8,-3.263157894736842,0.23529411764705882,-3.588235294117647,-3.6875,2.238095238095238,-1.8125,2.85,-4.875,0.8571428571428571,-1.588235294117647,9.2,-3.7333333333333334,-4.055555555555555,-1.1428571428571428,-4.611111111111111,-11.266666666666667,-7.333333333333333,-4.066666666666666,1.1176470588235294,0.3125,-4.3125,-2.125,-3.95,1.7777777777777777,4.6875,-2.5294117647058822,-9.0,-4.666666666666667,7.375,3.6666666666666665
20,89479.0,87759.0,-5.7894736842105265,-2.9375,-4.157894736842105,-3.5652173913043477,-2.235294117647059,-0.16666666666666666,-2.7777777777777777,-0.9375,-4.411764705882353,-1.55,2.3529411764705883,3.9473684210526314,-1.0,2.611111111111111,0.15789473684210525,-0.5789473684210527,0.8666666666666667,-0.9333333333333333,-2.5,-2.8,-0.6,-2.1176470588235294,-12.133333333333333,1.9411764705882353,-6.714285714285714,-2.3333333333333335,-11.066666666666666,-8.4,-7.066666666666666,-7.888888888888889,-3.5294117647058822,0.75,-5.2,-1.8461538461538463,-1.5,1.1666666666666667,0.9411764705882353,-4.266666666666667,1.4375,14.421052631578947,-0.5333333333333333,-6.133333333333334,1.9333333333333333,4.125,7.066666666666666,2.4285714285714284,-4.0
21,93759.0,91839.0,4.529411764705882,7.1875,5.0588235294117645,3.4285714285714284,1.2222222222222223,-0.05263157894736842,2.7058823529411766,8.266666666666667,10.76923076923077,-1.75,5.066666666666666,-2.789473684210526,0.8947368421052632,1.7058823529411764,8.5,7.944444444444445,10.0625,1.0,2.411764705882353,-2.736842105263158,9.058823529411764,7.75,-3.0,9.125,2.0714285714285716,-1.4444444444444444,-2.923076923076923,-3.3846153846153846,-0.2857142857142857,-3.0,3.8947368421052633,2.1333333333333333,-0.9230769230769231,-5.230769230769231,-4.6923076923076925,2.6842105263157894,7.6,2.0,4.470588235294118,1.5333333333333334,0.8888888888888888,1.9333333333333333,11.76923076923077,2.588235294117647,7.6,-1.3125,-7.4375
22,98039.0,96439.0,-1.1764705882352942,4.888888888888889,-2.1,2.3636363636363638,-1.3333333333333333,-1.5625,2.4444444444444446,-2.5294117647058822,7.666666666666667,1.6666666666666667,9.066666666666666,1.4666666666666666,-0.058823529411764705,3.736842105263158,-2.3636363636363638,-3.1,1.1578947368421053,5.125,-3.8421052631578947,4.529411764705882,-3.7222222222222223,1.5,3.5555555555555554,3.4444444444444446,15.777777777777779,3.0,12.052631578947368,7.888888888888889,7.222222222222222,3.4705882352941178,0.8333333333333334,4.764705882352941,7.166666666666667,6.111111111111111,5.055555555555555,6.578947368421052,11.555555555555555,4.75,12.058823529411764,-0.75,0.11764705882352941,5.8125,4.066666666666666,5.894736842105263,1.9473684210526316,-2.2222222222222223,-1.0555555555555556
23,101759.0,99719.0,-4.75,-6.55,1.1875,3.652173913043478,-3.5789473684210527,-7.0,1.1176470588235294,-4.944444444444445,-6.4375,-1.8333333333333333,-3.75,0.4444444444444444,-2.611111111111111,-2.0476190476190474,-1.3,-0.5,-0.8823529411764706,-4.857142857142857,-6.461538461538462,-1.411764705882353,-10.0,-4.055555555555555,-0.75,-1.8,-1.875,3.6470588235294117,-0.6111111111111112,-1.2941176470588236,0.125,4.25,3.0588235294117645,-2.8125,-2.588235294117647,-1.125,-4.3125,-0.9444444444444444,2.4375,-8.75,-10.75,-6.4,-7.214285714285714,-1.7142857142857142,-5.066666666666666,-6.294117647058823,6.666666666666667,-0.6153846153846154,1.5333333333333334
24,105719.0,103719.0,3.625,-2.8421052631578947,5.176470588235294,2.75,2.111111111111111,-2.8333333333333335,6.5625,4.555555555555555,5.0,-1.875,5.0,6.8125,1.1666666666666667,6.5,-2.823529411764706,4.388888888888889,3.6,9.333333333333334,4.833333333333333,-4.555555555555555,4.466666666666667,-1.8421052631578947,3.235294117647059,-0.3125,-2.3529411764705883,-5.2105263157894735,-6.2105263157894735,4.947368421052632,0.8888888888888888,5.944444444444445,3.0,2.3333333333333335,0.3888888888888889,2.15,2.111111111111111,0.23529411764705882,-1.0,0.3333333333333333,5.647058823529412,5.125,1.7777777777777777,4.764705882352941,2.588235294117647,-1.6470588235294117,3.888888888888889,8.588235294117647,0.5625
25,109399.0,108039.0,1.0,-2.0,7.933333333333334,-1.4210526315789473,-0.9,-2.1875,-3.611111111111111,4.285714285714286,14.928571428571429,1.8888888888888888,2.7058823529411766,-4.9375,-0.8947368421052632,9.375,3.8947368421052633,0.7222222222222222,2.4444444444444446,4.176470588235294,-10.5625,-2.388888888888889,-3.8,2.125,3.066666666666667,-4.3125,-9.0,-3.4705882352941178,-10.5,-9.2,-11.466666666666667,1.5,7.117647058823529,-4.3125,-4.4375,-7.8,-10.0625,5.5,-2.111111111111111,-2.066666666666667,3.9411764705882355,3.1052631578947367,3.5789473684210527,1.4705882352941178,3.75,7.842105263157895,11.875,1.6111111111111112,1.0
26,113639.0,111679.0,-5.052631578947368,-1.5238095238095237,-3.388888888888889,3.0869565217391304,-4.333333333333333,1.4736842105263157,-4.294117647058823,-5.555555555555555,3.375,-3.235294117647059,-0.5263157894736842,-5.866666666666666,-6.647058823529412,1.7894736842105263,-8.470588235294118,-0.5882352941176471,-0.6,-14.142857142857142,-5.8125,-4.105263157894737,3.1666666666666665,-9.61111111111111,-6.875,-7.375,-13.0,-3.2222222222222223,-12.875,-6.066666666666666,-8.6875,-9.722222222222221,0.16666666666666666,-20.428571428571427,-8.866666666666667,-9.4,-7.733333333333333,-1.0588235294117647,-8.588235294117647,-10.933333333333334,-4.764705882352941,3.0625,-4.2,5.5,-11.2,-1.0,-6.222222222222222,-4.111111111111111,-3.8823529411764706
27,117839.0,115719.0,1.1578947368421053,4.4375,2.0,-2.25,-4.5,-11.25,3.6842105263157894,-0.3333333333333333,2.4,5.0,-3.7058823529411766,-2.7777777777777777,5.166666666666667,-4.411764705882353,2.263157894736842,1.0,-9.666666666666666,0.5,-4.944444444444445,0.75,1.1875,-8.6,-5.833333333333333,-0.5555555555555556,1.4,1.4736842105263157,-3.8823529411764706,-1.8235294117647058,-1.3157894736842106,1.5,-5.888888888888889,3.5555555555555554,1.875,-1.4444444444444444,-1.4444444444444444,5.4,-3.0555555555555554,-2.4705882352941178,-2.2,-0.5625,-0.4375,6.470588235294118,-3.2941176470588234,4.588235294117647,-1.875,8.705882352941176,-3.5625
28,121319.0,119639.0,-3.5,0.8333333333333334,-1.25,-1.3181818181818181,-6.611111111111111,-4.6,7.333333333333333,-6.882352941176471,2.0,-10.764705882352942,-12.277777777777779,-1.0,0.3125,-0.5,-4.470588235294118,-2.6470588235294117,-1.588235294117647,-7.3125,1.55,6.9375,-3.5,-1.0625,-2.357142857142857,0.625,-6.0625,-2.380952380952381,-4.4,-5.266666666666667,-9.8,-6.733333333333333,2.3684210526315788,-12.5625,-20.133333333333333,-13.6,-14.8,-5.352941176470588,-8.153846153846153,-3.6875,-5.357142857142857,2.411764705882353,-1.5,-5.714285714285714,-2.3529411764705883,-1.0,-4.375,1.3529411764705883,-4.411764705882353
29,125199.0,123759.0,-5.823529411764706,-2.5294117647058822,5.333333333333333,-2.611111111111111,0.8947368421052632,-6.4375,-4.235294117647059,2.3333333333333335,3.764705882352941,-4.6,1.6,-11.2,-13.647058823529411,-0.3333333333333333,-1.1111111111111112,-7.578947368421052,7.166666666666667,-10.214285714285714,-7.944444444444445,-2.375,8.642857142857142,3.142857142857143,9.285714285714286,-6.444444444444445,1.0,-3.6470588235294117,-9.4,-5.5,1.0,-10.6875,-4.421052631578948,-2.7142857142857144,-1.1875,-2.5,1.875,-7.533333333333333,-4.375,-0.1875,-3.5,-4.125,-11.0625,-1.7222222222222223,-0.7058823529411765,-10.61111111111111,-6.857142857142857,-0.6666666666666666,1.8571428571428572
30,129479.0,127759.0,5.764705882352941,-1.8333333333333333,-5.444444444444445,-0.43478260869565216,-7.166666666666667,-4.666666666666667,5.0,-11.25,-3.0625,-5.294117647058823,-3.411764705882353,-3.888888888888889,-5.0625,-1.263157894736842,0.9473684210526315,-2.75,-3.375,-2.875,0.29411764705882354,0.11764705882352941,1.0666666666666667,0.9473684210526315,-13.6,-8.0,-7.466666666666667,-0.42857142857142855,1.5294117647058822,-3.2,4.125,1.75,0.3888888888888889,-4.8125,-6.266666666666667,-0.4,-5.333333333333333,-4.176470588235294,-4.388888888888889,5.333333333333333,3.764705882352941,-4.0588235294117645,-3.6875,2.0,-4.823529411764706,-5.529411764705882,-2.8125,3.1333333333333333,-6.1875
31,141919.0,131759.0,,,,,,,,,,,,,,,,,,,,,,,,,,,,,,,,,,,,,,,,,,,,,,,
32,137959.0,135839.0,0.8235294117647058,-3.7058823529411766,-3.8,3.8823529411764706,0.10526315789473684,6.5,-2.0555555555555554,5.75,6.0,0.625,4.4,2.5714285714285716,-2.8823529411764706,0.5882352941176471,-2.6842105263157894,-0.5263157894736842,5.055555555555555,-0.125,-1.6666666666666667,-5.117647058823529,8.133333333333333,-1.55,-10.266666666666667,2.625,-3.5625,-1.75,-5.944444444444445,-4.1875,-3.4,3.066666666666667,4.470588235294118,-3.1176470588235294,-8.3125,-11.5,-13.125,3.2777777777777777,2.7222222222222223,-1.0588235294117647,-3.5555555555555554,-2.0555555555555554,-2.0,0.11764705882352941,-0.75,6.0,-7.533333333333333,-3.4375,-3.5625
33,141919.0,140199.0,5.388888888888889,-1.55,-0.6363636363636364,-2.5833333333333335,7.578947368421052,-5.611111111111111,-4.470588235294118,-5.3125,-0.375,3.736842105263158,0.5555555555555556,-0.4117647058823529,-2.9411764705882355,-4.9411764705882355,-2.9444444444444446,-3.9375,0.9375,-10.125,-7.0625,1.3888888888888888,4.666666666666667,-1.0625,-8.0,-1.0526315789473684,1.0666666666666667,2.6666666666666665,1.75,-4.4,-6.666666666666667,-7.625,1.5294117647058822,-0.3333333333333333,-1.5,-3.3333333333333335,-3.066666666666667,7.0625,-11.4375,1.3333333333333333,-0.8235294117647058,-6.0,-4.0,0.9375,-4.733333333333333,0.125,-7.153846153846154,4.9411764705882355,-7.066666666666666
34,145799.0,144119.0,-0.16666666666666666,-2.736842105263158,0.6470588235294118,-5.2727272727272725,-6.9375,-10.0,-1.9444444444444444,-3.5555555555555554,-3.176470588235294,2.0,-10.368421052631579,-0.13333333333333333,-2.0,-2.9444444444444446,-6.75,-6.157894736842105,-0.5625,-7.25,-1.894736842105263,-0.875,-0.5,2.45,2.8333333333333335,2.8125,-12.571428571428571,-5.4,-11.066666666666666,-8.428571428571429,-9.714285714285714,-11.38888888888889,-4.2631578947368425,-3.3125,6.142857142857143,2.2142857142857144,0.6428571428571429,-7.0,-3.176470588235294,-10.882352941176471,-8.375,-0.3125,-1.125,-5.294117647058823,-7.294117647058823,-5.235294117647059,-3.3529411764705883,1.4210526315789473,-3.5
35,149559.0,148319.0,-2.4705882352941178,-2.6666666666666665,-1.3,-1.4545454545454546,1.8823529411764706,-5.45,5.117647058823529,-7.631578947368421,-0.6111111111111112,-4.055555555555555,-7.75,-1.8125,-3.7058823529411766,9.421052631578947,-4.625,5.0588235294117645,-6.133333333333334,-2.0714285714285716,-2.473684210526316,-1.1176470588235294,6.0588235294117645,1.15,-1.5555555555555556,6.3,1.9375,1.2380952380952381,0.5789473684210527,2.176470588235294,-2.1875,-1.0588235294117647,6.85,6.388888888888889,1.736842105263158,-2.0588235294117645,-1.75,0.11764705882352941,-9.928571428571429,2.8666666666666667,5.888888888888889,-3.736842105263158,-1.4736842105263157,1.85,5.533333333333333,-3.5555555555555554,-0.4375,-0.6470588235294118,3.4
36,153239.0,151679.0,-3.6470588235294117,1.0454545454545454,-2.8181818181818183,5.608695652173913,2.3529411764705883,0.75,-3.611111111111111,-0.8235294117647058,4.055555555555555,-0.8947368421052632,0.0,-7.4,5.714285714285714,2.5555555555555554,4.2631578947368425,-2.0,5.315789473684211,13.105263157894736,-1.2105263157894737,3.611111111111111,3.4210526315789473,-3.0555555555555554,0.7058823529411765,6.333333333333333,0.23529411764705882,10.5,11.625,3.0,3.4444444444444446,3.3529411764705883,-7.055555555555555,3.789473684210526,1.4444444444444444,3.8333333333333335,2.8823529411764706,-0.8235294117647058,0.05,1.263157894736842,-2.263157894736842,2.9444444444444446,-5.823529411764706,-4.882352941176471,5.055555555555555,3.5,-5.611111111111111,9.8,6.25
37,158039.0,156559.0,3.1578947368421053,-4.823529411764706,-2.6,1.368421052631579,2.263157894736842,-0.4375,-3.6842105263157894,-2.411764705882353,4.833333333333333,2.0,-3.9444444444444446,-2.4705882352941178,-4.052631578947368,1.3157894736842106,5.2105263157894735,-6.0588235294117645,2.1333333333333333,-2.8666666666666667,3.0588235294117645,-0.3333333333333333,-1.125,4.571428571428571,0.9333333333333333,4.0588235294117645,3.7058823529411766,-0.7368421052631579,-4.666666666666667,-2.25,2.25,2.9375,9.666666666666666,1.1875,5.066666666666666,8.0,1.5,2.533333333333333,-0.7647058823529411,0.6875,0.5625,1.5789473684210527,2.85,-0.3,-1.7058823529411764,8.722222222222221,0.5625,4.0,4.529411764705882
38,162079.0,160439.0,-5.0,5.473684210526316,4.8,-1.9473684210526316,-5.722222222222222,-7.421052631578948,3.4705882352941178,2.6470588235294117,-1.1666666666666667,0.2222222222222222,8.470588235294118,-2.111111111111111,0.16666666666666666,6.722222222222222,-0.8333333333333334,-5.578947368421052,3.8333333333333335,-0.625,3.0,10.222222222222221,-1.1764705882352942,2.235294117647059,3.111111111111111,-3.823529411764706,1.1875,-0.9411764705882353,11.666666666666666,3.933333333333333,0.6,3.9411764705882355,2.8,2.5625,-1.1333333333333333,2.4,1.5333333333333334,1.631578947368421,0.29411764705882354,-2.6,0.6,-0.25,0.5,2.0555555555555554,-5.235294117647059,0.6,4.882352941176471,-0.6,-5.133333333333334
39,166199.0,164239.0,-1.5625,0.5294117647058824,0.5263157894736842,3.8421052631578947,1.411764705882353,-0.47058823529411764,4.647058823529412,6.375,1.0625,8.4375,1.5,-6.5,2.9473684210526314,5.7368421052631575,-0.11764705882352941,-1.2777777777777777,10.470588235294118,11.125,5.5,-3.0588235294117645,5.533333333333333,-0.25,14.125,-2.5,9.529411764705882,0.2222222222222222,5.333333333333333,11.875,6.666666666666667,6.5,-1.9444444444444444,8.25,8.928571428571429,5.4,10.5,4.611111111111111,1.0,0.47058823529411764,3.0526315789473686,-2.0,3.25,-0.9375,6.705882352941177,0.8235294117647058,7.533333333333333,2.2941176470588234,-0.35714285714285715
40,169239.0,167759.0,-0.7368421052631579,1.0526315789473684,-6.15,-2.0,-2.75,-10.0,0.5,-1.0,6.117647058823529,-2.7058823529411766,-6.1875,-2.3529411764705883,6.944444444444445,-10.285714285714286,-6.125,-1.6666666666666667,-3.473684210526316,-1.5263157894736843,-7.555555555555555,2.411764705882353,2.4,1.368421052631579,1.3529411764705883,-6.05,-6.388888888888889,1.32,0.85,-7.052631578947368,-6.947368421052632,-2.25,0.95,-5.7368421052631575,-2.3157894736842106,-6.7894736842105265,-8.052631578947368,2.0,0.6666666666666666,-6.947368421052632,-1.4736842105263157,-5.842105263157895,-0.8421052631578947,-4.222222222222222,-5.1875,-4.0,2.5294117647058822,-0.058823529411764705,1.1764705882352942
41,173239.0,171719.0,4.588235294117647,3.9473684210526314,1.5294117647058822,0.45454545454545453,3.1578947368421053,7.857142857142857,-3.4444444444444446,1.6111111111111112,0.3125,-5.625,9.642857142857142,-1.6875,-7.0,1.25,0.1875,-2.388888888888889,0.38461538461538464,0.8333333333333334,0.8823529411764706,0.6875,-3.2142857142857144,3.7857142857142856,-11.0,3.611111111111111,-3.1538461538461537,-14.1875,-10.071428571428571,-11.384615384615385,-3.6923076923076925,-5.466666666666667,-3.75,-6.9375,-6.833333333333333,-9.307692307692308,-6.642857142857143,-4.176470588235294,-4.2,-5.133333333333334,-2.8125,1.411764705882353,0.3888888888888889,0.8823529411764706,-2.3333333333333335,-12.071428571428571,8.066666666666666,-8.3125,-3.176470588235294
42,177439.0,175759.0,-2.875,-1.0526315789473684,-4.052631578947368,-0.8095238095238095,-2.55,1.7058823529411764,-0.2222222222222222,-5.125,3.411764705882353,-2.888888888888889,-2.111111111111111,0.0,-3.0,-3.2222222222222223,2.2222222222222223,-1.8421052631578947,-1.1428571428571428,-5.285714285714286,-15.0,-6.3,9.461538461538462,-3.611111111111111,-4.875,-4.176470588235294,-17.692307692307693,-7.7894736842105265,-11.625,-17.142857142857142,-13.846153846153847,-6.882352941176471,2.4705882352941178,-9.266666666666667,-9.23076923076923,-10.923076923076923,-10.666666666666666,-11.6875,-5.5625,-14.923076923076923,-0.9285714285714286,1.7647058823529411,-3.0,-7.142857142857143,-8.333333333333334,-6.0625,3.75,-3.5625,-6.764705882352941
43,181639.0,180239.0,-1.75,2.5,-2.210526315789474,-5.181818181818182,-0.7894736842105263,0.0,6.375,0.11764705882352941,-3.823529411764706,2.375,-0.4375,-6.875,0.2,0.5,3.3529411764705883,6.294117647058823,1.4705882352941178,-3.0,-6.105263157894737,1.0,2.857142857142857,-3.875,1.9375,1.5384615384615385,-5.705882352941177,-8.61111111111111,-3.1333333333333333,-0.1875,-1.5625,7.5,-0.2222222222222222,-13.2,-8.0,-5.8,-5.5,3.6666666666666665,-1.0714285714285714,-6.4,-6.428571428571429,0.8125,-1.3333333333333333,0.46153846153846156,-6.461538461538462,-2.625,1.5625,-11.333333333333334,-5.2
44,185279.0,183759.0,2.0,-1.8333333333333333,-0.8947368421052632,-7.142857142857143,5.5,-7.588235294117647,1.0588235294117647,7.2631578947368425,0.06666666666666667,-1.8333333333333333,-4.8125,0.7368421052631579,-6.823529411764706,6.625,-1.0,-4.470588235294118,5.6875,-3.3125,6.333333333333333,-0.4444444444444444,-6.230769230769231,2.5555555555555554,-0.375,-0.8125,-0.6923076923076923,-0.6666666666666666,-3.5294117647058822,5.533333333333333,7.384615384615385,-6.352941176470588,-1.105263157894737,-1.0,-0.8125,4.642857142857143,3.5384615384615383,-0.8125,8.571428571428571,4.9375,2.5714285714285716,-7.166666666666667,3.533333333333333,7.928571428571429,3.8,6.230769230769231,-2.125,-1.3846153846153846,-1.0714285714285714
45,189239.0,187719.0,-4.666666666666667,1.4444444444444444,1.45,-1.2857142857142858,3.0,3.7777777777777777,1.8823529411764706,-11.294117647058824,-2.9375,-0.6842105263157895,-5.222222222222222,-6.333333333333333,-0.19047619047619047,0.9444444444444444,-0.631578947368421,-2.6666666666666665,-1.2,2.7333333333333334,-1.9411764705882353,-1.0,-1.2666666666666666,-2.0,-6.647058823529412,0.8333333333333334,3.5625,-2.6666666666666665,-9.375,-13.0625,-10.2,-1.0,2.2,-6.5,-9.133333333333333,-1.625,-6.75,-6.388888888888889,-4.066666666666666,-0.625,0.4,-8.5625,2.625,-8.5,-12.75,2.0625,0.7647058823529411,4.235294117647059,-4.625
46,193279.0,191719.0,-0.6470588235294118,-1.9473684210526316,-2.0952380952380953,3.3076923076923075,-4.631578947368421,2.619047619047619,-4.3,7.3125,1.6470588235294117,-0.5555555555555556,2.85,1.6875,0.8947368421052632,-0.6842105263157895,-2.15,-3.8947368421052633,-6.388888888888889,-0.6,-10.764705882352942,-1.7777777777777777,-8.0,-2.25,1.2857142857142858,-3.2777777777777777,-2.4375,-0.35,-7.117647058823529,-3.875,-5.733333333333333,1.4210526315789473,-1.0,3.4444444444444446,-2.25,1.6666666666666667,-2.0,-5.7894736842105265,-11.133333333333333,-4.1875,-9.428571428571429,1.1428571428571428,-5.066666666666666,-2.066666666666667,3.0,0.5714285714285714,-2.2777777777777777,0.0,-2.3125
47,197399.0,195799.0,-4.722222222222222,-3.45,-7.777777777777778,-4.904761904761905,-4.888888888888889,0.0625,-3.0625,-12.0,-8.444444444444445,-2.9047619047619047,4.125,-5.071428571428571,-8.470588235294118,-4.631578947368421,0.15789473684210525,-4.631578947368421,-9.375,-6.470588235294118,-1.1,-3.411764705882353,-10.8125,-5.6,-0.75,0.7222222222222222,-12.5,-4.277777777777778,-7.6,-6.411764705882353,-7.470588235294118,-6.166666666666667,-7.2,-12.357142857142858,-10.733333333333333,-8.533333333333333,-11.857142857142858,-6.894736842105263,-3.4705882352941178,-3.8,-3.6315789473684212,-6.666666666666667,-5.0588235294117645,-9.1875,-12.235294117647058,-3.4,-3.2142857142857144,-4.176470588235294,3.588235294117647
48,201679.0,199759.0,-1.125,1.7647058823529411,2.8421052631578947,-2.2857142857142856,6.222222222222222,0.631578947368421,2.7777777777777777,0.4117647058823529,-6.444444444444445,3.5,-5.0,4.0,-8.38888888888889,1.0526315789473684,-9.25,-3.8333333333333335,-4.352941176470588,3.411764705882353,-3.4444444444444446,-5.0,0.3333333333333333,-5.944444444444445,-4.875,-5.529411764705882,-5.588235294117647,1.588235294117647,2.375,-1.1176470588235294,-1.2666666666666666,-4.25,-1.35,2.8823529411764706,2.4285714285714284,2.533333333333333,2.533333333333333,-3.611111111111111,-2.625,-3.5294117647058822,-0.5333333333333333,-0.8421052631578947,-4.125,0.9444444444444444,-1.8666666666666667,-4.0,-3.3333333333333335,6.0,4.875
49,205479.0,203799.0,0.625,0.15,-4.666666666666667,-7.714285714285714,-0.3157894736842105,-4.45,-1.6666666666666667,-1.6842105263157894,1.2941176470588236,2.625,-0.16666666666666666,0.2222222222222222,3.6666666666666665,5.6,0.875,-5.0,-2.230769230769231,2.625,-1.0,2.6842105263157894,4.6875,-0.7777777777777778,-5.0625,-1.5263157894736843,-1.0625,-0.5714285714285714,-7.588235294117647,-12.722222222222221,-3.0,3.411764705882353,-0.4375,-10.68421052631579,-5.588235294117647,-7.625,-7.0,-3.0,2.9411764705882355,-5.375,-5.375,-1.5,-5.533333333333333,-5.75,-2.111111111111111,0.5,8.714285714285714,-0.5294117647058824,3.1176470588235294
50,209279.0,207719.0,-6.375,3.8421052631578947,1.1363636363636365,-3.9565217391304346,7.3,4.25,-1.8888888888888888,5.888888888888889,-1.3157894736842106,4.5,2.4761904761904763,-0.5333333333333333,-1.2352941176470589,-2.8333333333333335,6.9411764705882355,6.611111111111111,1.2666666666666666,-1.125,4.235294117647059,0.631578947368421,-4.846153846153846,-0.4,3.0,3.7333333333333334,-9.538461538461538,2.391304347826087,-5.466666666666667,-1.4,-9.5,6.315789473684211,-1.8636363636363635,-1.8235294117647058,-15.071428571428571,-14.785714285714286,-13.461538461538462,0.7333333333333333,-0.7368421052631579,-6.875,5.2631578947368425,-3.35,-2.5,4.222222222222222,1.9444444444444444,-1.6111111111111112,-4.733333333333333,1.3333333333333333,-8.066666666666666
51,213439.0,211639.0,-1.55,-3.7058823529411766,-4.45,-2.0869565217391304,2.761904761904762,1.8333333333333333,6.166666666666667,-1.8235294117647058,10.3,2.388888888888889,3.2941176470588234,-3.5625,-8.210526315789474,3.263157894736842,5.875,6.25,0.875,-2.0625,4.6875,-1.0,5.588235294117647,4.133333333333334,9.411764705882353,1.8235294117647058,1.3125,-2.888888888888889,0.23529411764705882,4.25,3.6470588235294117,3.3529411764705883,-6.35,5.9375,6.529411764705882,3.625,4.3125,2.066666666666667,8.5,3.176470588235294,-5.764705882352941,-1.8888888888888888,-5.823529411764706,-2.5294117647058822,2.764705882352941,2.9375,4.3125,-2.6,6.5
52,217359.0,215679.0,0.47058823529411764,6.294117647058823,-1.45,1.9,-3.2222222222222223,-5.823529411764706,-2.235294117647059,-5.277777777777778,-8.823529411764707,-3.05,-3.0,-6.761904761904762,-7.666666666666667,-4.333333333333333,-9.0,-2.5714285714285716,-0.1111111111111111,-12.933333333333334,-2.3333333333333335,0.42105263157894735,-10.666666666666666,-1.0,-5.0,1.1333333333333333,-4.294117647058823,2.8333333333333335,-5.4375,-3.0555555555555554,-4.705882352941177,-1.0,4.333333333333333,-13.875,-7.526315789473684,-10.0,-6.333333333333333,-5.0,-3.75,-7.294117647058823,-8.133333333333333,-8.6875,-8.333333333333334,-9.75,-5.588235294117647,-6.533333333333333,1.1578947368421053,-1.4705882352941178,-3.176470588235294
53,221479.0,219679.0,4.095238095238095,5.294117647058823,0.5789473684210527,0.5,-2.176470588235294,-6.1875,4.0,4.9375,3.75,0.6,0.5789473684210527,-0.4666666666666667,-7.235294117647059,-2.25,-3.2941176470588234,-4.833333333333333,3.6470588235294117,4.8,-2.533333333333333,4.6875,-9.176470588235293,1.0588235294117647,-6.5,-0.8888888888888888,0.3888888888888889,-4.05,-2.588235294117647,-0.375,3.2,1.4210526315789473,4.3125,-2.823529411764706,-2.411764705882353,-2.9411764705882355,-1.125,0.4444444444444444,-6.65,0.625,-0.1875,-1.2222222222222223,3.8947368421052633,3.2142857142857144,4.333333333333333,-4.625,-0.5555555555555556,-4.882352941176471,-3.3
54,225759.0,223679.0,-0.3888888888888889,-4.157894736842105,2.142857142857143,-1.4545454545454546,1.0555555555555556,5.1875,-1.105263157894737,-3.176470588235294,-5.0,-0.23529411764705882,4.777777777777778,2.7222222222222223,-10.05,6.823529411764706,1.0555555555555556,0.0,-3.533333333333333,3.2777777777777777,9.875,1.25,-12.333333333333334,0.0,4.875,4.3076923076923075,5.5625,2.111111111111111,0.6875,-0.375,3.8666666666666667,-0.5333333333333333,2.772727272727273,4.529411764705882,6.0588235294117645,5.666666666666667,4.866666666666666,4.133333333333334,0.3125,-3.4166666666666665,-2.1333333333333333,2.0,1.2352941176470589,-4.0625,-6.117647058823529,-5.666666666666667,3.4375,-2.125,-0.4117647058823529
55,229319.0,227719.0,0.8823529411764706,1.1176470588235294,4.684210526315789,-0.058823529411764705,0.3157894736842105,3.5714285714285716,-0.5294117647058824,-10.214285714285714,-7.857142857142857,2.375,-1.9333333333333333,5.588235294117647,-11.0,-0.75,-8.15,-7.0,0.13333333333333333,0.75,3.1176470588235294,-2.8,3.5625,-0.875,-6.6923076923076925,-4.555555555555555,3.6153846153846154,-6.105263157894737,1.5333333333333334,-5.0,2.75,-0.8,0.1111111111111111,-4.529411764705882,-8.615384615384615,-7.384615384615385,-3.9166666666666665,-2.588235294117647,-1.6842105263157894,0.8461538461538461,-4.071428571428571,4.777777777777778,-3.6153846153846154,-1.1333333333333333,-2.5714285714285716,5.533333333333333,-1.0588235294117647,0.11764705882352941,0.26666666666666666
56,233319.0,231679.0,-2.0526315789473686,-1.8421052631578947,1.8421052631578947,-2.1818181818181817,-1.05,-1.368421052631579,-2.9444444444444446,-0.5882352941176471,-7.052631578947368,3.1052631578947367,12.75,-7.529411764705882,2.4444444444444446,-1.5294117647058822,0.4444444444444444,-0.5882352941176471,-3.0,-3.076923076923077,-3.0588235294117645,2.588235294117647,-5.666666666666667,-0.8125,-1.1875,-0.6666666666666666,-3.0,-2.4210526315789473,2.2941176470588234,4.125,1.0,-2.235294117647059,-0.23809523809523808,-5.625,0.9411764705882353,-2.0625,0.0,-3.25,5.9375,0.1111111111111111,-1.4,2.933333333333333,-3.6153846153846154,2.0,-1.5294117647058822,1.6,2.8125,3.933333333333333,-1.75
57,237399.0,235799.0,-6.176470588235294,1.9473684210526316,2.466666666666667,-0.782608695652174,-1.411764705882353,4.8,4.0625,-1.5714285714285714,-7.733333333333333,-1.3571428571428572,5.9375,0.14285714285714285,1.4285714285714286,-6.0,3.8125,1.25,-4.666666666666667,-15.384615384615385,-7.111111111111111,-4.0,-1.625,1.7,-3.933333333333333,0.625,-5.285714285714286,-2.0555555555555554,-3.857142857142857,-7.285714285714286,-12.5,0.9333333333333333,3.4705882352941178,-8.785714285714286,-14.583333333333334,-15.166666666666666,-16.083333333333332,0.16666666666666666,-5.0,0.9230769230769231,8.928571428571429,0.25,-1.1333333333333333,5.714285714285714,-6.461538461538462,-0.4,-1.0714285714285714,-5.75,-4.75
58,241279.0,239639.0,3.111111111111111,-3.75,-3.3157894736842106,-7.555555555555555,-1.5555555555555556,-1.7647058823529411,-4.526315789473684,-3.8125,-1.45,-1.7777777777777777,4.6875,2.125,5.166666666666667,11.588235294117647,-6.0,7.235294117647059,-3.823529411764706,-1.875,1.2222222222222223,-5.555555555555555,-4.866666666666666,1.1111111111111112,3.1333333333333333,1.0625,1.2,-7.888888888888889,1.1333333333333333,-2.933333333333333,2.875,-4.3125,1.8,-5.352941176470588,-2.6666666666666665,3.6666666666666665,4.0,-5.6,-2.5,10.0,-4.125,-5.888888888888889,0.0,-7.285714285714286,-12.8,-1.6666666666666667,-5.235294117647059,-8.777777777777779,-5.529411764705882
59,245279.0,243679.0,0.3,0.29411764705882354,0.7368421052631579,1.0476190476190477,1.263157894736842,-1.0555555555555556,2.7058823529411766,1.4285714285714286,-2.5294117647058822,-1.0666666666666667,-2.6470588235294117,-3.466666666666667,2.888888888888889,-2.611111111111111,1.5555555555555556,-2.1333333333333333,3.5,6.625,0.17647058823529413,-1.7777777777777777,4.944444444444445,14.789473684210526,4.705882352941177,2.736842105263158,4.0,3.7222222222222223,4.375,5.25,2.375,4.470588235294118,0.5625,-1.8823529411764706,5.266666666666667,6.533333333333333,6.25,7.111111111111111,3.0625,1.7777777777777777,-2.7777777777777777,5.875,4.526315789473684,2.75,-2.6,-4.055555555555555,-2.7777777777777777,1.2941176470588236,-6.45
60,249919.0,248039.0,-0.625,1.7647058823529411,-1.1904761904761905,-1.8695652173913044,2.45,1.1666666666666667,-4.947368421052632,-0.6666666666666666,-3.1176470588235294,6.0588235294117645,-1.6875,3.0526315789473686,1.7058823529411764,5.0,-5.823529411764706,2.3157894736842106,-5.0625,-5.277777777777778,-6.363636363636363,-7.4375,5.294117647058823,-9.38888888888889,5.5,0.9047619047619048,-0.5,-4.380952380952381,-2.0,2.176470588235294,-2.8823529411764706,6.1875,-3.090909090909091,-6.055555555555555,-0.7647058823529411,1.6111111111111112,1.8333333333333333,6.9375,-4.411764705882353,0.9473684210526315,1.8823529411764706,1.3529411764705883,7.055555555555555,0.47058823529411764,3.3333333333333335,-3.6470588235294117,4.785714285714286,0.8823529411764706,-5.882352941176471
61,253599.0,251919.0,1.2352941176470589,3.1052631578947367,-1.2380952380952381,2.8636363636363638,-4.444444444444445,4.529411764705882,6.9411764705882355,5.0,-5.2,1.5263157894736843,2.45,3.25,3.210526315789474,1.1764705882352942,-2.388888888888889,1.8235294117647058,-1.9411764705882353,3.2777777777777777,2.0588235294117645,7.0,5.647058823529412,5.315789473684211,2.0,1.6842105263157894,1.95,5.6,6.0,9.105263157894736,7.105263157894737,4.111111111111111,-0.11764705882352941,2.0,5.411764705882353,4.0,4.111111111111111,-0.7647058823529411,-1.1176470588235294,3.3529411764705883,-1.3157894736842106,3.0,-2.3125,1.0,-1.8421052631578947,-3.0,-0.8421052631578947,3.6470588235294117,-5.631578947368421
62,258319.0,257079.0,1.5625,8.142857142857142,-2.0,4.476190476190476,5.388888888888889,4.529411764705882,-0.2631578947368421,-0.1875,-5.411764705882353,1.2777777777777777,-0.5882352941176471,-2.2777777777777777,-0.9473684210526315,9.666666666666666,-6.055555555555555,1.55,1.7058823529411764,-3.6,-0.95,8.105263157894736,1.8823529411764706,5.0,3.6875,6.631578947368421,-0.13333333333333333,2.5,11.428571428571429,3.2,4.125,-5.8,1.55,8.857142857142858,4.133333333333334,8.875,10.0,2.388888888888889,7.0625,0.0,6.5625,-0.5333333333333333,2.7222222222222223,2.0555555555555554,10.176470588235293,8.0,-4.722222222222222,3.5,-6.428571428571429
63,262879.0,260279.0,,,,,,,,,,,,,,,,,,,,,,,,,,,,,,,,,,,,,,,,,,,,,,,
64,265719.0,263639.0,-0.7777777777777778,1.7894736842105263,2.1,-0.45,-1.9,-10.0,5.0,1.5789473684210527,-4.333333333333333,-3.0,-0.8823529411764706,-4.357142857142857,-3.2941176470588234,-4.166666666666667,1.8421052631578947,11.0,7.388888888888889,-1.8823529411764706,5.375,-5.823529411764706,-1.9473684210526316,2.0588235294117645,3.0588235294117645,2.5294117647058822,0.3888888888888889,-0.5789473684210527,4.625,5.529411764705882,4.833333333333333,-2.1176470588235294,-4.578947368421052,3.411764705882353,1.8888888888888888,1.8235294117647058,0.3888888888888889,6.875,1.7058823529411764,0.875,6.588235294117647,5.470588235294118,4.588235294117647,-0.2631578947368421,3.375,6.8125,-2.8,1.6111111111111112,-3.0625
65,269839.0,267639.0,2.111111111111111,-2.45,-6.2631578947368425,0.42857142857142855,-0.42105263157894735,-2.8947368421052633,6.166666666666667,0.7777777777777778,-1.0625,-6.764705882352941,-3.0526315789473686,-4.5,-4.368421052631579,1.263157894736842,0.5,8.8,-1.6666666666666667,-0.4117647058823529,3.0588235294117645,2.8333333333333335,-2.888888888888889,-0.2777777777777778,6.294117647058823,1.411764705882353,-5.470588235294118,1.8823529411764706,0.05555555555555555,-2.6666666666666665,-6.666666666666667,-7.222222222222222,0.29411764705882354,-0.7647058823529411,-3.2941176470588234,-4.777777777777778,-3.5555555555555554,0.8888888888888888,-0.11764705882352941,-8.0625,-2.111111111111111,1.8235294117647058,1.0625,-3.5625,-2.5555555555555554,-6.823529411764706,-3.1176470588235294,-4.428571428571429,-5.0625
66,273279.0,271719.0,0.05555555555555555,-6.714285714285714,-1.263157894736842,-2.9,-6.3,4.9375,-2.588235294117647,1.5,-0.4444444444444444,-9.68421052631579,0.25,0.0625,-5.666666666666667,-6.588235294117647,3.1176470588235294,-5.666666666666667,-5.0,-7.8,5.0,5.388888888888889,8.5,-1.375,-6.0625,-0.625,-6.066666666666666,-6.933333333333334,-3.6875,-4.1875,-5.1875,4.947368421052632,-3.35,-8.294117647058824,-14.0,-16.625,-14.4,-4.666666666666667,-2.6470588235294117,-9.8,-6.3,-6.45,0.6470588235294118,0.6875,-4.3125,-3.7222222222222223,-2.0,-3.8823529411764706,-3.0555555555555554
67,277759.0,275679.0,0.9,7.470588235294118,4.0,1.9090909090909092,-4.909090909090909,3.2941176470588234,0.5882352941176471,1.4705882352941178,-4.2,-2.0555555555555554,7.647058823529412,0.125,0.75,-6.157894736842105,-12.470588235294118,1.8333333333333333,5.0588235294117645,0.0,4.625,-0.75,3.5,-2.473684210526316,6.764705882352941,-6.733333333333333,-0.06666666666666667,-3.125,4.4,5.0,7.0,-3.25,-2.611111111111111,-0.3888888888888889,3.5,-2.7333333333333334,-1.6666666666666667,-2.823529411764706,1.0,-0.35294117647058826,1.9411764705882353,3.1875,-0.7647058823529411,0.6875,9.411764705882353,-7.470588235294118,-2.1333333333333333,5.357142857142857,3.7333333333333334
68,281799.0,279719.0,4.25,-3.0952380952380953,-0.782608695652174,0.0,6.15,-2.736842105263158,1.7647058823529411,0.6470588235294118,2.764705882352941,-8.722222222222221,0.5294117647058824,4.705882352941177,2.45,-0.2222222222222222,-3.611111111111111,-5.0,1.263157894736842,2.6470588235294117,-1.6842105263157894,-4.611111111111111,2.6315789473684212,2.7,-1.8421052631578947,-5.777777777777778,-0.6111111111111112,0.8571428571428571,-1.7647058823529411,-0.3333333333333333,-0.6111111111111112,5.25,-1.45,1.1764705882352942,-1.2777777777777777,-0.23529411764705882,-1.8235294117647058,6.842105263157895,-1.5263157894736843,-8.529411764705882,4.157894736842105,-3.1666666666666665,2.0,1.5263157894736843,-4.470588235294118,6.0,-1.1111111111111112,0.14285714285714285,-0.10526315789473684
69,285719.0,283679.0,7.5625,-6.722222222222222,4.35,2.5238095238095237,-0.35,1.2,-4.105263157894737,-5.555555555555555,-3.8823529411764706,-9.25,3.736842105263158,-0.2,-0.16666666666666666,-4.647058823529412,7.166666666666667,4.526315789473684,-0.6470588235294118,-3.411764705882353,2.238095238095238,2.0555555555555554,-9.533333333333333,-7.111111111111111,-1.7333333333333334,-2.3125,-0.5,-0.3125,2.0625,1.0714285714285714,-1.6,-3.388888888888889,4.764705882352941,-4.470588235294118,-0.7142857142857143,-5.428571428571429,-4.285714285714286,-0.7333333333333333,-1.9375,-0.4375,-4.055555555555555,-0.16666666666666666,-3.8,0.125,-0.8823529411764706,-1.0,-2.0625,-2.1333333333333333,-0.7894736842105263
70,289639.0,287679.0,4.3,3.1052631578947367,5.388888888888889,7.894736842105263,1.7058823529411764,1.8823529411764706,-1.6666666666666667,0.3333333333333333,2.25,8.235294117647058,-1.2777777777777777,-3.1875,0.09523809523809523,-1.3125,2.2941176470588234,-1.263157894736842,5.0625,5.375,-4.333333333333333,-12.3125,-2.642857142857143,2.1176470588235294,1.8823529411764706,6.5,-5.888888888888889,2.1666666666666665,3.625,-1.3529411764705883,-3.764705882352941,2.3636363636363638,3.2777777777777777,3.5,1.9411764705882353,-1.875,-0.8125,-3.5789473684210527,2.210526315789474,-2.7777777777777777,10.0,15.357142857142858,15.176470588235293,6.111111111111111,1.125,3.6315789473684212,8.578947368421053,-3.8,8.529411764705882
71,293239.0,291679.0,4.0,-1.6818181818181819,4.052631578947368,0.45,-0.8333333333333334,-4.1875,6.833333333333333,-2.7777777777777777,-2.1,0.07142857142857142,2.263157894736842,2.5625,5.2105263157894735,0.43478260869565216,0.16666666666666666,-3.5789473684210527,0.2631578947368421,-1.1764705882352942,-2.7142857142857144,7.05,6.777777777777778,-1.1764705882352942,0.6111111111111112,-1.5625,-1.3333333333333333,3.5833333333333335,-5.611111111111111,-2.411764705882353,-5.5625,4.947368421052632,-0.55,-0.6470588235294118,1.7058823529411764,3.375,-1.25,8.761904761904763,1.7222222222222223,-0.7222222222222222,2.0,-2.1578947368421053,6.555555555555555,-2.3,-5.764705882352941,-8.941176470588236,6.0,7.470588235294118,-5.157894736842105
72,297839.0,295759.0,-3.210526315789474,-8.052631578947368,0.10526315789473684,-1.5217391304347827,1.9444444444444444,4.117647058823529,-1.25,-1.7647058823529411,-5.764705882352941,-4.75,0.0,-9.588235294117647,6.0,-6.125,-0.625,5.578947368421052,-11.333333333333334,-16.294117647058822,-6.411764705882353,-8.764705882352942,-6.2,-5.909090909090909,-11.357142857142858,-7.529411764705882,-1.4444444444444444,1.4444444444444444,1.0588235294117647,-0.26666666666666666,2.176470588235294,-4.0,-1.65,-0.6111111111111112,-3.2666666666666666,-1.0,1.0,-1.7777777777777777,-5.882352941176471,-2.3125,-7.647058823529412,-1.7058823529411764,-6.5,-3.9411764705882355,0.125,-7.4375,-8.666666666666666,2.375,-12.0
73,301239.0,299679.0,-3.5294117647058822,-1.3529411764705883,-2.2857142857142856,0.52,-6.5,-1.75,0.23529411764705882,3.3125,-5.333333333333333,-5.5,4.0625,-9.411764705882353,-1.6875,-1.8823529411764706,-2.0555555555555554,-0.3125,0.9375,-3.111111111111111,-1.6111111111111112,-4.533333333333333,4.4,2.933333333333333,0.23529411764705882,9.5,-0.06666666666666667,-1.4736842105263157,-6.4375,-1.625,-0.6666666666666666,-1.736842105263158,-1.1764705882352942,-3.6666666666666665,4.875,5.133333333333334,1.875,5.0,4.444444444444445,-0.17647058823529413,-1.6,0.0,3.375,6.1875,5.823529411764706,5.647058823529412,4.769230769230769,-1.0555555555555556,-0.75
74,305399.0,303639.0,-1.7777777777777777,7.9,1.0,-1.6363636363636365,-1.6666666666666667,7.470588235294118,0.5625,2.7777777777777777,2.375,3.7333333333333334,-1.0,5.071428571428571,1.6666666666666667,-3.7222222222222223,-1.8125,-2.727272727272727,-1.894736842105263,2.3125,3.0,3.875,6.933333333333334,-3.1176470588235294,-0.875,-3.823529411764706,2.8421052631578947,4.7,4.352941176470588,1.375,1.411764705882353,3.0526315789473686,9.842105263157896,-0.8823529411764706,5.705882352941177,3.0,5.0625,-3.2222222222222223,10.0,9.235294117647058,11.4375,1.4,5.5625,4.588235294117647,7.555555555555555,4.375,11.5,3.7058823529411766,-0.7647058823529411
75,309319.0,307759.0,1.2,-1.4705882352941178,-4.45,-4.782608695652174,2.0,-7.375,-5.705882352941177,-0.3888888888888889,0.35294117647058826,0.6842105263157895,-5.823529411764706,-3.3333333333333335,-5.2631578947368425,-1.0,1.0555555555555556,1.894736842105263,-3.125,0.6470588235294118,-0.375,2.5294117647058822,0.4375,6.235294117647059,-2.0,4.352941176470588,-3.1176470588235294,0.4,1.6875,1.4,2.6666666666666665,1.875,1.1578947368421053,3.0,-2.0,-0.13333333333333333,-0.8666666666666667,2.6666666666666665,-1.0,3.533333333333333,-0.4117647058823529,-0.11764705882352941,11.055555555555555,5.125,3.1052631578947367,0.05555555555555555,5.0,-3.0555555555555554,2.2222222222222223
76,313879.0,311719.0,8.0,4.647058823529412,1.1,-1.2222222222222223,1.3,-2.7333333333333334,3.111111111111111,4.411764705882353,0.35294117647058826,12.625,-0.25,-8.75,-2.235294117647059,-2.2222222222222223,2.95,-8.764705882352942,9.285714285714286,6.333333333333333,-4.473684210526316,3.5789473684210527,8.0,7.25,1.2941176470588236,9.166666666666666,7.6875,-0.7,15.4,4.75,4.375,2.2142857142857144,-1.6842105263157894,3.25,9.125,8.75,8.375,5.944444444444445,7.6,11.3125,2.5,3.2666666666666666,6.6875,3.125,0.7222222222222222,0.4,8.0625,5.45,3.263157894736842
77,317999.0,315919.0,0.8823529411764706,9.476190476190476,6.190476190476191,-3.9,-5.055555555555555,5.8,-0.7222222222222222,5.578947368421052,1.6875,2.588235294117647,4.0,-4.411764705882353,-1.6842105263157894,-1.894736842105263,1.5555555555555556,7.176470588235294,1.3888888888888888,-0.8666666666666667,6.714285714285714,3.263157894736842,10.866666666666667,-6.2,4.5625,4.473684210526316,5.125,0.9473684210526315,8.75,5.0,7.466666666666667,5.111111111111111,-0.6666666666666666,2.1176470588235294,0.2,6.133333333333334,2.7333333333333334,1.2941176470588236,2.1875,6.352941176470588,-2.6666666666666665,10.705882352941176,-8.210526315789474,5.25,4.526315789473684,6.111111111111111,5.705882352941177,-2.888888888888889,2.0
78,321879.0,319839.0,-1.2352941176470589,-6.315789473684211,-0.6363636363636364,0.7272727272727273,-2.888888888888889,2.588235294117647,-2.4444444444444446,3.45,4.470588235294118,3.388888888888889,1.5,2.9375,0.2,7.117647058823529,-0.23529411764705882,2.6,7.631578947368421,6.733333333333333,5.105263157894737,-4.0588235294117645,10.61111111111111,3.625,-1.0,12.2,0.2777777777777778,-1.6956521739130435,1.2777777777777777,0.9411764705882353,-5.470588235294118,3.888888888888889,-0.9444444444444444,5.75,5.0588235294117645,-3.0,-0.6875,7.0,5.473684210526316,-2.7777777777777777,-4.666666666666667,-2.1578947368421053,-3.5,-0.4444444444444444,5.6,0.9375,8.071428571428571,4.352941176470588,1.0625
79,325599.0,323679.0,3.0526315789473686,0.5,-1.263157894736842,-5.857142857142857,2.3157894736842106,5.666666666666667,2.8333333333333335,4.266666666666667,-3.5,2.0,-3.2,4.0,0.9333333333333333,5.631578947368421,4.777777777777778,10.4375,-0.17647058823529413,4.769230769230769,10.625,7.333333333333333,5.6,-2.764705882352941,10.25,0.6,12.647058823529411,0.47619047619047616,10.882352941176471,14.125,14.375,6.294117647058823,-2.263157894736842,3.3333333333333335,0.7857142857142857,0.0,0.8,-1.4375,-0.13333333333333333,11.933333333333334,-0.13333333333333333,5.578947368421052,5.5625,4.428571428571429,4.285714285714286,1.7222222222222223,6.125,6.0476190476190474,5.2105263157894735
80,329719.0,327719.0,-3.6875,5.111111111111111,-3.0,-1.0,-9.95,0.6875,-1.625,-10.333333333333334,-0.5882352941176471,4.266666666666667,3.9411764705882355,-3.6470588235294117,-2.6666666666666665,-0.0625,-3.375,-0.21052631578947367,13.368421052631579,8.0,2.526315789473684,0.9375,-8.052631578947368,4.894736842105263,0.5,2.7,-0.5333333333333333,0.058823529411764705,4.5625,6.9375,3.533333333333333,-0.8,3.1666666666666665,-2.7222222222222223,2.0,3.4,4.6,2.7333333333333334,7.555555555555555,0.47058823529411764,3.1176470588235294,1.5,-1.125,2.4705882352941178,-5.0588235294117645,5.777777777777778,2.0526315789473686,-3.2666666666666666,12.266666666666667
81,333599.0,331719.0,8.529411764705882,-4.0,1.1666666666666667,3.3,-2.65,6.785714285714286,1.8333333333333333,-4.0,2.1176470588235294,-1.6111111111111112,7.0625,-0.5294117647058824,0.6470588235294118,-2.8823529411764706,1.4210526315789473,-2.9411764705882355,-9.5,-2.235294117647059,-2.7222222222222223,-2.5294117647058822,2.4705882352941178,3.473684210526316,6.0,0.0,-3.375,3.0555555555555554,1.5,1.6842105263157894,-4.125,6.2,3.1176470588235294,-3.823529411764706,-8.125,-0.375,-5.375,5.166666666666667,-5.117647058823529,-0.11764705882352941,-0.6875,1.2352941176470589,4.75,-0.35294117647058826,-1.9375,-4.611111111111111,-1.9047619047619047,-8.733333333333333,-0.5625
82,338039.0,336199.0,0.7368421052631579,2.0,4.894736842105263,-1.3043478260869565,0.42857142857142855,4.470588235294118,-0.3684210526315789,1.7894736842105263,7.444444444444445,-1.2941176470588236,-6.75,-2.0,4.375,2.8333333333333335,-0.2777777777777778,2.111111111111111,7.9375,2.6842105263157894,-1.8823529411764706,-4.05,1.5555555555555556,-3.7222222222222223,-3.611111111111111,-11.294117647058824,4.555555555555555,-0.5,2.0,2.9473684210526314,3.9473684210526314,-3.0,0.7647058823529411,6.777777777777778,5.666666666666667,4.277777777777778,4.277777777777778,6.888888888888889,0.8888888888888888,0.47058823529411764,1.0,3.0,7.411764705882353,3.1875,3.388888888888889,6.647058823529412,3.9444444444444446,7.625,11.705882352941176
83,341519.0,339919.0,0.6470588235294118,2.0,4.466666666666667,-4.235294117647059,-0.3888888888888889,1.8888888888888888,-5.705882352941177,3.357142857142857,-2.588235294117647,-11.294117647058824,2.6666666666666665,-2.588235294117647,-7.333333333333333,-1.875,-2.875,-1.1875,-6.9411764705882355,-7.0,12.375,4.0625,7.117647058823529,-0.1875,-7.933333333333334,2.411764705882353,3.5,-0.8571428571428571,-0.23076923076923078,-4.571428571428571,2.5384615384615383,-6.176470588235294,1.8888888888888888,-3.5625,2.357142857142857,-3.2142857142857144,2.769230769230769,0.7058823529411765,-3.625,7.416666666666667,-3.875,-1.3888888888888888,-8.1875,-6.533333333333333,-3.0,-3.1666666666666665,0.13333333333333333,4.0,2.75
84,345839.0,343919.0,4.1875,0.14285714285714285,-0.85,-6.590909090909091,2.9473684210526314,3.0,0.6470588235294118,3.9473684210526314,5.0,5.611111111111111,5.285714285714286,0.5,-1.0588235294117647,2.3157894736842106,3.35,-3.6,-3.1333333333333333,2.0,-4.85,-2.7222222222222223,6.733333333333333,-0.7777777777777778,0.3333333333333333,-1.5789473684210527,-4.375,-6.85,-1.105263157894737,2.0588235294117645,-1.9375,3.0,-1.0952380952380953,7.333333333333333,-1.2,-3.235294117647059,-4.0,1.0588235294117647,5.235294117647059,-0.2,-0.6470588235294118,-4.176470588235294,3.25,8.0,3.789473684210526,4.411764705882353,-1.5294117647058822,1.0,2.0
85,349479.0,347799.0,1.3157894736842106,-0.8888888888888888,-5.1,-3.96,-3.75,2.3684210526315788,-7.8125,-2.5,0.8421052631578947,1.375,-3.5294117647058822,-8.4,0.2222222222222222,5.25,12.285714285714286,1.4736842105263157,-0.8888888888888888,2.7142857142857144,-4.555555555555555,0.5625,5.866666666666666,-4.888888888888889,3.0625,-1.4285714285714286,2.5,-5.476190476190476,2.9375,2.176470588235294,-1.1176470588235294,6.625,-0.5454545454545454,-2.4210526315789473,6.0,5.0588235294117645,2.6470588235294117,5.4375,8.555555555555555,4.117647058823529,5.235294117647059,3.7777777777777777,2.388888888888889,0.3888888888888889,2.5,-5.222222222222222,0.375,-5.75,-1.8
86,353519.0,351759.0,6.722222222222222,-1.105263157894737,-0.7777777777777778,-4.368421052631579,0.3181818181818182,5.4,-6.238095238095238,8.722222222222221,-2.7333333333333334,1.3125,0.29411764705882354,1.8823529411764706,-0.2631578947368421,-3.625,6.235294117647059,-1.0666666666666667,0.0,-13.076923076923077,1.4444444444444444,-11.666666666666666,-1.9444444444444444,-5.9,-5.076923076923077,-4.2,-8.76923076923077,-2.235294117647059,3.066666666666667,3.6,-8.866666666666667,-8.6,-2.6470588235294117,-2.1875,5.357142857142857,-2.1333333333333333,-6.071428571428571,-0.6666666666666666,-4.75,-7.076923076923077,-4.647058823529412,-8.0,-2.6470588235294117,3.7222222222222223,-2.8823529411764706,-7.529411764705882,-0.55,-4.6,-2.8333333333333335
87,357759.0,355679.0,-1.8333333333333333,-9.5625,-4.823529411764706,0.4444444444444444,-0.16666666666666666,10.533333333333333,-3.5625,-1.6111111111111112,0.05555555555555555,6.888888888888889,-8.058823529411764,-8.058823529411764,4.222222222222222,-5.8,1.411764705882353,-1.1176470588235294,4.842105263157895,3.1333333333333333,3.3529411764705883,-4.1,8.0625,-6.75,-0.9444444444444444,0.6470588235294118,4.8125,0.7777777777777778,-0.7777777777777778,6.0625,4.6875,3.388888888888889,-1.631578947368421,-6.9411764705882355,1.8235294117647058,-0.3125,-0.6875,3.588235294117647,4.611111111111111,3.1875,2.1666666666666665,2.9444444444444446,-1.45,8.764705882352942,5.055555555555555,3.5625,0.3888888888888889,-4.764705882352941,-3.764705882352941
88,361279.0,359679.0,-1.6875,4.9523809523809526,2.761904761904762,6.391304347826087,-2.8095238095238093,0.7058823529411765,-2.5789473684210527,4.411764705882353,-5.2,4.833333333333333,-4.684210526315789,11.823529411764707,-1.25,-5.0,2.1666666666666665,-3.0,9.642857142857142,6.125,-5.4,10.222222222222221,-4.444444444444445,1.0666666666666667,-3.4375,6.666666666666667,3.5555555555555554,-2.5,5.6875,7.0625,1.9333333333333333,-0.14285714285714285,1.368421052631579,0.7058823529411765,1.3333333333333333,0.13333333333333333,1.1333333333333333,1.5,1.4375,-0.8125,0.35714285714285715,2.111111111111111,3.7058823529411766,3.4615384615384617,-0.9375,-6.470588235294118,3.0714285714285716,1.5,-3.55
89,365359.0,363679.0,3.1176470588235294,-3.4444444444444446,-13.529411764705882,0.42105263157894735,-1.2105263157894737,-4.714285714285714,-3.75,-6.235294117647059,-7.5625,-1.5555555555555556,6.642857142857143,-2.25,-6.7368421052631575,-3.3125,-3.6842105263157894,-4.2631578947368425,1.2222222222222223,-1.5294117647058822,-8.3,0.8947368421052632,5.714285714285714,-3.0,-0.625,-6.555555555555555,-5.866666666666666,-1.5,-2.5,-2.8,-2.1333333333333333,0.3888888888888889,-0.7222222222222222,-6.0,-4.5,-6.6,-6.666666666666667,2.0,-10.882352941176471,-3.8823529411764706,2.1578947368421053,1.3571428571428572,-3.0588235294117645,-5.882352941176471,-3.6842105263157894,-8.4375,-2.4,-6.705882352941177,4.111111111111111
90,369679.0,367679.0,-1.2352941176470589,-3.210526315789474,-9.952380952380953,-2.9565217391304346,-5.0,5.526315789473684,-7.105263157894737,-8.333333333333334,-11.142857142857142,-10.352941176470589,-12.066666666666666,-2.3529411764705883,-2.5789473684210527,1.7,-3.473684210526316,-6.1875,-0.47058823529411764,-3.4,-1.6470588235294117,-5.411764705882353,-12.75,-7.15,2.2666666666666666,-4.1,-8.428571428571429,0.3157894736842105,-2.9411764705882355,-4.75,-5.333333333333333,-4.222222222222222,-7.473684210526316,-16.666666666666668,-13.411764705882353,-14.133333333333333,-13.066666666666666,-7.4,-3.625,-10.0625,-1.8235294117647058,4.368421052631579,-5.166666666666667,-18.11764705882353,-8.777777777777779,-8.785714285714286,-6.75,4.8125,-2.5
91,373359.0,371879.0,-8.470588235294118,4.529411764705882,2.9411764705882355,3.0,-4.722222222222222,-3.0,0.5,5.266666666666667,1.875,-3.7058823529411766,1.6875,-3.2777777777777777,-3.230769230769231,5.0588235294117645,-8.11111111111111,-1.105263157894737,-2.1176470588235294,6.571428571428571,-3.736842105263158,5.933333333333334,-1.9,2.6315789473684212,-7.8125,8.5,2.2857142857142856,-5.1875,-5.642857142857143,-4.214285714285714,-1.2,-2.2,5.647058823529412,-3.4375,8.3125,9.933333333333334,8.666666666666666,0.2857142857142857,-6.444444444444445,6.166666666666667,-3.6470588235294117,2.2941176470588234,-3.764705882352941,6.411764705882353,2.9375,-2.5,-2.625,0.9411764705882353,5.5
92,377159.0,375639.0,-2.7777777777777777,-1.0555555555555556,0.09523809523809523,-7.857142857142857,-2.85,-0.35294117647058826,-6.3125,-1.7058823529411764,-8.125,1.5,1.736842105263158,1.3333333333333333,-0.8947368421052632,0.17647058823529413,3.25,-5.0,-3.2666666666666666,-2.7857142857142856,3.5555555555555554,-2.75,4.1875,-8.5,-0.5714285714285714,7.5,1.1428571428571428,4.866666666666666,1.9333333333333333,12.466666666666667,-0.13333333333333333,-2.1875,-3.2,-7.666666666666667,0.6,0.2857142857142857,-0.8571428571428571,-4.888888888888889,0.75,4.857142857142857,0.5,-2.066666666666667,-3.0588235294117645,3.5625,-0.35294117647058826,-8.875,1.4375,-7.647058823529412,3.111111111111111
93,381719.0,379679.0,1.9333333333333333,3.9411764705882355,3.0,1.0416666666666667,2.7142857142857144,8.882352941176471,0.0,-2.764705882352941,3.2857142857142856,-2.235294117647059,4.733333333333333,-4.0,0.3684210526315789,6.944444444444445,0.1111111111111111,1.4444444444444444,9.0625,-0.11764705882352941,-5.3125,0.6470588235294118,5.6875,-1.7647058823529411,9.666666666666666,-0.8947368421052632,6.375,1.5789473684210527,0.5555555555555556,5.0,1.1666666666666667,3.8666666666666667,1.2941176470588236,1.4375,3.7777777777777777,-1.8888888888888888,-1.6842105263157894,-0.0625,-4.823529411764706,0.875,-6.75,-2.4,-7.6875,0.23529411764705882,1.4,-4.647058823529412,1.4285714285714286,5.055555555555555,-3.8823529411764706
94,385359.0,383799.0,4.75,2.1578947368421053,-3.9047619047619047,-8.052631578947368,0.42857142857142855,0.7647058823529411,3.823529411764706,6.833333333333333,1.8888888888888888,2.066666666666667,0.3333333333333333,0.3684210526315789,-2.9444444444444446,-4.2631578947368425,-0.7647058823529411,0.35294117647058826,0.0625,-1.4,0.75,-1.8235294117647058,2.0588235294117645,4.625,-5.5625,2.8125,2.2666666666666666,-6.0625,-5.266666666666667,-2.5625,0.06666666666666667,-2.8125,-2.4444444444444446,-2.0588235294117645,-0.6666666666666666,4.0,5.866666666666666,-7.882352941176471,0.3125,-7.3076923076923075,5.266666666666667,3.263157894736842,-1.3529411764705883,1.2,-2.5,3.6875,-4.466666666666667,2.25,-10.789473684210526
95,389559.0,388079.0,2.4444444444444446,-7.578947368421052,1.2777777777777777,1.434782608695652,1.6111111111111112,7.3125,4.7368421052631575,-2.235294117647059,-5.235294117647059,-8.625,-2.4375,0.9285714285714286,-1.1111111111111112,-2.8947368421052633,3.210526315789474,-7.0,-7.0625,-7.6,-2.0,-5.666666666666667,-9.0,1.8666666666666667,-4.0,-1.5625,-4.428571428571429,-1.0,-3.411764705882353,3.5555555555555554,-5.0625,-9.352941176470589,-1.5217391304347827,-9.0,-7.6875,-11.5625,-12.375,-4.777777777777778,-4.333333333333333,-2.7857142857142856,-0.0625,-3.6666666666666665,-6.75,-0.125,0.7777777777777778,-2.388888888888889,0.875,0.5555555555555556,-4.875
96,394439.0,391839.0,-10.333333333333334,-3.7058823529411766,-5.3478260869565215,-1.894736842105263,-6.6,-7.2105263157894735,5.588235294117647,-2.066666666666667,1.7222222222222223,-1.9444444444444444,-4.235294117647059,-2.642857142857143,-1.25,-0.05555555555555555,1.0588235294117647,3.611111111111111,6.3076923076923075,-6.428571428571429,1.9333333333333333,1.4285714285714286,3.0833333333333335,0.5714285714285714,-2.5384615384615383,-2.5,-7.769230769230769,-0.4117647058823529,-8.642857142857142,-5.785714285714286,-6.357142857142857,-4.6,5.529411764705882,-10.5,-1.7142857142857142,-2.533333333333333,-3.6,-3.8125,10.375,-8.5,0.3125,0.3157894736842105,-1.7333333333333334,6.6875,2.8666666666666667,-0.3333333333333333,6.933333333333334,-1.8666666666666667,-3.3333333333333335
97,397679.0,395799.0,4.0588235294117645,-2.9444444444444446,-1.736842105263158,-1.0833333333333333,-5.55,0.4117647058823529,0.2222222222222222,-6.6875,4.75,-2.7333333333333334,-0.5,-0.8,-0.4375,-3.4705882352941178,3.1875,6.428571428571429,1.2941176470588236,2.0,2.210526315789474,3.1875,-4.25,-2.75,-0.75,-4.125,2.25,-2.0,-6.214285714285714,-5.416666666666667,2.25,4.611111111111111,2.238095238095238,-9.428571428571429,-7.923076923076923,-15.166666666666666,-16.181818181818183,1.5294117647058822,-5.5,5.785714285714286,8.538461538461538,1.0,4.375,-0.375,-6.3125,-8.866666666666667,10.666666666666666,-4.315789473684211,0.6470588235294118
98,401799.0,400199.0,0.9333333333333333,4.157894736842105,-1.95,0.21739130434782608,0.0,-8.25,1.8235294117647058,7.8125,-2.8823529411764706,-1.3125,-3.1333333333333333,-3.2,-2.95,-3.473684210526316,-0.6842105263157895,7.882352941176471,3.823529411764706,-9.0,8.9375,2.7222222222222223,4.166666666666667,0.29411764705882354,-1.0588235294117647,5.411764705882353,-1.588235294117647,0.45454545454545453,1.3333333333333333,-9.0,-5.176470588235294,-6.6875,-3.0,2.764705882352941,1.2941176470588236,-1.1764705882352942,-4.0588235294117645,-1.8823529411764706,-4.277777777777778,-7.235294117647059,2.3125,-4.823529411764706,3.0,5.0,6.055555555555555,4.266666666666667,2.6875,-0.3684210526315789,-6.705882352941177
99,405519.0,404039.0,-1.1666666666666667,5.4375,4.0,-1.2173913043478262,-9.533333333333333,3.4444444444444446,2.2,3.125,6.647058823529412,4.4375,11.777777777777779,3.875,5.277777777777778,-5.166666666666667,-2.9444444444444446,2.263157894736842,1.1875,-3.0625,5.285714285714286,0.3888888888888889,5.8125,1.4375,0.1875,3.210526315789474,2.2857142857142856,3.388888888888889,-7.444444444444445,-4.0,6.0,1.0625,6.0,-1.1764705882352942,-3.3333333333333335,-6.266666666666667,-1.0769230769230769,-11.4375,0.625,0.5333333333333333,0.0625,1.7647058823529411,6.2,-2.2666666666666666,-1.5714285714285714,5.3125,-1.2777777777777777,-4.647058823529412,4.176470588235294
100,409479.0,407839.0,-1.7647058823529411,1.7777777777777777,8.88888888888889,-1.9523809523809523,9.947368421052632,3.3333333333333335,5.928571428571429,0.8333333333333334,-1.1764705882352942,-1.0625,2.611111111111111,5.444444444444445,-0.9444444444444444,0.29411764705882354,-8.4375,-0.11764705882352941,-3.125,-5.0588235294117645,-2.2222222222222223,-8.6,-9.0,5.533333333333333,2.642857142857143,4.777777777777778,0.8666666666666667,-1.6,-2.5,3.1875,4.785714285714286,-2.15,1.5294117647058822,-1.0588235294117647,2.0,9.714285714285714,9.285714285714286,0.5294117647058824,-4.764705882352941,2.8,5.857142857142857,-1.6,-2.8,-6.625,-6.882352941176471,7.333333333333333,0.2222222222222222,-4.6875,1.7777777777777777
101,413319.0,411719.0,0.5,-3.6842105263157894,1.5789473684210527,-4.25,0.3888888888888889,-4.9375,-4.166666666666667,-3.25,-6.375,-7.294117647058823,5.625,-5.882352941176471,3.6315789473684212,2.9473684210526314,-0.47368421052631576,-1.588235294117647,-0.4375,2.3529411764705883,2.588235294117647,0.0,-1.375,3.5294117647058822,-1.875,-3.5,-2.3684210526315788,-3.3,-3.3684210526315788,-0.3333333333333333,2.4444444444444446,-7.823529411764706,-0.19047619047619047,-4.833333333333333,1.0588235294117647,0.16666666666666666,1.588235294117647,0.47368421052631576,2.6470588235294117,-0.9444444444444444,-5.333333333333333,7.176470588235294,-2.0555555555555554,-7.470588235294118,-0.8823529411764706,-1.8,0.5294117647058824,4.9375,3.823529411764706
102,417199.0,415719.0,-3.7777777777777777,0.29411764705882354,1.0,-0.6190476190476191,2.3684210526315788,-3.2941176470588234,-3.0,1.3333333333333333,1.2941176470588236,-0.875,2.2777777777777777,0.8823529411764706,-0.6875,0.631578947368421,-2.0526315789473686,1.0,0.05555555555555555,-0.5625,-11.117647058823529,-6.555555555555555,-0.8235294117647058,1.9473684210526316,-13.066666666666666,1.6470588235294117,-8.428571428571429,0.35,-7.5625,-12.266666666666667,-5.066666666666666,0.5294117647058824,1.894736842105263,-3.0588235294117645,-2.176470588235294,-4.75,-1.1333333333333333,4.529411764705882,3.125,3.9411764705882355,-5.9375,4.055555555555555,0.7333333333333333,2.1875,9.3125,-6.066666666666666,-3.6875,-4.0588235294117645,0.5882352941176471
103,421279.0,419719.0,2.625,4.894736842105263,0.4444444444444444,-1.6521739130434783,-7.052631578947368,-5.5,-7.6,-3.4375,-3.789473684210526,-4.277777777777778,-5.666666666666667,5.611111111111111,4.611111111111111,2.3684210526315788,-2.8421052631578947,3.3684210526315788,1.5555555555555556,5.352941176470588,4.133333333333334,1.4705882352941178,0.4375,5.0,0.5294117647058824,3.3529411764705883,5.3125,1.9,-4.705882352941177,-9.5625,-4.705882352941177,4.8,-3.9473684210526314,-4.764705882352941,-6.0588235294117645,1.5294117647058822,-2.588235294117647,-2.526315789473684,-1.0,6.388888888888889,-2.6842105263157894,1.25,-1.2222222222222223,-5.8,1.0,-0.875,0.2631578947368421,7.352941176470588,1.5625
104,425319.0,423719.0,4.25,-1.3888888888888888,-1.6666666666666667,-5.5,2.35,-11.1875,-2.235294117647059,-1.0588235294117647,-2.2941176470588234,-5.0588235294117645,-1.8823529411764706,-1.736842105263158,-3.9,4.176470588235294,-7.222222222222222,-0.45,0.13333333333333333,0.7777777777777778,-2.789473684210526,-4.352941176470588,4.333333333333333,-4.333333333333333,3.0,3.5555555555555554,-4.7368421052631575,-0.42105263157894735,-3.5,-3.0526315789473686,-0.7368421052631579,-0.2222222222222222,-4.7894736842105265,3.3333333333333335,2.4210526315789473,-0.16666666666666666,-1.6111111111111112,-10.470588235294118,-0.375,-3.9375,-1.7894736842105263,7.6,-12.411764705882353,-3.5555555555555554,-4.777777777777778,-3.3333333333333335,1.4444444444444444,-8.333333333333334,1.105263157894737
105,429319.0,427879.0,1.1333333333333333,-5.0588235294117645,-6.571428571428571,-7.7,-5.25,-5.133333333333334,-3.9473684210526314,-5.166666666666667,2.375,-9.928571428571429,-2.2666666666666666,-9.4,-2.9444444444444446,-12.266666666666667,-5.2,-5.125,-4.866666666666666,-9.0,7.5,2.6,-4.1875,1.8666666666666667,0.9411764705882353,-0.6666666666666666,-8.38888888888889,-3.5238095238095237,-5.882352941176471,-3.3333333333333335,-6.9411764705882355,-0.11764705882352941,-2.789473684210526,-7.333333333333333,-6.9375,-2.0625,-4.5625,-5.266666666666667,-4.421052631578948,-7.888888888888889,-4.6875,-7.315789473684211,-1.1875,-5.388888888888889,-11.5625,-4.176470588235294,-8.333333333333334,2.111111111111111,-4.625
106,433399.0,431719.0,6.1875,-1.55,-0.8947368421052632,-3.1666666666666665,1.4761904761904763,1.125,0.16666666666666666,0.35294117647058826,-1.8823529411764706,8.222222222222221,-0.9375,-12.4375,-6.6875,4.588235294117647,1.0588235294117647,-5.0,-0.5,3.45,-4.235294117647059,3.5294117647058822,-1.6666666666666667,1.25,2.0,-1.8666666666666667,5.375,-1.1666666666666667,4.0,0.0,1.8125,0.8421052631578947,1.7083333333333333,-0.4444444444444444,6.0625,6.625,12.5,2.2941176470588234,2.0476190476190474,0.35294117647058826,-3.2777777777777777,-4.705882352941177,4.4,-5.117647058823529,5.2105263157894735,-8.444444444444445,4.25,-9.15,9.0
107,437239.0,435839.0,4.470588235294118,-5.823529411764706,-0.1875,0.38095238095238093,-3.3157894736842106,-2.15,1.3333333333333333,-2.6,-1.3333333333333333,-5.0588235294117645,-0.3157894736842105,-3.5625,1.2222222222222223,0.2222222222222222,2.7333333333333334,2.6666666666666665,-4.9411764705882355,6.6875,-7.9411764705882355,7.375,4.352941176470588,-0.4,1.368421052631579,6.75,-0.23529411764705882,4.4,-0.8947368421052632,-5.0,-0.35294117647058826,-7.894736842105263,-1.7647058823529411,2.35,2.7222222222222223,-0.5294117647058824,0.6470588235294118,-3.611111111111111,0.10526315789473684,2.235294117647059,-1.9473684210526316,-1.3157894736842106,5.2,3.857142857142857,1.95,4.888888888888889,-3.875,4.333333333333333,8.75
108,441359.0,439719.0,0.7777777777777778,6.0625,-7.166666666666667,-0.55,1.2941176470588236,-4.823529411764706,0.13333333333333333,-1.2142857142857142,-3.7058823529411766,-1.736842105263158,-6.8,0.26666666666666666,0.3888888888888889,-2.2,5.6875,4.235294117647059,6.0,-8.125,-4.0,-1.0555555555555556,0.6666666666666666,-0.47058823529411764,3.6,-9.533333333333333,5.823529411764706,1.875,3.235294117647059,-7.0,-5.133333333333334,1.4444444444444444,-5.733333333333333,1.4736842105263157,-3.9411764705882355,-3.2666666666666666,-5.142857142857143,-2.611111111111111,8.0,-1.3333333333333333,-2.4375,-2.238095238095238,0.3333333333333333,-4.8125,1.9375,-3.9473684210526314,2.6842105263157894,-0.3684210526315789,5.888888888888889
109,445439.0,443759.0,1.4444444444444444,1.5,0.47368421052631576,-0.55,-1.1904761904761905,-5.631578947368421,2.888888888888889,-3.0,1.2105263157894737,-1.0,-12.117647058823529,-3.875,-11.5,-1.5238095238095237,0.5294117647058824,1.0,-2.8333333333333335,-4.133333333333334,0.05,-2.3684210526315788,1.6842105263157894,-4.25,2.263157894736842,-8.88888888888889,-4.9411764705882355,-0.18181818181818182,-1.7,-0.5263157894736842,-4.823529411764706,-0.9375,1.2352941176470589,-3.1,-7.9411764705882355,-7.647058823529412,-6.823529411764706,-7.684210526315789,-7.133333333333334,-1.5294117647058822,-2.875,-4.777777777777778,2.625,-2.75,-12.4,-4.722222222222222,-1.411764705882353,5.117647058823529,-2.1176470588235294
110,449359.0,447719.0,7.055555555555555,-7.5,-2.85,-1.0833333333333333,1.4444444444444444,4.7894736842105265,0.35294117647058826,5.125,-1.2666666666666666,3.5,-1.105263157894737,4.0,-4.0,-0.8333333333333334,-7.9411764705882355,3.45,5.176470588235294,5.6875,5.0,0.23529411764705882,8.6,7.388888888888889,1.8,2.0588235294117645,-4.9411764705882355,0.35,-0.631578947368421,-0.6666666666666666,-1.8823529411764706,1.4210526315789473,-0.2,1.375,-0.47058823529411764,1.75,-0.375,3.25,-8.882352941176471,3.9411764705882355,7.6,-2.3529411764705883,9.944444444444445,0.5,-0.8125,0.05555555555555555,-2.6666666666666665,4.142857142857143,2.75
111,454199.0,451839.0,-2.0,-1.894736842105263,-5.222222222222222,-4.476190476190476,-0.8947368421052632,6.666666666666667,-7.294117647058823,-2.1875,1.8125,-3.7333333333333334,-6.25,4.357142857142857,1.8823529411764706,0.058823529411764705,0.7894736842105263,2.7333333333333334,1.625,-2.642857142857143,2.235294117647059,-6.133333333333334,-0.4666666666666667,6.8125,0.11764705882352941,-8.578947368421053,-4.764705882352941,2.95,4.166666666666667,-0.7058823529411765,-3.5,-2.823529411764706,0.23529411764705882,-1.0588235294117647,-3.3529411764705883,-1.9411764705882353,-5.3125,4.0625,-6.117647058823529,3.8,0.125,3.8823529411764706,1.875,0.11764705882352941,-8.375,0.0,4.733333333333333,-7.705882352941177,10.3125
112,457919.0,456159.0,-1.9375,-9.722222222222221,-0.15,-5.333333333333333,-8.3,4.0,-0.5555555555555556,-1.5625,-7.111111111111111,0.8125,1.4444444444444444,-8.375,-3.526315789473684,-6.944444444444445,4.055555555555555,-5.666666666666667,7.0,-1.6,-0.5555555555555556,-1.3333333333333333,2.5625,-3.4615384615384617,-6.933333333333334,0.0,-8.933333333333334,-9.88888888888889,-6.0,-11.666666666666666,-9.76923076923077,1.2941176470588236,-0.3684210526315789,-13.066666666666666,-2.6666666666666665,-3.857142857142857,-1.5384615384615385,0.0,-9.25,3.7142857142857144,-6.055555555555555,-0.9411764705882353,-6.4375,-3.8125,-0.1875,3.95,-3.0,-6.066666666666666,2.588235294117647
113,462199.0,460199.0,-1.2,2.8421052631578947,-1.4444444444444444,-2.823529411764706,4.764705882352941,1.263157894736842,-2.25,3.6666666666666665,0.058823529411764705,-6.125,0.75,-3.25,-3.7777777777777777,8.705882352941176,3.1578947368421053,6.294117647058823,-3.6842105263157894,-0.47058823529411764,-2.0555555555555554,-5.3125,-3.6923076923076925,0.0,-0.14285714285714285,1.4736842105263157,7.8125,-3.6315789473684212,0.6111111111111112,7.0588235294117645,3.75,2.764705882352941,-2.111111111111111,-2.4444444444444446,0.8666666666666667,4.357142857142857,5.785714285714286,-2.736842105263158,6.294117647058823,5.055555555555555,-3.533333333333333,3.3,-1.8,-0.5,6.214285714285714,3.2777777777777777,-3.35,8.117647058823529,-4.5
114,466359.0,464359.0,0.2,1.0,5.368421052631579,-1.0,0.6842105263157895,1.631578947368421,-3.5555555555555554,7.882352941176471,4.176470588235294,-4.588235294117647,3.9411764705882355,0.8823529411764706,-2.9444444444444446,0.6111111111111112,2.8823529411764706,5.388888888888889,16.38888888888889,12.176470588235293,8.588235294117647,-1.0,12.0,2.625,-3.6,5.235294117647059,-0.7777777777777778,-0.1111111111111111,0.47368421052631576,7.555555555555555,6.947368421052632,2.388888888888889,-1.4,9.647058823529411,6.473684210526316,4.666666666666667,5.944444444444445,0.7647058823529411,4.526315789473684,12.0,0.3125,1.588235294117647,5.666666666666667,-1.2777777777777777,8.941176470588236,12.25,1.5294117647058822,7.285714285714286,-1.1333333333333333
115,470399.0,467879.0,-0.9333333333333333,0.6111111111111112,-3.0,3.3684210526315788,1.0,-1.263157894736842,-8.705882352941176,7.0,-7.875,-15.176470588235293,-1.4705882352941178,-1.1333333333333333,-1.7777777777777777,3.8823529411764706,-6.105263157894737,-4.833333333333333,-1.7058823529411764,0.6111111111111112,-3.6666666666666665,5.0,3.5833333333333335,-3.611111111111111,0.5,0.1875,5.75,2.2777777777777777,2.1176470588235294,12.285714285714286,8.133333333333333,-0.11764705882352941,7.631578947368421,-3.9411764705882355,-1.7142857142857142,2.642857142857143,3.533333333333333,-3.0588235294117645,-2.6875,3.235294117647059,7.214285714285714,6.052631578947368,2.857142857142857,1.5555555555555556,-4.0,4.642857142857143,7.933333333333334,0.125,-6.529411764705882
116,477759.0,472999.0,0.0,0.0,0.0,0.0,0.0,0.0,0.0,0.0,0.0,0.0,0.0,0.0,0.0,0.0,0.0,0.0,0.0,0.0,0.0,0.0,0.0,0.0,0.0,0.0,0.0,0.0,0.0,0.0,0.0,0.0,0.0,0.0,0.0,0.0,0.0,0.0,0.0,0.0,0.0,0.0,0.0,0.0,0.0,0.0,0.0,0.0,0.0
117,477759.0,,-7.5,2.5789473684210527,3.45,8.6,-2.65,3.8823529411764706,-0.5789473684210527,-1.1875,0.25,-2.875,7.117647058823529,-4.176470588235294,-1.2142857142857142,1.8125,-14.6875,1.3125,-8.5,-12.058823529411764,-1.263157894736842,5.833333333333333,-4.25,-6.9411764705882355,-0.06666666666666667,-8.0625,5.533333333333333,-4.052631578947368,-1.1666666666666667,0.8125,-0.8125,-3.9375,-3.066666666666667,-2.6875,-2.8125,-1.1875,-0.06666666666666667,-9.105263157894736,-3.235294117647059,-3.7222222222222223,0.6666666666666666,-4.8125,-2.7142857142857144,-1.8666666666666667,-3.2666666666666666,2.1333333333333333,-7.647058823529412,2.3333333333333335,-5.933333333333334
118,481159.0,479679.0,-3.466666666666667,11.222222222222221,-3.3157894736842106,-0.8695652173913043,0.1111111111111111,6.6,7.285714285714286,-3.2666666666666666,0.17647058823529413,-1.0,0.1875,5.222222222222222,5.0,-3.611111111111111,-2.2222222222222223,0.6111111111111112,5.117647058823529,-4.833333333333333,1.0,2.7058823529411766,-6.285714285714286,8.176470588235293,1.1428571428571428,0.25,1.1333333333333333,2.5,-2.6875,2.5,0.14285714285714285,-3.3333333333333335,-3.263157894736842,-2.0625,1.2,-0.07692307692307693,2.230769230769231,5.6875,9.153846153846153,-12.166666666666666,-3.8,-1.0588235294117647,-6.9375,-2.375,1.3125,-5.0625,-4.928571428571429,4.526315789473684,1.4375
119,485319.0,483719.0,-1.5555555555555556,3.8,3.1,5.684210526315789,2.3,1.1111111111111112,-3.7777777777777777,8.058823529411764,-2.375,3.888888888888889,5.235294117647059,8.733333333333333,2.2666666666666666,2.4705882352941178,10.473684210526315,0.11764705882352941,1.125,6.411764705882353,5.2,0.7333333333333333,8.1875,0.9375,5.6,7.833333333333333,7.846153846153846,2.2222222222222223,8.352941176470589,12.066666666666666,12.642857142857142,5.875,-2.0,9.571428571428571,5.866666666666666,5.266666666666667,9.4,0.5555555555555556,-0.5555555555555556,16.23076923076923,0.375,4.4,8.294117647058824,6.933333333333334,8.2,12.0,2.0,-4.866666666666666,3.0625
120,489279.0,487679.0,-0.7058823529411765,2.0,-5.2631578947368425,3.4444444444444446,-2.7058823529411766,-3.8125,2.5714285714285716,4.142857142857143,-0.4,-2.5,2.75,3.7222222222222223,-9.875,-9.11111111111111,7.705882352941177,6.764705882352941,7.0,-4.142857142857143,2.789473684210526,-0.15789473684210525,-2.4285714285714284,-2.4375,-5.615384615384615,-0.47058823529411764,-3.533333333333333,-2.466666666666667,-3.6,-5.571428571428571,-9.384615384615385,-7.294117647058823,4.65,0.0,-2.0,-5.928571428571429,-7.923076923076923,-0.5294117647058824,0.23529411764705882,-6.384615384615385,-3.8,2.8125,-2.142857142857143,2.1538461538461537,3.9285714285714284,0.8235294117647058,-0.5333333333333333,-0.7857142857142857,-5.133333333333334
121,493519.0,491959.0,1.1875,2.05,1.0,2.1739130434782608,7.5,3.125,1.411764705882353,-1.1764705882352942,9.666666666666666,-0.9333333333333333,6.0625,2.5,0.8333333333333334,-5.411764705882353,0.7058823529411765,-1.368421052631579,-2.466666666666667,-7.647058823529412,-4.294117647058823,-1.3333333333333333,-4.882352941176471,11.875,-2.3125,-2.1333333333333333,-0.0625,1.3,0.0,-4.6875,-6.0625,-0.5333333333333333,-2.4,3.263157894736842,2.1875,3.5625,-2.6666666666666665,-1.9333333333333333,0.2222222222222222,2.8125,3.625,6.368421052631579,-3.6470588235294117,-2.6666666666666665,-2.0,0.35294117647058826,-4.588235294117647,5.588235294117647,4.55
122,497359.0,495759.0,5.352941176470588,7.888888888888889,-2.0555555555555554,-1.5909090909090908,-0.2222222222222222,6.588235294117647,6.866666666666666,1.4,4.411764705882353,17.307692307692307,0.0,-7.357142857142857,5.823529411764706,7.6875,0.8823529411764706,1.8823529411764706,2.176470588235294,-2.533333333333333,-2.6875,-1.4736842105263157,5.933333333333334,2.7142857142857144,2.5625,2.6,-2.3125,-6.6875,-4.2,2.7333333333333334,-0.7333333333333333,-0.5294117647058824,4.473684210526316,0.35294117647058826,-1.2,-0.6666666666666666,-1.2,1.0625,-0.6875,-7.133333333333334,-0.2631578947368421,2.9375,6.066666666666666,-4.2,-5.133333333333334,6.117647058823529,5.6875,0.4666666666666667,6.277777777777778
123,501279.0,499759.0,6.642857142857143,1.5625,-3.611111111111111,-0.8095238095238095,-6.888888888888889,-3.6875,-0.16666666666666666,-0.3333333333333333,1.4666666666666666,-4.0,5.2,2.2,0.7647058823529411,3.25,-6.117647058823529,-2.0,-0.5263157894736842,-2.823529411764706,-0.7647058823529411,-4.944444444444445,4.5625,-1.2777777777777777,-0.65,5.5,0.25,-1.5625,-2.176470588235294,-2.611111111111111,1.7647058823529411,4.277777777777778,-3.8947368421052633,-2.7222222222222223,4.823529411764706,7.117647058823529,6.4375,6.470588235294118,-4.8,-7.0625,-1.5294117647058822,6.0,9.777777777777779,1.9444444444444444,-0.7222222222222222,-12.357142857142858,-0.9411764705882353,6.285714285714286,-1.5625
124,505279.0,503639.0,3.0,-0.11764705882352941,1.0,5.136363636363637,2.5,0.06666666666666667,2.8,2.5789473684210527,1.1764705882352942,-0.5333333333333333,-0.5882352941176471,-5.235294117647059,-1.4666666666666666,3.5625,-6.588235294117647,6.294117647058823,9.933333333333334,5.066666666666666,8.894736842105264,-6.666666666666667,4.375,6.352941176470588,5.4,-2.888888888888889,-0.6,0.21052631578947367,-1.5555555555555556,-2.75,-1.7333333333333334,5.9375,3.764705882352941,4.833333333333333,2.9375,7.0,4.2,-5.0,3.9444444444444446,-1.2666666666666666,-2.4375,-1.4444444444444444,-3.5294117647058822,3.6666666666666665,6.45,3.533333333333333,-1.0625,5.555555555555555,-7.142857142857143
125,509319.0,507599.0,-3.8333333333333335,-2.6666666666666665,-1.4,1.9047619047619047,0.75,2.0,3.125,2.176470588235294,8.38888888888889,0.0,-4.111111111111111,0.7647058823529411,4.684210526315789,1.4444444444444444,9.222222222222221,-1.5294117647058822,1.0588235294117647,2.0625,0.0,8.882352941176471,5.5,0.7619047619047619,2.210526315789474,13.647058823529411,8.25,-1.5238095238095237,5.166666666666667,2.9444444444444446,6.470588235294118,0.16666666666666666,-0.5882352941176471,-0.26666666666666666,2.0,2.5294117647058822,7.611111111111111,5.7894736842105265,5.0625,12.066666666666666,-1.0,-4.866666666666666,-1.0,0.5,7.117647058823529,1.9375,3.6842105263157894,-0.47058823529411764,7.875
126,513279.0,511679.0,-2.2222222222222223,5.105263157894737,-6.066666666666666,1.9473684210526316,-1.9473684210526316,2.176470588235294,2.5,-8.647058823529411,-2.2941176470588234,-1.4666666666666666,-1.7777777777777777,0.7647058823529411,-2.1333333333333333,-0.75,-8.666666666666666,6.1,-2.8421052631578947,-4.5,4.7368421052631575,-4.277777777777778,-2.1176470588235294,1.9333333333333333,-10.375,-10.266666666666667,-7.1875,-10.055555555555555,-3.8666666666666667,-10.0,-9.25,-1.2777777777777777,0.3684210526315789,-1.2352941176470589,-3.466666666666667,-4.588235294117647,-3.6470588235294117,2.857142857142857,-8.6,-3.1333333333333333,0.17647058823529413,-1.1176470588235294,3.789473684210526,-5.176470588235294,-2.6842105263157894,-4.9375,3.1875,-0.5294117647058824,2.7333333333333334
127,517719.0,515679.0,4.5,-2.888888888888889,-6.5,1.2777777777777777,3.0555555555555554,-0.8,-0.7894736842105263,3.375,-1.2105263157894737,1.1764705882352942,-0.2222222222222222,-2.4444444444444446,-1.5,3.736842105263158,2.4210526315789473,-1.0952380952380953,-3.25,0.1111111111111111,3.619047619047619,2.1578947368421053,0.29411764705882354,2.6,3.0588235294117645,4.555555555555555,2.0,-1.95,-0.16666666666666666,4.3125,0.0,7.5,-3.6470588235294117,1.588235294117647,-5.823529411764706,-2.5625,-1.5,-0.1,2.588235294117647,-2.588235294117647,0.29411764705882354,6.882352941176471,6.176470588235294,-3.8333333333333335,4.055555555555555,0.8947368421052632,2.7058823529411766,-1.75,2.1176470588235294
128,522559.0,520799.0,1.8666666666666667,-4.473684210526316,-4.315789473684211,-1.0555555555555556,-3.0,-5.857142857142857,7.75,-1.0,-7.2,-5.1,6.2105263157894735,-7.0,-5.882352941176471,2.3333333333333335,-1.3888888888888888,8.68421052631579,-8.266666666666667,-7.166666666666667,-1.8823529411764706,0.4117647058823529,2.5,-4.2,0.1875,-6.777777777777778,-0.5882352941176471,-5.352941176470588,3.0,2.888888888888889,3.6470588235294117,-4.388888888888889,-2.8333333333333335,-4.0,-2.8823529411764706,-2.2941176470588234,-1.2941176470588236,2.8421052631578947,-0.3125,-2.5,-4.6875,-9.882352941176471,-5.294117647058823,-6.25,-8.941176470588236,1.125,-7.333333333333333,-10.571428571428571,1.2
129,526119.0,523999.0,-0.5555555555555556,1.2777777777777777,3.5714285714285716,0.058823529411764705,7.5,0.25,0.07142857142857142,9.9375,-6.0588235294117645,2.0625,-10.6875,1.0,0.11764705882352941,-0.8235294117647058,-13.176470588235293,1.0588235294117647,-2.75,3.0526315789473686,2.0,-4.388888888888889,2.9375,-1.8125,8.555555555555555,-5.235294117647059,3.176470588235294,-3.45,-0.47368421052631576,1.6666666666666667,-4.5625,1.4705882352941178,-3.7777777777777777,-1.3333333333333333,1.75,4.125,1.9333333333333333,0.4117647058823529,-4.647058823529412,0.3157894736842105,3.5,5.722222222222222,-1.8888888888888888,3.25,8.235294117647058,2.9285714285714284,0.11764705882352941,-3.15,1.6666666666666667
130,529759.0,527759.0,-0.5555555555555556,1.2777777777777777,3.5714285714285716,0.058823529411764705,7.5,0.25,0.07142857142857142,9.9375,-6.0588235294117645,2.0625,-10.6875,1.0,0.11764705882352941,-0.8235294117647058,-13.176470588235293,1.0588235294117647,-2.75,3.0526315789473686,2.0,-4.388888888888889,2.9375,-1.8125,8.555555555555555,-5.235294117647059,3.176470588235294,-3.45,-0.47368421052631576,1.6666666666666667,-4.5625,1.4705882352941178,-3.7777777777777777,-1.3333333333333333,1.75,4.125,1.9333333333333333,0.4117647058823529,-4.647058823529412,0.3157894736842105,3.5,5.722222222222222,-1.8888888888888888,3.25,8.235294117647058,2.9285714285714284,0.11764705882352941,-3.15,1.6666666666666667
