,end_time,start_time,rdsym_elec11,rdsym_elec12,rdsym_elec15,rdsym_elec18,rdsym_elec19,rdsym_elec22,rdsym_elec23,rdsym_elec24,rdsym_elec25,rdsym_elec26,rdsym_elec27,rdsym_elec33,rdsym_elec4,rdsym_elec40,rdsym_elec41,rdsym_elec13,rdsym_elec14,rdsym_elec20,rdsym_elec21,rdsym_elec28,rdsym_elec5,rdsym_elec6,rdsym_elec34,rdsym_elec7,rdsym_elec0,rdsym_elec1,rdsym_elec10,rdsym_elec16,rdsym_elec17,rdsym_elec2,rdsym_elec3,rdsym_elec8,rdsym_elec9,rdsym_elec29,rdsym_elec30,rdsym_elec31,rdsym_elec35,rdsym_elec36,rdsym_elec43,rdsym_elec44,rdsym_elec32,rdsym_elec37,rdsym_elec38,rdsym_elec39,rdsym_elec42,rdsym_elec45,rdsym_elec46,rdsym_elec47,rdsym_elec48,rdsym_elec49,rdsym_elec50,rdsym_elec51,rdsym_elec52,rdsym_elec53,rdsym_elec54,rdsym_elec55,rdsym_elec56,rdsym_elec57
0,11479.0,10799.0,,,,,,,,,,,,,,,,,,,,,,,,,,,,,,,,,,,,,,,,,,,,,,,,,,,,,,,,,,
1,14919.0,11959.0,0.5648568542591641,0.4713274977647478,0.49227397453572375,0.45443760918925113,0.4150837849974466,0.47522972683221537,0.5200283514773537,0.5165818576530987,0.4962957830700122,0.4594476160549178,0.45953441511792614,0.49607844232236875,0.510059348877398,0.557446068392583,0.5513532008291112,0.513804414351842,0.43127257107227623,0.514804436154041,0.5293373483233254,0.5140187903976309,0.4909666722992905,0.45851429377890024,0.5515643986135709,0.5884079136845765,0.48530127314013843,0.526475562875316,0.49839661922949785,0.4193645926706868,0.4358653216447874,0.5806766676025749,0.45206254638307225,0.5032889012699664,0.49458273138461023,0.5126920965618693,0.4715313204107645,0.4153634992723345,0.5486195071195454,0.5444966711986948,0.46620145712639277,0.47734925356563984,0.5289172725970546,0.43103579439796513,0.49996672693668764,0.5105055210042123,0.5632544541836831,0.4354283877781381,0.395486077053623,0.492821271066832,0.5681207349733828,0.5920287876811424,0.5116718566666107,0.45314305929889825,0.5097269755948085,0.4550357544359444,0.40638429469061566,0.49441850172138174,0.5232474610158983,0.5068890479541958
2,19599.0,17199.0,,,,,,,,,,,,,,,,,,,,,,,,,,,,,,,,,,,,,,,,,,,,,,,,,,,,,,,,,,
3,23639.0,20159.0,,,,,,,,,,,,,,,,,,,,,,,,,,,,,,,,,,,,,,,,,,,,,,,,,,,,,,,,,,
4,26359.0,23959.0,0.4445628770226937,0.474534180710118,0.5215150942356842,0.4854757612897918,0.5174322303662935,0.5702392495969504,0.5465977319344781,0.5009155191202141,0.5946192594525208,0.4745301826125732,0.46270610546601204,0.45815110898054123,0.43142525638864915,0.47500675678782656,0.42069845584830035,0.47579761238604756,0.5204427082235111,0.45486240805748834,0.5243232525381809,0.4635135323572636,0.4999931299476029,0.5056469043087909,0.4194969234428233,0.492541881492698,0.5099972217271626,0.5209268643575786,0.46297628119865236,0.45769771767696765,0.4923815201047289,0.5325962187954599,0.4789293031457239,0.44694988082994397,0.5443399248355831,0.5472636075621469,0.525200297441082,0.5767369090597833,0.48711244970838286,0.4807575537837278,0.5439472195913927,0.5212383767095774,0.47849860935912336,0.5025385665709503,0.5211434721315572,0.45765260850991274,0.5251954484913636,0.48944742470387004,0.5181383957247864,0.48647003096627356,0.5241658756947843,0.5137859798346727,0.5282739363212527,0.48910146793317233,0.49338592075190063,0.5643251620021774,0.5531668125065089,0.5184863759433941,0.5073518197932365,0.5825457871181605
5,51119.0,49719.0,,,,,,,,,,,,,,,,,,,,,,,,,,,,,,,,,,,,,,,,,,,,,,,,,,,,,,,,,,
6,52719.0,49599.0,,,,,,,,,,,,,,,,,,,,,,,,,,,,,,,,,,,,,,,,,,,,,,,,,,,,,,,,,,
7,39959.0,36279.0,,,,,,,,,,,,,,,,,,,,,,,,,,,,,,,,,,,,,,,,,,,,,,,,,,,,,,,,,,
8,47879.0,40039.0,0.47119073562898556,0.46217955885180234,0.5448063040792787,0.488576956180741,0.5532062124779774,0.5150356950488482,0.4391279718842099,0.46019795369540584,0.46117209489028965,0.4972714385603356,0.5085280619881297,0.47681352025431023,0.46104200235169907,0.5609134549862699,0.5756545170893363,0.5106250438684206,0.5544397127613121,0.4775190678535736,0.5475941454093826,0.48547929760493935,0.5157877151837787,0.5085978758047683,0.5056100922781754,0.49270618529399146,0.4931610608829983,0.4223701431745117,0.49287129023201465,0.47715683775948137,0.4202766436243088,0.4675865585348198,0.5030049086424334,0.5005675997983123,0.48370761604548734,0.4276726539304713,0.5407655907272138,0.51006071174026,0.503279319918565,0.5596439209906198,0.5230083927063099,0.5142301610938506,0.5061483439064873,0.5033929586712097,0.492479228500549,0.5395923658700219,0.46295192076092256,0.49151544067872843,0.4745830858179276,0.5060684683983907,0.47406837656907796,0.5091403185752823,0.4705962892811742,0.4995181126641532,0.4788905757564586,0.47680990274282553,0.5300306286780504,0.5342014677111073,0.5033953312636554,0.47624602047113646
9,52719.0,49599.0,,,,,,,,,,,,,,,,,,,,,,,,,,,,,,,,,,,,,,,,,,,,,,,,,,,,,,,,,,
10,51999.0,49559.0,0.5186941509317218,0.49371243251062263,0.5356207547702474,0.526478580251759,0.5133174359814303,0.48418039608278285,0.5481541005973837,0.43917353284380933,0.45425196916442895,0.4753826986631356,0.48122939210899396,0.49456772143599825,0.5254477114529372,0.5468736639515037,0.5082202044036929,0.4847048413431782,0.5078223804120243,0.4797203000583753,0.5015947009393431,0.4770854298667469,0.5190177472566736,0.50826983979593,0.5143515940045543,0.4886936475107632,0.4880505881736476,0.4642369108608758,0.5219867359581586,0.6006821534746658,0.5274183373991246,0.5716596193713129,0.5186000593551507,0.530996198915373,0.4988976856518154,0.44329645978547677,0.43508988791893793,0.5908408080181815,0.5185114550901547,0.5547658839067132,0.47782555533136384,0.4871446094387711,0.5172897289883508,0.5027866238899381,0.5352389225338423,0.5763401323820752,0.401576130826427,0.5559149525893524,0.504671023880593,0.5731162107067075,0.4693649113306665,0.48572780501434987,0.5713963149096992,0.5020180247037525,0.4732495151209173,0.46712950519808044,0.616405142049441,0.5254200459767451,0.5077555024460142,0.5088658343095801
11,62639.0,62559.0,,,,,,,,,,,,,,,,,,,,,,,,,,,,,,,,,,,,,,,,,,,,,,,,,,,,,,,,,,
12,62639.0,62559.0,,,,,,,,,,,,,,,,,,,,,,,,,,,,,,,,,,,,,,,,,,,,,,,,,,,,,,,,,,
13,67199.0,60359.0,,,,,,,,,,,,,,,,,,,,,,,,,,,,,,,,,,,,,,,,,,,,,,,,,,,,,,,,,,
14,67879.0,65559.0,0.5122728470528842,0.48511157130664045,0.5491228657416792,0.4520789654307578,0.4598543382228052,0.5618466376441995,0.5115084390861835,0.4821508696101532,0.48776669475927564,0.5343336158096144,0.5777988424006191,0.5005710056798172,0.5469026524195864,0.4553353787797527,0.4300398576800642,0.5021602705254996,0.563097006882678,0.5204505828601517,0.5792766347958467,0.5052809705215168,0.5006020226343592,0.48161747360795093,0.47641682666948587,0.5401639876624386,0.5259601860561742,0.5837382258969741,0.5440916635253387,0.48700958021985363,0.5970851375857967,0.4907976285869401,0.46004915875358265,0.552592862892885,0.612507751462415,0.4836616814170024,0.565715786853011,0.5600984626506901,0.4865817748416474,0.5781436328023211,0.5082700509517329,0.5135975033603625,0.5036127971834166,0.6012862655292153,0.5347306398200107,0.5432627704807169,0.4014451153621016,0.4664825631664525,0.3860257985045197,0.37322912824209326,0.45814430979146586,0.4077115251471758,0.5219347819981643,0.46637628706325873,0.5030088226535211,0.5086450177579476,0.4943430873620695,0.49572761214811806,0.48872763038050426,0.5598991310072031
15,83159.0,71919.0,,,,,,,,,,,,,,,,,,,,,,,,,,,,,,,,,,,,,,,,,,,,,,,,,,,,,,,,,,
16,85799.0,71959.0,0.5230728715378157,0.4962807346203599,0.43106151090302774,0.5648833899355371,0.5713954364342171,0.5397464124985217,0.5211313962100543,0.5466949933192473,0.47231547502008014,0.479507475445871,0.499904749672438,0.4696593818228156,0.5419100534405219,0.5415912452156635,0.4383048205761981,0.5254747428047013,0.513788053498705,0.47081496007725054,0.4939787292848826,0.494854641379025,0.5111841639005521,0.48300624794541797,0.5064419678397316,0.5164203777350946,0.41668406512807077,0.4535864325425528,0.5234351739180995,0.48883086776044554,0.4889552495287234,0.4937115414198461,0.44961214789681614,0.5228158864854957,0.551934860474844,0.45828049792608033,0.4575338906670992,0.4162447455935253,0.41017536213537054,0.4747651338003745,0.40552126805646616,0.4277111228251712,0.4462121344870058,0.45375737776208214,0.4708342883309756,0.4778392380033679,0.4040394312539309,0.4811248289867701,0.5150269816388299,0.5701315915015368,0.501206103658325,0.4267553583314556,0.5810911470748241,0.4915228788914437,0.5656107200284303,0.44789842147849074,0.41530415087311556,0.49509958362381196,0.43534145679589586,0.5069964801361438
17,92759.0,88279.0,,,,,,,,,,,,,,,,,,,,,,,,,,,,,,,,,,,,,,,,,,,,,,,,,,,,,,,,,,
18,83159.0,84359.0,0.4787424970176552,0.48081266890692864,0.5273410951466844,0.4506569537802117,0.46909091994211966,0.5684839312533151,0.5689543201717586,0.46462832454334596,0.528384961907318,0.4968460663909958,0.5002257063061274,0.5032632755934793,0.512158473663884,0.5100633047541808,0.5106599820753657,0.5344696664494509,0.5696409744677242,0.5032626934734238,0.47838106340204545,0.4636615598465564,0.47689657753748793,0.5129314268935805,0.5367299127226122,0.4059508602417075,0.4302312424323568,0.4357041397426425,0.5241358408329968,0.45034555000231186,0.4733194442083707,0.45693638938417797,0.5583135154027067,0.4525888764758027,0.500143136096088,0.47347560901387425,0.4119847337973038,0.491400132151681,0.44893373606336895,0.47244565053556226,0.5900360432064536,0.5209222027865027,0.48512090702707705,0.49393856691246163,0.4914465332008775,0.5239627648808466,0.4038747178999914,0.5413471695760662,0.49173103345800867,0.45777114786500106,0.4635639093405818,0.40182517650442595,0.4141608756647984,0.4114335598122654,0.37182862178206716,0.42333082285367474,0.4347579679275431,0.4192585442903193,0.410857111412669,0.518082259448424
19,92639.0,85599.0,,,,,,,,,,,,,,,,,,,,,,,,,,,,,,,,,,,,,,,,,,,,,,,,,,,,,,,,,,
20,92759.0,88279.0,0.43166879594422064,0.5377916645568632,0.4872427237891882,0.4579126708896963,0.4572866946854455,0.49380301614242206,0.47619242752417573,0.5335518836658856,0.4741416089585254,0.4927341175685433,0.4767637405763474,0.4147873257849973,0.5290220922445632,0.48783724628758157,0.49723769685562924,0.4889236555230151,0.49793272122253845,0.5312414238150462,0.5002608434506893,0.45278816606335454,0.4581453819712558,0.5041998645651756,0.5413335465654736,0.44507920097766984,0.44065515440000286,0.5074509215272409,0.5168093507969738,0.4888208615928556,0.5097883973235828,0.48234360902331075,0.47355336909221346,0.47033987955379797,0.5163172059505498,0.49784843643949667,0.4110889206651034,0.47329124365241476,0.49168322820634086,0.43869130917773186,0.45072364438202084,0.4857973945337474,0.4838151561585397,0.39634036576198933,0.5010331353883427,0.4654318882959873,0.46335247304356153,0.4784206676534597,0.5115392919254718,0.5263241001828382,0.48177804619243264,0.41829720404105486,0.47073795359192233,0.46485910371062955,0.48343719415888053,0.49408461053109387,0.4778445273912145,0.4729875938350794,0.4576794956549191,0.44354518188975905
21,97039.0,95159.0,0.5481177192676973,0.4873790750114681,0.47272013375657623,0.5185376662675316,0.45518833300579226,0.4795417842985472,0.5480280061020985,0.49470579935745906,0.5431639286097347,0.4624340733046431,0.4962857924872541,0.5282557325821295,0.5539980855782898,0.5435371104395924,0.5150428231757797,0.5201093483470487,0.5127310941715528,0.5371245389701537,0.5280051552015225,0.48692058575164116,0.4631980405311782,0.49875475938031755,0.4522719230115186,0.44827721413573274,0.5323639863713672,0.43809902310164467,0.4795039213390664,0.43154693674827155,0.48716467245874007,0.41020856922940996,0.5227091343847337,0.49729961100183445,0.4623839933410264,0.4620598073302039,0.47171492264794507,0.6439352075219777,0.48654011642569367,0.654672669291138,0.5751156423378376,0.7082264173626992,0.4662245698064517,0.4365952010806004,0.49639838208580983,0.5002927100209287,0.4663138063384463,0.5659725507392759,0.5961752493508566,0.538521283164613,0.6255152613173063,0.6286931614165066,0.511832223184584,0.4947837015451801,0.5168262584707949,0.5028190192861446,0.5489275806710563,0.590545880100708,0.6043608896813215,0.553424333875182
22,127839.0,124279.0,,,,,,,,,,,,,,,,,,,,,,,,,,,,,,,,,,,,,,,,,,,,,,,,,,,,,,,,,,
23,127839.0,124279.0,,,,,,,,,,,,,,,,,,,,,,,,,,,,,,,,,,,,,,,,,,,,,,,,,,,,,,,,,,
24,108759.0,104399.0,,,,,,,,,,,,,,,,,,,,,,,,,,,,,,,,,,,,,,,,,,,,,,,,,,,,,,,,,,
25,111959.0,109559.0,0.49898382250391343,0.5543915109729154,0.5031253140441241,0.4937540272744955,0.4924075097236737,0.449678808686566,0.473279181638536,0.43916017489601183,0.5419226658681863,0.559414555348822,0.5408317109795016,0.5487410181678629,0.48425997909509644,0.4529211048220431,0.4995520572914112,0.5457820130185921,0.49512396180196144,0.5048151890163918,0.6110826311919602,0.4949969052029847,0.59818339799337,0.5500731822015094,0.5763707768487831,0.5830499454121904,0.48957163504399215,0.4939237026166142,0.4902808758822405,0.5184540979493674,0.47731995916645137,0.48835513435029554,0.45510054674011474,0.5385193835137578,0.49087922060043265,0.5281643467576916,0.48131042845447014,0.5819537672077257,0.4818003227314426,0.43726328471955433,0.4793519137999664,0.42343186229574625,0.41053212465651584,0.4597633235851528,0.4286483386462776,0.445303194925937,0.5305623819643251,0.42129124947601126,0.48803239465529175,0.5275722441468973,0.5026665905836804,0.4971569565364593,0.43980224878860696,0.45723818758039697,0.4406758418413388,0.5462109230286235,0.3887540011810869,0.5237842411685267,0.4932969518726989,0.499724707652832
26,116359.0,114119.0,,,,,,,,,,,,,,,,,,,,,,,,,,,,,,,,,,,,,,,,,,,,,,,,,,,,,,,,,,
27,119679.0,116519.0,,,,,,,,,,,,,,,,,,,,,,,,,,,,,,,,,,,,,,,,,,,,,,,,,,,,,,,,,,
28,123519.0,120119.0,0.5304685665656236,0.48695995652417906,0.5231412364276814,0.5766712206627035,0.4636884271687168,0.5775002807584294,0.3888386913424831,0.4456503305536112,0.4423923167852139,0.5335717215136173,0.4677085986072716,0.5565094618648911,0.47409502661792474,0.44715246588992563,0.4284938740938865,0.49997896632650035,0.5249033854734891,0.4424165766401805,0.5427640356871948,0.4597439714067285,0.5115623173881685,0.49336569165779237,0.48271220846353535,0.5434807261673769,0.541067884733555,0.5556594700187103,0.571182810584181,0.47250294961132633,0.46408121768281346,0.48583245916773854,0.5016780727820668,0.4052986567688931,0.46633321701641617,0.5012200933750472,0.4914147680660602,0.559933500356617,0.5153943237288852,0.4641432941069553,0.45491986610116764,0.4694972672685364,0.5069082537663371,0.5160948578203337,0.4553199386803158,0.5156313593529273,0.4885414411815422,0.5702217562374764,0.458776074831008,0.5358498778217982,0.5086204798136605,0.46922510962739966,0.48628612932289267,0.5262418898797944,0.5258974333304135,0.5460606724161547,0.5525291413160266,0.48169628610049686,0.48756738960452894,0.45465018867069745
29,133039.0,128359.0,,,,,,,,,,,,,,,,,,,,,,,,,,,,,,,,,,,,,,,,,,,,,,,,,,,,,,,,,,
30,133039.0,128359.0,0.501531253395227,0.47571998744512756,0.5009388193376555,0.4459496861210466,0.4614961567873297,0.5338264901535358,0.4889005055707017,0.5698596904276588,0.4939956941534941,0.41922735611619855,0.540833633055675,0.5254093468455935,0.4705218082673638,0.4548325070175097,0.3864352714753405,0.5191945738343253,0.44930466839224553,0.5026979048756713,0.5295126980157976,0.5296900147464266,0.5069356968338014,0.452153252396896,0.4310654709480203,0.5766973665988844,0.45004510224218874,0.4994465067928232,0.5036204181859022,0.5245584782439174,0.4630072536259365,0.47761340318325207,0.4045904183921652,0.48884658896355593,0.45322184242359265,0.5097215218999513,0.5722329332497631,0.5176845974838539,0.47587150817247664,0.5477591813132691,0.44051953922109083,0.5820971264385101,0.5402788562485149,0.4585246514592002,0.39449960806388484,0.4837813913627112,0.4700255673314372,0.46101834435316563,0.5160871150165459,0.472373685664329,0.5534084107086545,0.587959720531728,0.48884762091505524,0.5101135464182528,0.5747783585696382,0.4351036970382036,0.5602808448582981,0.5593880890599293,0.5441279802054579,0.5034523228298675
31,141959.0,157199.0,0.5112456048680435,0.5500661596171705,0.5115869463847675,0.5078438005302485,0.5267683862803593,0.4932733531711989,0.4662633230827296,0.555475804780891,0.5123679762875423,0.5001211895309362,0.4862238169519934,0.5730901875217026,0.4927451408571262,0.4061383402503628,0.4319552693561825,0.4957871375140373,0.4587298507579173,0.49829415243181785,0.5077427545572586,0.4669700285970653,0.49785223951538227,0.5499279856949234,0.5045587473096486,0.5521743418812965,0.525828561967708,0.5269326258415095,0.5319590369864572,0.48721299919524824,0.4637476859000256,0.5801603165236432,0.507619806578285,0.47968879989108343,0.520630859437446,0.49603960193490326,0.436634301144703,0.5987659278241441,0.49908021340452313,0.5386825255845079,0.47535284202833866,0.5877172420266153,0.5679722782212173,0.5043762926146922,0.528266187631307,0.47997875754808655,0.41480881745788495,0.4769052168954885,0.47555502464497135,0.5052434328108364,0.470743908060363,0.4194057821686106,0.46380358247215847,0.3972554129674469,0.4555772853077008,0.4413061009465326,0.43071126913928026,0.337742921518423,0.3920604645336718,0.37156615796465475
32,141959.0,157199.0,0.5112456048680435,0.5500661596171705,0.5115869463847675,0.5078438005302485,0.5267683862803593,0.4932733531711989,0.4662633230827296,0.555475804780891,0.5123679762875423,0.5001211895309362,0.4862238169519934,0.5730901875217026,0.4927451408571262,0.4061383402503628,0.4319552693561825,0.4957871375140373,0.4587298507579173,0.49829415243181785,0.5077427545572586,0.4669700285970653,0.49785223951538227,0.5499279856949234,0.5045587473096486,0.5521743418812965,0.525828561967708,0.5269326258415095,0.5319590369864572,0.48721299919524824,0.4637476859000256,0.5801603165236432,0.507619806578285,0.47968879989108343,0.520630859437446,0.49603960193490326,0.436634301144703,0.5987659278241441,0.49908021340452313,0.5386825255845079,0.47535284202833866,0.5877172420266153,0.5679722782212173,0.5043762926146922,0.528266187631307,0.47997875754808655,0.41480881745788495,0.4769052168954885,0.47555502464497135,0.5052434328108364,0.470743908060363,0.4194057821686106,0.46380358247215847,0.3972554129674469,0.4555772853077008,0.4413061009465326,0.43071126913928026,0.337742921518423,0.3920604645336718,0.37156615796465475
33,141959.0,157199.0,0.5211339656450055,0.49554256558222926,0.507074094077422,0.5026827706602512,0.4590890200534068,0.541003401451425,0.5507369334612723,0.5367058348204375,0.4436830422455653,0.5462212560947314,0.5347557919411309,0.5039964400669825,0.46785262694510427,0.5097346806480969,0.5334527554715883,0.5669964747297279,0.5055210159401445,0.45029401507395017,0.567068004796928,0.49667838258362684,0.5491358894153645,0.5457051713138992,0.5390886615515431,0.467660773614712,0.4762354903013814,0.46515562872517835,0.4843435324984049,0.4889673495562296,0.5338399010299915,0.5189264182580009,0.5582463490996669,0.49963539040215604,0.5509778688647506,0.5464964524371502,0.521369497903576,0.5359109874516311,0.49893073864613907,0.5236272894280903,0.5213306408544323,0.5509044849023654,0.4285879685350279,0.484242922082888,0.527218823077063,0.5241914423679342,0.5406061997930468,0.42843987745341916,0.49692900930302947,0.49543588185871523,0.4974549555615458,0.5250057748868014,0.4440018993522646,0.4253420446014795,0.41020670830243716,0.5012412883886225,0.5134231965702626,0.4560507824957214,0.47810258380278337,0.4499871329759751
34,152079.0,145279.0,0.523168045606462,0.4481302466812565,0.47292524429661204,0.5548488671723028,0.4453985316511493,0.5201799536701036,0.5174777962116769,0.47832720327187345,0.5157623990584733,0.531861252920922,0.5150211566509628,0.5049038368407051,0.4784443257965553,0.4747118452675185,0.48389367746520107,0.4973621854854143,0.520282393925477,0.5514117863112759,0.5104192786214116,0.4856808651725556,0.5361688125850037,0.47614858010679434,0.49438419747792894,0.5085554252215078,0.5437190815130722,0.5243602301216683,0.503565191341874,0.5313544923549224,0.4591216965009032,0.4799655684294945,0.5062467655346683,0.48397431618946496,0.4454287493691095,0.410118306973312,0.4452983568988971,0.4668958229039766,0.5427451753266901,0.5843691789567809,0.4808908079174436,0.48297512976863277,0.6101677315793708,0.5563671207328433,0.465190940023952,0.5308555660827898,0.43726739210935456,0.3943496286706752,0.42393256685743724,0.47538320202515444,0.47786396382271273,0.3983837293164098,0.45482180031015307,0.40543084554297315,0.4630932076010547,0.4599530278670181,0.4649235457597757,0.46195422958977783,0.42494693385199644,0.44181659670315737
35,152079.0,160959.0,,,,,,,,,,,,,,,,,,,,,,,,,,,,,,,,,,,,,,,,,,,,,,,,,,,,,,,,,,
36,155519.0,152079.0,0.49947184372241954,0.4598036480032638,0.46603092701955223,0.552312166735565,0.4445056227477765,0.5603545395730546,0.5228394759988401,0.4873955335466207,0.5042711381202839,0.5438436318546755,0.5377168167904838,0.49392925866853993,0.5130159611525644,0.46899499426651986,0.4954238034536856,0.46131751073055355,0.5302076891322279,0.5304113109220806,0.4916435314843663,0.5003840024003979,0.5064831890194439,0.4701838131990574,0.4681167698651962,0.5379135906029188,0.5487915517045713,0.5143209997267288,0.4691422347795662,0.5168666528477168,0.49119653174859146,0.4445138800537522,0.5103538740773769,0.48860920067306884,0.4529428927487901,0.4277830556838123,0.4442923903334646,0.4992058938278131,0.5391788397568988,0.5553174829276448,0.4711977132882875,0.444765242954322,0.5948496622943271,0.5335373712514548,0.4631549052339732,0.5073097600708263,0.42671168114872965,0.43044833746849304,0.46289803156179776,0.45554722519631186,0.42862009042891164,0.4063196165021211,0.47242275948300555,0.40659564521558367,0.45984099713807225,0.4743566473744379,0.4276843965024988,0.4435354264519323,0.4552351430167019,0.44741136136853915
37,160679.0,157199.0,0.48670273379995954,0.5536335611142889,0.4817293615776821,0.52689593601887,0.48093159123870227,0.5257463611091566,0.5196587256858061,0.5126434240627896,0.5109268631190397,0.4844706983861571,0.4926760567033598,0.4752297767237843,0.5790117168690678,0.4504486538220981,0.4324370179979554,0.5483771341462156,0.5267463487957011,0.5737808586327358,0.5431059393304323,0.5215911908047275,0.4685876352466644,0.5109945666546402,0.4259418077114479,0.5121789141712986,0.5152248314924417,0.4501245369685882,0.4850198781020473,0.4928751122513481,0.5198202461629781,0.4669347918915656,0.44210457211883086,0.5659245916753436,0.5097178375408484,0.5055668856032381,0.5324332560504103,0.5943344185639224,0.4387428395354075,0.5220258281569766,0.525466687099155,0.5673769886432319,0.41439622627027894,0.4616554672007719,0.41329817249900497,0.524043006997895,0.5183707918572397,0.5447401965661329,0.4811301508592289,0.46828841962811846,0.5778581166978823,0.60732347873577,0.4491990916616309,0.3936369403201658,0.461779719938408,0.43986773429836235,0.5172266155695916,0.4917907464441255,0.5954590454117639,0.5119430138502323
38,172599.0,166239.0,,,,,,,,,,,,,,,,,,,,,,,,,,,,,,,,,,,,,,,,,,,,,,,,,,,,,,,,,,
39,190039.0,164879.0,,,,,,,,,,,,,,,,,,,,,,,,,,,,,,,,,,,,,,,,,,,,,,,,,,,,,,,,,,
40,197959.0,168079.0,,,,,,,,,,,,,,,,,,,,,,,,,,,,,,,,,,,,,,,,,,,,,,,,,,,,,,,,,,
41,197959.0,192159.0,,,,,,,,,,,,,,,,,,,,,,,,,,,,,,,,,,,,,,,,,,,,,,,,,,,,,,,,,,
42,185519.0,175959.0,0.5009593984967007,0.48933762758963845,0.5292633096196178,0.430230713511128,0.4495723107049973,0.4853991804436955,0.4360533573683428,0.5561792771376115,0.4919819079307358,0.476118131178606,0.5628344976844046,0.48829190182059956,0.4823796761976607,0.45654399207675456,0.4038034484882336,0.550763802334792,0.5389673800241666,0.503117391076081,0.5080011440739891,0.42793154896973185,0.49670880008408375,0.5629396654042008,0.5076760112958595,0.5121947351466937,0.46916166109069385,0.45735869588217826,0.5200115165640259,0.48840322258323166,0.5080544452394679,0.5418171222426377,0.5092599103223537,0.48215362674124385,0.4710646506717065,0.4446721989820608,0.45566570928642275,0.4150360323531429,0.4726198837442342,0.4667882462338313,0.5134558144668465,0.40826869108390995,0.5348273779615634,0.4597459387105295,0.4656176300590102,0.4275554494511127,0.5654968148655064,0.42838208602099476,0.5385211919956292,0.3791715195465798,0.37138439680073504,0.3775567548394541,0.4060265380891014,0.4506845039524758,0.44383138363940194,0.5084638448101202,0.3848402751551985,0.3720544116693061,0.3658001404765923,0.4644706183216987
43,191919.0,187879.0,,,,,,,,,,,,,,,,,,,,,,,,,,,,,,,,,,,,,,,,,,,,,,,,,,,,,,,,,,
44,197959.0,192159.0,,,,,,,,,,,,,,,,,,,,,,,,,,,,,,,,,,,,,,,,,,,,,,,,,,,,,,,,,,
45,191919.0,187839.0,0.48342098575202935,0.516311011279159,0.5308351532062328,0.4883183488211498,0.5165353956762075,0.45540692610005223,0.41920705278221104,0.45677126844536475,0.4354214076960938,0.4833227243065541,0.5474141061252994,0.49543503995697574,0.5557227632982835,0.46971807189404075,0.5147581208721561,0.4995617322826716,0.5079899901760433,0.5104387174344406,0.4961123465744697,0.4460873669811006,0.5182210061964105,0.46759962720769355,0.48213989557538534,0.5467390627512186,0.5734330331090521,0.4555703000814904,0.510243622078227,0.4308509815446934,0.5410167527080986,0.4649925538671499,0.5422518163876999,0.5240194899410624,0.509243377220173,0.47013879469252084,0.47423173969059057,0.5298724238092684,0.5839549582074669,0.4794155607110793,0.5050120301019149,0.5251407371685127,0.4684620778313877,0.5379849221712202,0.47283407327702665,0.4631464421618884,0.45260579145418856,0.45900741114763516,0.48437774487965296,0.4477471211518269,0.508978830138663,0.5949607758283217,0.5142799519081095,0.5378322088493399,0.47360187764851014,0.5183755803772572,0.470729777958392,0.5293114644392232,0.5276011336655341,0.5301355198935274
46,222519.0,216959.0,,,,,,,,,,,,,,,,,,,,,,,,,,,,,,,,,,,,,,,,,,,,,,,,,,,,,,,,,,
47,222519.0,216959.0,,,,,,,,,,,,,,,,,,,,,,,,,,,,,,,,,,,,,,,,,,,,,,,,,,,,,,,,,,
48,217439.0,216039.0,,,,,,,,,,,,,,,,,,,,,,,,,,,,,,,,,,,,,,,,,,,,,,,,,,,,,,,,,,
49,211759.0,203759.0,0.5353300557065359,0.4978902333474563,0.5130047985228251,0.5621552361740761,0.4311919716445042,0.46435903255467215,0.48798079552651014,0.5366794830104012,0.48684087578776236,0.4714217569661534,0.4992337440487652,0.48973179124698296,0.559803216938026,0.45059857671047227,0.40319585431265303,0.495181631338596,0.5119756484723023,0.4633236555348525,0.5371947181915218,0.5178573979708819,0.5581844312189344,0.5168695887603573,0.4912464713396701,0.5299495046100082,0.4679342879679705,0.46694598381716407,0.45214287087776206,0.505773944501997,0.5245534715753261,0.511120839322488,0.4945596197326645,0.48407285605917294,0.49129278219598854,0.471371077607788,0.4668426935821092,0.5227112229510708,0.522287234915233,0.5721693834942545,0.47135289370517436,0.4767183448900938,0.5324614952673855,0.5314873089025742,0.6211927158506225,0.4947558423828321,0.4418795559265532,0.5081427375662393,0.50867815603534,0.5239072224527247,0.5363155975220595,0.5470482164282321,0.39448547686461644,0.4768090848354849,0.5466107841415947,0.5060028201575767,0.5247867661582809,0.5742484099182975,0.5298384566917645,0.5087725850936147
50,211759.0,236359.0,0.5556672861316729,0.5485770501991428,0.47411552088976167,0.48528599262920424,0.5119356239008499,0.4721360122095961,0.5020963425324221,0.49359574204046697,0.4955201906214225,0.4925907346875015,0.5160099100113343,0.507926555328037,0.4603049573120035,0.5101080495736884,0.43649481775172866,0.49569427110346503,0.5417785529781611,0.544483783338457,0.4910889416810261,0.48601116376365067,0.5153686594170451,0.4911519066106436,0.5029209436780658,0.4748835532004957,0.4854226128306274,0.49471315732897325,0.5287201765610773,0.41053165897396926,0.514505910531368,0.471208982806419,0.5110987595474998,0.5267137426160649,0.4783001196603646,0.47453417929546937,0.52744400212876,0.5105462263321351,0.5184409105056214,0.5672449467665323,0.46674708001164283,0.5207511140410986,0.5136583966682409,0.4652477460276312,0.4389378678646481,0.5549929177530869,0.4696710602725153,0.500989079017438,0.48664948760681603,0.5446657806716915,0.5423358615268916,0.528573964929712,0.535905793724589,0.5376011974364798,0.4664922674780746,0.5690182977812965,0.586181662714813,0.5356465357841782,0.5556650650800612,0.5039896991177645
51,217439.0,216039.0,,,,,,,,,,,,,,,,,,,,,,,,,,,,,,,,,,,,,,,,,,,,,,,,,,,,,,,,,,
52,217399.0,217399.0,0.5335947734806047,0.4967170053733247,0.4892170176011062,0.5093861181751529,0.48274877873142896,0.5041429379184266,0.5426787458010537,0.4894661345566213,0.5343932353946439,0.45353177642219444,0.4760377639116607,0.49127419682386897,0.5121480700531823,0.4292061582953843,0.43582294844825703,0.5960756175991238,0.5480562091498632,0.49855101509415034,0.5000162800571759,0.49820919418198945,0.5178925490275116,0.5085949219657571,0.5246216963305439,0.4631054590026316,0.484593275428069,0.5159152272634667,0.5242006647049886,0.44753186887854435,0.4575459293663265,0.4628794686004297,0.5482218781360503,0.5337775349207438,0.4608372934323753,0.4907849295602727,0.47046264320833053,0.555882790586172,0.4653429915629847,0.45976454455638477,0.4628171984414946,0.5321218402528284,0.48821177610678584,0.44414399787341113,0.5351550886560943,0.5334038372736395,0.4465289055602454,0.43043512382579424,0.4424305816275098,0.46329190092251504,0.47795739626786765,0.5313142449386579,0.5292655147874253,0.46739135876095317,0.49156994978763013,0.4688625457524714,0.42285105549316254,0.4577876556624558,0.4852428630608518,0.5396734381452508
53,223359.0,223359.0,,,,,,,,,,,,,,,,,,,,,,,,,,,,,,,,,,,,,,,,,,,,,,,,,,,,,,,,,,
54,230999.0,223359.0,0.5434524386574998,0.4939913550685318,0.43515673014257905,0.4378978770239669,0.46739807533088573,0.5212656795361666,0.5393966368079226,0.515012089989949,0.5289189450824311,0.5384166810124986,0.5491124293515192,0.4968597818855238,0.4658470824431233,0.6121199866527426,0.46021019573319744,0.47051558056102094,0.5424757918856242,0.5163268332449821,0.5289908670428716,0.5493280783360971,0.4760099680902825,0.47686138717000487,0.46447391666326365,0.4846083300466595,0.5030252047250395,0.4737891380257159,0.5195993480838961,0.45931762901592965,0.47997191431417363,0.48333066770937877,0.5149879713223589,0.4844386350686571,0.497372395837524,0.5368735044966964,0.41571926723022856,0.5982415167401484,0.5190063347560826,0.4905996481055071,0.5033039260316468,0.4461672893299587,0.49960835618047567,0.4997718846710158,0.547704607811394,0.5339567019201568,0.4888378393233333,0.3818882687360288,0.5573947014252474,0.4903764409839197,0.506058675563488,0.4529116437438553,0.4556334039737012,0.4633255210582465,0.43325076784619115,0.4742440117214995,0.5700687984056608,0.5477158583020739,0.49032314481240863,0.46467923759128166
55,229999.0,232679.0,0.47522360725790314,0.49894763264732683,0.48451241417007385,0.5645125603682936,0.4398729185164258,0.5479323661091593,0.4988699798761912,0.4939117759468243,0.49977191217193373,0.5068484333942802,0.5231756897357365,0.5394890318330733,0.44104730941267345,0.5284666296852554,0.47415322309975255,0.4764346794275738,0.546506906149548,0.482082037475464,0.512307124284798,0.5182495259684401,0.4683295179393641,0.4679560306209473,0.4823783105625169,0.5138010049173491,0.4969866408221664,0.53062607031036,0.43001499139568955,0.4595670111853753,0.5497872969602651,0.5137738339368388,0.5108452681395411,0.4934802814537149,0.543609989329566,0.5321011334888305,0.4093734419939997,0.4639966815542569,0.4944190957692157,0.5183804297718752,0.4982065564586249,0.5368414670768644,0.5363084083718507,0.5858128384430478,0.563452310094501,0.5848219438747991,0.38913778699486873,0.675509920187945,0.515617795369959,0.5058608023204566,0.3623167288635674,0.5192062811849607,0.5295160963759825,0.5375039590217505,0.4857836549503397,0.5232168418364193,0.5138447948583094,0.46469678603053216,0.4378512066983296,0.5162473331025104
56,250639.0,240559.0,,,,,,,,,,,,,,,,,,,,,,,,,,,,,,,,,,,,,,,,,,,,,,,,,,,,,,,,,,
57,240559.0,236359.0,,,,,,,,,,,,,,,,,,,,,,,,,,,,,,,,,,,,,,,,,,,,,,,,,,,,,,,,,,
58,250639.0,240559.0,0.53054526459692,0.44677400645433085,0.5028064888254226,0.48226052392459395,0.5092603387013713,0.4869480918381817,0.49184199058832606,0.534246473228204,0.5163615766582508,0.48579175275222614,0.5131117058153216,0.400835628172329,0.47541816894656846,0.5066808500138633,0.44691179225517524,0.5285847286989687,0.49290200377872767,0.42445403568593587,0.5100350474297374,0.4659696241086045,0.5192506824141393,0.45630326311766045,0.49231813334809155,0.5431563382845181,0.4530613433113807,0.5107427727033904,0.5191001197758837,0.4969041263690469,0.49917060203464947,0.5471771221869761,0.554275964793351,0.4559681559911346,0.5296222132136561,0.5068084092965209,0.46304090006701426,0.5288608333834796,0.4222446486452019,0.5007008325243473,0.4586092438667576,0.46013855507454987,0.5463841405704869,0.5659491337500501,0.5373169145207557,0.4961422844248401,0.458235021017336,0.5417064305149341,0.4943346029506476,0.4268164105357608,0.4676107095301762,0.4947251942310474,0.4570955613770326,0.498320198633768,0.4755518289762029,0.4768763892709934,0.44420518256680575,0.42893613861035534,0.47690683274378937,0.4926597367486778
59,256439.0,254599.0,,,,,,,,,,,,,,,,,,,,,,,,,,,,,,,,,,,,,,,,,,,,,,,,,,,,,,,,,,
60,250639.0,254599.0,0.4972333863185621,0.4231282866751015,0.4973516753210735,0.4587484592668257,0.5108592433704514,0.5074691613669925,0.5162045639796883,0.504604953699044,0.4981306616709235,0.452213708915714,0.5005022225545999,0.4228192244262591,0.457530671783757,0.4959535961493545,0.4418324271758101,0.5008804424859626,0.522688818578552,0.44266882701261534,0.5209711627788385,0.44490934814636773,0.49474194264262433,0.4642777447763527,0.47031239670781433,0.5408552516146695,0.4442560820764519,0.5068588661996124,0.5013089205330714,0.47261875815199267,0.4554023271808484,0.5115167165432917,0.5844195037583433,0.47563781695930946,0.48307418223655946,0.5176326736199928,0.47964625420396073,0.5521919987605474,0.44122699608499616,0.5405517093026114,0.4936519789094926,0.5573797606923144,0.5195041578081512,0.5660378216632125,0.5386313190085736,0.49585772968699,0.4569745168156554,0.5398039038999715,0.515233457541989,0.451154229083092,0.5023650141735257,0.49539681400283686,0.41497680522447317,0.4793033168065585,0.4915762650664284,0.45363989661907783,0.5007720718087165,0.47586423838126435,0.46250457719697474,0.4433616386660794
61,256639.0,254399.0,0.5326841173656288,0.4404157964651414,0.5337195988361557,0.48794732407311303,0.4185189257463516,0.5779254104800025,0.546710161711046,0.4531512642397124,0.4292981493955101,0.49471342969983684,0.43245745010193476,0.46687004593653236,0.46160325349738573,0.5550950003549815,0.37401826131259597,0.5209874512944869,0.49849369539375854,0.5129424603229878,0.5129114330827851,0.5176073657690546,0.5343424564521158,0.5033580643696804,0.457672926572166,0.5615047962141706,0.45430637360143616,0.4972784521719082,0.4522583106008895,0.44847154676256146,0.4934904259659504,0.5051753149312499,0.4417596078172187,0.4663942542352498,0.5777142869191321,0.43893425794221275,0.5273936600149826,0.6152159822989856,0.47975266087921453,0.6393934624003803,0.5572308311762881,0.5882298538844869,0.48212334636391185,0.44107659526297405,0.5249880892289324,0.4251129939012941,0.4742842155936682,0.4999751505322784,0.42748412274562514,0.4799302525532406,0.5540434672262622,0.5116756041576909,0.458219491954424,0.47459605283580686,0.4673483118662586,0.42616568154439466,0.49419039097458894,0.5466968970472659,0.5537897636849877,0.5080768053992126
62,262879.0,260559.0,0.5339921571120395,0.5181932592065887,0.5116685016754877,0.5127497162792529,0.4635423046856378,0.5242739736727224,0.5240031156630027,0.5402476959281005,0.5401485849411579,0.5371546285300697,0.5790092457203436,0.46814279839399353,0.5413732270193253,0.52446445761527,0.4905421921151192,0.46156081375356667,0.48353372558001173,0.4566342150581642,0.45756220089234645,0.4742502450643521,0.49642913841538194,0.49884950991355204,0.5177078031971477,0.41605586421776297,0.4641625360338669,0.5231359062342612,0.5859428779830411,0.5063482782340052,0.5186442020142363,0.507892864039457,0.48835157373548804,0.5162498046020141,0.4672466622948454,0.6004343722780081,0.45489537192379337,0.39746805323669077,0.47460872610680027,0.3946040610028714,0.4317160464146187,0.45688496851323024,0.45234142081379974,0.42118862959499026,0.4684132323420227,0.4334171121893163,0.451708635467827,0.523384168576508,0.4733100612257821,0.4584915378608301,0.4209632404151243,0.43256285035168424,0.5071419456902944,0.4832202318678259,0.4981675000633987,0.4855910385119849,0.5573133391131894,0.5160050332519974,0.4095585933717155,0.446754237732063
63,263879.0,280879.0,0.4421237098140889,0.505152074240433,0.3940929018765135,0.544913764800552,0.4905195679049068,0.42370219539538734,0.4937781599996646,0.48307793324309234,0.47526689770487984,0.4829454409268543,0.5296571251860293,0.48549346341357696,0.5205240063843639,0.5147535343401509,0.42027498645021594,0.5448958077031992,0.557358351222909,0.5254622514789643,0.5624831557473998,0.5495565072235968,0.5274165313241194,0.5143842236424333,0.5409533797005678,0.5001965476591687,0.4946591400247263,0.38104899771112377,0.49164397895286416,0.45015054355961703,0.4470263205961708,0.5235061867675421,0.5076989938693076,0.5189008808731912,0.4451224060465142,0.4771576851722393,0.5288330374248037,0.5027967795367114,0.4825168397285959,0.5176867469178938,0.45729500325513717,0.4891103417493776,0.5371271450961836,0.4788934416032081,0.49916977146076874,0.5241497083380235,0.49953207989799825,0.5100615226698064,0.48212234836339957,0.4466394915574036,0.4470793245002188,0.45298449816843916,0.5100875220860689,0.4019850690168153,0.4761362746527264,0.44706419294301253,0.5283168532369903,0.50290094030858,0.5019945269674637,0.37836855482752435
64,267839.0,266439.0,0.561313916760415,0.4971862994278729,0.5919762043016715,0.5350050922886183,0.5108475557235682,0.45888965833170237,0.48102028763210225,0.4743685665773689,0.47914171852788456,0.5250516798101135,0.5391465245216445,0.5462238446672499,0.4657739596704147,0.4882974387737222,0.5215652016613149,0.49382371134923236,0.4866582021069199,0.48535428395649255,0.5602225904211383,0.476478044906879,0.5162690630014236,0.534692417133625,0.47430996586519664,0.4627398889786675,0.5261316723344395,0.5119050687041923,0.46806133560871366,0.4932231731242587,0.5017172804114614,0.5444918638657149,0.5449007986690068,0.5349582577171309,0.5322769703081391,0.51468766202829,0.5115091360607942,0.4945967251858973,0.46875170811882555,0.38842272503941727,0.44714103791587956,0.4959786699230509,0.45719063458873055,0.48011604839900485,0.5252236640470771,0.4603859540752048,0.4776992329709764,0.4387261243534028,0.46034594080577185,0.5344177282422823,0.4421374245017828,0.42980380451108297,0.5264556304490455,0.4598684770113386,0.4407012099589321,0.46536522636064287,0.49544980156956575,0.45671479048976854,0.4765925628567231,0.48166478550285835
65,272199.0,269559.0,,,,,,,,,,,,,,,,,,,,,,,,,,,,,,,,,,,,,,,,,,,,,,,,,,,,,,,,,,
66,274999.0,272439.0,0.4748705160577821,0.48857066650714753,0.4752436145186075,0.5038998452998042,0.46619495333643585,0.475968951412246,0.38601376540417065,0.49408476652460515,0.5071535528546439,0.5365242350647316,0.47717243817395716,0.5123433066543972,0.5378738332537124,0.5419971724309286,0.4534297279903721,0.4442970522078477,0.4459381905483493,0.4286632674939317,0.5021700159689618,0.5374750138132277,0.46035107120562796,0.4694151357431334,0.5370867626583342,0.4970065566667463,0.5028548218619401,0.527610944366492,0.5138484305618606,0.43985988843568113,0.46682284330342116,0.4894347242956467,0.525705179820758,0.5189294242187102,0.4916394536182305,0.5111316207721723,0.4791664580564222,0.444707574486313,0.48525410431386573,0.4716046290866777,0.40337947671421365,0.490624597141082,0.42317276817355065,0.46515615276433553,0.4626486884889924,0.5241282704317265,0.5485887433372387,0.5379222980974291,0.4262032079581541,0.48103779684932957,0.4916157015455821,0.44194997120403345,0.43423651492716747,0.4243560512460263,0.47571247215446394,0.4679325395716113,0.4416957412852708,0.45409074975122565,0.47339650163245334,0.4126000766927287
67,279599.0,276119.0,0.5135111591157926,0.5385599019418904,0.5357505213776834,0.5669702511016015,0.5217172907610353,0.5680465173053966,0.5324350992640372,0.49084073883115364,0.5616072337741448,0.5095671426795971,0.45401642801113007,0.42376390426333094,0.4551100842327441,0.4717255116442206,0.4707678631431441,0.5411222765538825,0.5436601119236413,0.4964279785992028,0.5218178068285004,0.5537595849532146,0.46381311669553626,0.5567514010639824,0.45484704453157515,0.5440124057973349,0.49227843106678,0.4926119870227099,0.4783833352662653,0.48199963942880925,0.5255714918105866,0.4904492906434039,0.47491633740201256,0.49470345121479464,0.5706742508789141,0.5029168082599673,0.5667577088931417,0.5665469489696295,0.4555512404512222,0.5752212401032211,0.4694998821581794,0.4992579818735231,0.4372091475049734,0.5349926043502516,0.4959919463347976,0.4501436787557835,0.436419317635493,0.4819062202999922,0.4979693577619488,0.44956392401774736,0.4354137540789844,0.4750659595832217,0.49611110546369697,0.4663469162216606,0.434917558652297,0.3829482951685427,0.44681239187960126,0.46721473777724737,0.4895457395887859,0.5557048869324053
68,284679.0,280879.0,,,,,,,,,,,,,,,,,,,,,,,,,,,,,,,,,,,,,,,,,,,,,,,,,,,,,,,,,,
69,287519.0,284839.0,0.4707174386271568,0.43808193574600807,0.5105271681689184,0.4587285444934536,0.45682622738036427,0.5397033201021258,0.494229285686887,0.5988553004792557,0.6023212582259027,0.5263007988997671,0.5112414129416889,0.48129233408183614,0.4630872083776224,0.5466957081800776,0.48079004959335186,0.5257433315097501,0.44527042753259216,0.47108875850050785,0.5327507789106061,0.5101464532727695,0.4557504463616647,0.5244683045844765,0.4677893242098417,0.5643483026698474,0.4839918939423519,0.482047435601192,0.480730674922062,0.43479079658034375,0.49338417808064977,0.5010362567697341,0.5312357487562511,0.43982304150277934,0.5082632626764433,0.4745894554790945,0.43177821784403786,0.5681643518112978,0.5154834283439168,0.6353030429951126,0.5254110446243377,0.6071666546516822,0.38538414690190176,0.3847484081907314,0.4678255344511197,0.49306295844120296,0.5370697897855631,0.4905361978075104,0.512076390616552,0.535131572340726,0.5153720929467875,0.5747820088597092,0.5056466728099642,0.5019780452393623,0.41155564418968826,0.40876666426372954,0.5602040387093675,0.5694448874399479,0.5331481503551992,0.4463708713619562
70,292799.0,289039.0,0.4832664990390529,0.4954596035618548,0.5358997639444545,0.533820096111418,0.43898314569326075,0.5498228852228231,0.4350428426270909,0.571478039639257,0.5579541744013287,0.496690715462582,0.4955576475105812,0.4905752561450733,0.49698383814871994,0.439876759476905,0.4697064896072754,0.47915844620339887,0.5150408874763506,0.4412214240397945,0.5142251799784914,0.5550289058954756,0.5139288757226688,0.46809537923386774,0.4898576533910098,0.49079118165281194,0.5278086333471641,0.49643209918061837,0.5880479731837082,0.5110325174955656,0.4916299810307921,0.47710363959459084,0.5028081801536293,0.4731461486326647,0.5462427186213655,0.5083715737690321,0.5910652740765334,0.6246689080052847,0.48287083744038856,0.6022105893242773,0.5158593025787445,0.4916298680131921,0.5200692382552675,0.4603426216831259,0.44138602540810107,0.4349817412564061,0.5026667432203692,0.46712524099652464,0.5485945509844284,0.510949760457418,0.46259693282270375,0.5304469768411855,0.511424457065896,0.46729735054832455,0.5303010124596952,0.4974966919427487,0.5675699736294152,0.5016435314153973,0.5605377786706889,0.5123465213825893
71,295799.0,293839.0,0.4630016211884132,0.5209827904217401,0.4905412593856182,0.5243347292332408,0.5770597793967853,0.5060772528027104,0.5274330782626794,0.49916581073060945,0.4880374905424155,0.5368173607656241,0.5634633046714367,0.5457348362624499,0.5419056419654624,0.5003243348553928,0.45977814303613074,0.4604472218699752,0.5118067624717966,0.540593104604357,0.5205941439889964,0.47833231466589005,0.4817898590734842,0.5156111899984668,0.5344025745582892,0.5192055968030642,0.5073803641884201,0.5294702293523221,0.4848909055446556,0.4887222802188281,0.4604898308210467,0.4815447988887359,0.512166659982091,0.5470781358568502,0.455455369058783,0.5211022085449009,0.4915677234390129,0.5304393837491711,0.5169344321844737,0.5621821518171447,0.47132145785271745,0.566361843749475,0.4798909606861733,0.5188809469319884,0.48994222108593394,0.4445427656721975,0.45794440241226475,0.49839028634507043,0.4787428332229549,0.48859699337000095,0.48141672229222204,0.5195004124052183,0.4188665319682043,0.4649018076332689,0.4425031105685531,0.49386999940729126,0.5854805695914763,0.4940510707869979,0.48799643471820164,0.5009843965151335
72,300199.0,297479.0,,,,,,,,,,,,,,,,,,,,,,,,,,,,,,,,,,,,,,,,,,,,,,,,,,,,,,,,,,
73,304159.0,300599.0,,,,,,,,,,,,,,,,,,,,,,,,,,,,,,,,,,,,,,,,,,,,,,,,,,,,,,,,,,
74,308279.0,304759.0,,,,,,,,,,,,,,,,,,,,,,,,,,,,,,,,,,,,,,,,,,,,,,,,,,,,,,,,,,
75,312079.0,308599.0,,,,,,,,,,,,,,,,,,,,,,,,,,,,,,,,,,,,,,,,,,,,,,,,,,,,,,,,,,
76,316599.0,312519.0,0.48482984029649984,0.4946929789914877,0.48708232577441124,0.494376644141376,0.5066200932804766,0.5417218326200967,0.5309865014588064,0.5039220976334566,0.5023429285885768,0.4759767018736857,0.5487057295571598,0.5104459059208314,0.5186202750194864,0.4731821372205803,0.4880814606207583,0.466122552529684,0.556556261020287,0.5079024516742406,0.5460459145466403,0.48652140087982243,0.49027071408726547,0.49172930392848,0.554482599302633,0.4645485656215486,0.5229942372032778,0.5055560305934742,0.4264055219848972,0.5476977072244357,0.456555364917964,0.5086118645106483,0.5257130135965167,0.4769137845015123,0.34621597915474256,0.5701364020951942,0.5480238765417806,0.4936864814517095,0.5245460143848285,0.4633007090624525,0.5320988102317761,0.3839769972654225,0.5197918645162863,0.5750207358452482,0.46975999152617737,0.4745330124036618,0.4706411361862034,0.5736969661856975,0.4853612226866697,0.43290315083115366,0.4384737024537145,0.4839679414484692,0.5177034321504557,0.5058200622926772,0.5158215389312976,0.4804223819527627,0.46199949846420024,0.4477796644282642,0.4514216799720789,0.3916223943719418
77,320479.0,329839.0,,,,,,,,,,,,,,,,,,,,,,,,,,,,,,,,,,,,,,,,,,,,,,,,,,,,,,,,,,
78,327559.0,320559.0,0.5326912195291951,0.463246163191591,0.5161474429079193,0.5150996886501269,0.5636432656413894,0.48929726413377417,0.38176388065103284,0.5339490255905686,0.5873154253148053,0.5072504800271422,0.5291253472589709,0.5174757283044603,0.41571924295717066,0.5436767068827673,0.47116567752751193,0.5657411189951398,0.544773146380309,0.5349688241732968,0.48070287757325486,0.46243486765590397,0.4720075275542504,0.45638524999093216,0.5253345397708199,0.5320353607637682,0.5332873723763176,0.5425804268530587,0.5554105427342391,0.5266054030111134,0.5003290463652234,0.4726808784135468,0.453282724804167,0.5001972666374633,0.4352780837870163,0.4410405713325883,0.4413842331284614,0.5829384465399862,0.4649762926500246,0.49575919945732116,0.4877140061356803,0.4696415634523521,0.5786530570442506,0.5243075582900929,0.42948338308025885,0.5460922214215659,0.4465306642548609,0.4951170529562531,0.43988415995305713,0.47135967147135766,0.4154658031885324,0.43562715301547766,0.45390052960238264,0.3601979353700347,0.3957091705402415,0.4613591926852652,0.4333926470650131,0.46612691918787563,0.4065957378219714,0.4337296154257826
79,327559.0,328799.0,0.5119256602308384,0.5309085772052706,0.5055127857134174,0.5480516199308567,0.5475764766525513,0.4584005473331477,0.4083326398201506,0.4871782724505881,0.5370080457977305,0.546039517462741,0.49313087716367154,0.5035316513875475,0.46095757094797996,0.540898233584859,0.5287284183039368,0.4708939583539295,0.4863361258082857,0.5105940797381144,0.48151914930491996,0.4650345915658967,0.45763219812619704,0.4338724178045961,0.522676699870991,0.5185876741175648,0.5343460560934962,0.4547629600948384,0.4775342725688572,0.40917497465858477,0.48446916972454673,0.47048246725146176,0.40528825975102617,0.5172382744811107,0.5020460574848539,0.4769259858133668,0.4075826500850586,0.44517593789352955,0.5370711067577065,0.42417632502927705,0.5361247730165495,0.5024714787481268,0.5614265871296598,0.44594117194860444,0.5136243743052563,0.5117067564958947,0.41048660230065226,0.438557267861109,0.5279302555905645,0.4220736664272866,0.48420383676942835,0.4477390427057948,0.5517843405565245,0.39503012831574813,0.446491141061792,0.46241372783680884,0.40028721811105183,0.4412975300373871,0.4071776262907536,0.41768493801265516
80,336119.0,329839.0,0.48851108547098665,0.5283132075609838,0.4128310355899713,0.5330632175445731,0.5338878680214902,0.6044318764904111,0.45067397097163153,0.4721865403322587,0.5297555839686161,0.5077188941531376,0.540976072374196,0.5019050860420903,0.4928308541271547,0.4360963580351445,0.536464832621842,0.544811629403267,0.48689131255574203,0.5596473638750693,0.5685225069211947,0.492220136774917,0.46339842900727773,0.4580668096568899,0.4783181074977287,0.49959014507962096,0.5254125947875858,0.5591466000746808,0.5521225918356102,0.4640780552762347,0.43815416659738443,0.5305108556122473,0.49986355511282754,0.5035826572557826,0.5451485380798916,0.4988538001689742,0.5311757692067394,0.523889843860141,0.5527028138911825,0.48403843218874315,0.5042069966862097,0.4980639176897596,0.5062633271745981,0.5176894993543729,0.4851371381595956,0.5101327550189386,0.49401745668160024,0.48173870281628445,0.43702938494946136,0.4912578771961607,0.5246458155817777,0.5184937232077621,0.5267834463336777,0.5412569716627137,0.5048330832932119,0.45564820995524435,0.43197374071729666,0.5443428030166603,0.5097803832454506,0.42522210005285205
81,336119.0,341599.0,,,,,,,,,,,,,,,,,,,,,,,,,,,,,,,,,,,,,,,,,,,,,,,,,,,,,,,,,,
82,340999.0,336479.0,0.49312607705618977,0.49280211233076987,0.49936002955995584,0.45452102434975394,0.5549843473973097,0.5013995734989595,0.5369813284112421,0.47139712882399726,0.6026431494949293,0.4818429042717842,0.47385017321220974,0.552516509242772,0.4843697245958702,0.44279076006785684,0.454127495981142,0.5408939608518825,0.5475869645047495,0.4975513818403125,0.5050875646843155,0.4675647931395612,0.5637291529487739,0.4736997234480944,0.4760448570532744,0.49718817824239186,0.529135420503731,0.4803740969824664,0.45887042166649,0.4277931867566645,0.48312960124119636,0.5028467260718383,0.4377740356774185,0.45421348503450765,0.5059740209936252,0.4365404100651563,0.48699629929056376,0.6450279628515692,0.4116603383937517,0.5703158958502266,0.5469525590183907,0.5884663124549547,0.4304745297014682,0.4834415829587295,0.438708601636127,0.49142285201242475,0.4738265285800753,0.4344603517184348,0.484590901505684,0.5149804307280534,0.5389791218743074,0.506189085192789,0.4840817269708041,0.5870440738800956,0.4941975183447511,0.5215158059132688,0.6041166385999005,0.5640625254427015,0.5609001465276293,0.5164427892743678
83,349839.0,343639.0,0.4699967504221178,0.5041842477237599,0.4547809240947644,0.45773382112096644,0.49308523462703796,0.4696423233219945,0.539788531150905,0.51043320448504,0.4254018580469483,0.4613862743654641,0.4904869331695158,0.4762949917009536,0.549304250241273,0.4637908200939208,0.4657536581254411,0.5267392601997573,0.5179354080526888,0.5103158218559132,0.4612670726656807,0.457473334230784,0.46886135446168414,0.4578645172346281,0.6080955289281046,0.4413141093945841,0.5799510772734884,0.5271728822149804,0.5135326570386533,0.5307956748207555,0.4555318700364388,0.4439216041065072,0.5215904543215575,0.4876600237816905,0.4410954942376626,0.4481317307646406,0.46039817269849254,0.5222611953439762,0.47908363887374844,0.5602269569744887,0.4222553221452634,0.5275253954927619,0.5124567115928238,0.5479698925200017,0.45557749117861185,0.4177259727878554,0.4731952505428351,0.4866168480961921,0.4329694429959727,0.43968271111995244,0.43904086731443215,0.45019314198912525,0.5675237828416163,0.46184400694676586,0.4178474351344956,0.5249611902655027,0.5100728838406638,0.4053485784480488,0.49567103825810954,0.4817581498451936
84,366599.0,360639.0,,,,,,,,,,,,,,,,,,,,,,,,,,,,,,,,,,,,,,,,,,,,,,,,,,,,,,,,,,
85,360199.0,356479.0,,,,,,,,,,,,,,,,,,,,,,,,,,,,,,,,,,,,,,,,,,,,,,,,,,,,,,,,,,
86,366599.0,360639.0,,,,,,,,,,,,,,,,,,,,,,,,,,,,,,,,,,,,,,,,,,,,,,,,,,,,,,,,,,
87,360199.0,356479.0,,,,,,,,,,,,,,,,,,,,,,,,,,,,,,,,,,,,,,,,,,,,,,,,,,,,,,,,,,
88,364679.0,360599.0,0.5028739037308981,0.4376783088494885,0.5077134868215785,0.4799800798661241,0.4347882957137886,0.5446792886994789,0.49124636305326486,0.5335917947605179,0.4955997857900953,0.5383819812746831,0.5232585473879796,0.4944430376272455,0.4744658201438903,0.4752268688903593,0.4731197435720581,0.5340287857556109,0.47442646370968583,0.517679608857646,0.5016260540019083,0.4762765412173473,0.5325063066495416,0.5028018905943891,0.4378592645776432,0.4956451095472604,0.5630770039113124,0.46858903566138177,0.5091945073314568,0.5245925835961966,0.47638930103114263,0.5417911524840084,0.4472351411491357,0.6111105758004541,0.5578896930054063,0.48355327474622345,0.4144253949893101,0.3767591481932284,0.5422817527960302,0.3957613077907233,0.4467815791526558,0.5113151894406013,0.5241825421348318,0.43453177778565083,0.5567442708271142,0.4796778311869925,0.4111794911104489,0.4472379835718095,0.5690011553518229,0.5068819734521633,0.4243389609614755,0.4102428518954045,0.4959026944731462,0.5306267507711195,0.45979099781296145,0.4621810701994848,0.4721636109709329,0.5046008306414277,0.41230674969080267,0.40483532649095416
89,366599.0,368079.0,0.5042817268193869,0.4341243455839196,0.4259224887303453,0.5243047482830318,0.534544107598028,0.45015867572634016,0.4818807973564969,0.5231960531681931,0.5298792873570756,0.466047677475627,0.43486119251724353,0.4833822542540368,0.5105513228148116,0.45697132679106717,0.47474262917672644,0.5427307560644073,0.44719426802232565,0.47344724800725313,0.5273576941176847,0.43781266186402046,0.45793453432654924,0.44862864723473433,0.4526411691870287,0.4688992696578082,0.48879646555981443,0.40877169004040437,0.5020043509680685,0.5495636559434192,0.43871514003000056,0.4843780954518287,0.4574309223410788,0.46833443371467737,0.5100662506738753,0.4297933600579562,0.4822507799326283,0.5704646259483463,0.49310670891432073,0.6409130957757012,0.5556082126461117,0.506039571974963,0.45191654440965073,0.49350128859785286,0.4104249721501444,0.4557338623551903,0.48882297254115065,0.5223009047483573,0.41657279630457156,0.5827272055380692,0.5184981221452698,0.4898329254336906,0.5430110533243783,0.4743316716033567,0.48608701701882,0.440252340926147,0.47842467608025707,0.48619434771463904,0.4503051151795979,0.6058834843703855
90,375119.0,368079.0,0.5269868780714998,0.466823699702734,0.5049316260409413,0.5200144066280591,0.49776992733200814,0.5279648322945146,0.46130258383664546,0.41351501462852697,0.462350147025598,0.5215029552781812,0.4655483737091497,0.5564230740063753,0.5057042597551008,0.5297127819801843,0.4809694231284422,0.5448538359662184,0.5127199456490362,0.506162037533212,0.4642749460715636,0.6079482834695059,0.5777725813470633,0.5284114588237424,0.5760341240145812,0.5414015613777338,0.5419354728073877,0.5387605095294931,0.4941267881129148,0.465140195115873,0.4055465730071293,0.4975181688602833,0.4642438712436491,0.529512196231805,0.5801129598339223,0.559453345446775,0.5765699813573494,0.531621335464276,0.5079102905755535,0.5443704989736564,0.49367151513443375,0.5178367611074929,0.4720136845610598,0.46240278534029977,0.5422729329448479,0.4365250338855655,0.47294590178998785,0.4699764916587282,0.54180738886423,0.5274138679807365,0.5689641256761698,0.5587623566327015,0.48140364893932447,0.4934211299422973,0.47003047677419474,0.47512591828027123,0.46280113562800756,0.49213699858063814,0.48985742495932555,0.44876368334345335
91,375119.0,376279.0,0.5269868780714998,0.466823699702734,0.5049316260409413,0.5200144066280591,0.49776992733200814,0.5279648322945146,0.46130258383664546,0.41351501462852697,0.462350147025598,0.5215029552781812,0.4655483737091497,0.5564230740063753,0.5057042597551008,0.5297127819801843,0.4809694231284422,0.5448538359662184,0.5127199456490362,0.506162037533212,0.4642749460715636,0.6079482834695059,0.5777725813470633,0.5284114588237424,0.5760341240145812,0.5414015613777338,0.5419354728073877,0.5387605095294931,0.4941267881129148,0.465140195115873,0.4055465730071293,0.4975181688602833,0.4642438712436491,0.529512196231805,0.5801129598339223,0.559453345446775,0.5765699813573494,0.531621335464276,0.5079102905755535,0.5443704989736564,0.49367151513443375,0.5178367611074929,0.4720136845610598,0.46240278534029977,0.5422729329448479,0.4365250338855655,0.47294590178998785,0.4699764916587282,0.54180738886423,0.5274138679807365,0.5689641256761698,0.5587623566327015,0.48140364893932447,0.4934211299422973,0.47003047677419474,0.47512591828027123,0.46280113562800756,0.49213699858063814,0.48985742495932555,0.44876368334345335
92,389759.0,376279.0,,,,,,,,,,,,,,,,,,,,,,,,,,,,,,,,,,,,,,,,,,,,,,,,,,,,,,,,,,
93,384279.0,381279.0,,,,,,,,,,,,,,,,,,,,,,,,,,,,,,,,,,,,,,,,,,,,,,,,,,,,,,,,,,
94,389759.0,384999.0,,,,,,,,,,,,,,,,,,,,,,,,,,,,,,,,,,,,,,,,,,,,,,,,,,,,,,,,,,
95,389759.0,389159.0,0.521495168653147,0.5038950164171523,0.5443795610892155,0.5529262281383212,0.5199334825542444,0.4982293237590474,0.40425780012311,0.5357702306273283,0.4853070165586434,0.46401591820426064,0.5251165745752312,0.4608228444930167,0.49101855569965264,0.5010467786050031,0.491266265177104,0.5083242998618831,0.46499310608952005,0.48702982286344476,0.506731680246839,0.456151595306709,0.5317257589428304,0.5351363237982322,0.5166221065653057,0.4967604547631597,0.5084302181794527,0.46591631348952395,0.46247755733644447,0.49925282284259237,0.5152291175945762,0.5627539081774092,0.5090149495578941,0.5116709122356347,0.44627090604336483,0.49983700206565185,0.4414412654375468,0.5768603120839545,0.4941631591036538,0.5774472719564038,0.5745360900541338,0.5343166806397652,0.4695871208095822,0.4230500069863189,0.4805762229929634,0.48127676177409373,0.44388055121114306,0.44781475158645623,0.5486162634201373,0.49338613820996613,0.5460847304327744,0.5870650069258406,0.46384079437142384,0.44220544482059154,0.4898404886129417,0.5441862609380513,0.5464158107059601,0.5402171529164227,0.5681052343987614,0.5599687026120778
96,396439.0,392799.0,0.4727266423013817,0.5322478914798382,0.49675524977498675,0.4988259306033488,0.5139698330329239,0.4250718337251379,0.5543983401917356,0.5272793621570714,0.5293214422364407,0.4853706344757534,0.5530644800572028,0.47714841822202525,0.48578444542865706,0.48035627308288154,0.45594389157870174,0.4562381262954047,0.5155671200025462,0.469202931145969,0.47048872180931034,0.4903595711789899,0.44665890319665275,0.5151405906856668,0.48766937740169236,0.539143182809614,0.46078784744680423,0.43201301095168826,0.5038708823390563,0.35502357692160763,0.4411602028558935,0.426739512781454,0.47152860850570794,0.3260318242501325,0.46735784248040757,0.4594294323616931,0.43630430653661045,0.45507083717391594,0.5093971852542565,0.5365959922171781,0.5043242300986343,0.42818304145723474,0.4504188219722146,0.45263546183316383,0.39919610894259844,0.5097987286012758,0.5005604745727013,0.4729091286929768,0.45865533337009956,0.4867873486361357,0.4765355914978847,0.4554712711891978,0.4838687163051043,0.45633033326123945,0.5279461138162933,0.5033979796442568,0.40604493797982605,0.46576685692341424,0.48836526856469237,0.5552079007728138
97,409879.0,412759.0,,,,,,,,,,,,,,,,,,,,,,,,,,,,,,,,,,,,,,,,,,,,,,,,,,,,,,,,,,
98,404359.0,400719.0,0.4600925096696664,0.5229763646128007,0.411413983189003,0.46932947653710216,0.5204788459179486,0.4438842579533159,0.3895895099247622,0.610277207979221,0.5095715041896862,0.5483716548768013,0.5491329560776667,0.5686868290289667,0.506837768540332,0.46199770137950325,0.5232513448029427,0.48390370795937593,0.6172888782151285,0.5498644548781908,0.5612049982815525,0.4934132159658166,0.5251986660261166,0.49764925290329304,0.48544368608292243,0.5650497177049046,0.55039208429616,0.5161928939729717,0.531993484341959,0.4315041106955898,0.4348169789522625,0.47965448744846584,0.5232182050084502,0.5000130670993342,0.5990619913226621,0.508083367705241,0.45001193556901925,0.43659749779932394,0.5281029961133875,0.40692659247654356,0.41455214264882084,0.42312970918207354,0.562198361370139,0.4529396041323691,0.48546211200595457,0.5335305903290134,0.4545310550307867,0.4969936661578881,0.5058017523017274,0.5183266148802376,0.39931291096387944,0.4049459055795696,0.5370250973287181,0.4434279657256231,0.4802082031851685,0.42296376826040355,0.41427070304415803,0.4209789985113744,0.40452445753793365,0.4157833910340875
99,409879.0,412759.0,0.4708566000135036,0.48282624638531774,0.5144914922619439,0.5549050158606832,0.5169985439984559,0.5096011061507516,0.5206701684790583,0.557056226480259,0.5117192244861576,0.4906970887959799,0.5384149609960741,0.44680637943605866,0.46589981885544834,0.4656012356245068,0.4614918823733608,0.5773320509129418,0.5370285342633931,0.48387234856613054,0.4555382909087978,0.45126155247740557,0.5720457587341384,0.5555565817650866,0.4528827793214746,0.47177485660813756,0.5198301339905222,0.4599916704139294,0.5192446371909384,0.5692921397595385,0.47325978208110125,0.5361923280542228,0.4662882894190715,0.4661857906173353,0.49064151081297575,0.4807393925937119,0.5435726616831837,0.6035873339969733,0.46566537931616175,0.5552830586993551,0.3556260599664911,0.47451153350378117,0.5143240848722542,0.48817050139593526,0.5567066954542694,0.5117118940374844,0.45781852349007635,0.538095965690969,0.5419480746227554,0.566424986256477,0.4632869997168963,0.5303892403856466,0.5200240828967588,0.45993342634143575,0.45993342027608436,0.5170740089228448,0.4920335476731953,0.5406144395615704,0.49834826889484374,0.5564613433482718
100,409879.0,412759.0,0.499702041888339,0.4622475977462262,0.49397985154900514,0.4549345967530047,0.5238549513359442,0.5767650025165026,0.5452587053351554,0.4879062269369171,0.4659995802225674,0.5520002306935763,0.5079718464683325,0.47655604025358933,0.4736267114608425,0.48899839610292184,0.5200895826379643,0.5714039625999459,0.569939250759816,0.5075724663599734,0.5534113798898421,0.526836838582413,0.5312758870096695,0.5501585991526148,0.5260479049060741,0.5249367305049158,0.4737761859837132,0.4733774831908402,0.5637876834237887,0.5338823164631131,0.4815977812566095,0.5016853925853025,0.41383697004828846,0.4663645490143423,0.4824750750795353,0.4000456538182101,0.4925225659365191,0.49036662485057264,0.4445918471756816,0.4626467800531974,0.466336964706441,0.3654064208839238,0.48417723196137596,0.5177660291121267,0.4808544458939851,0.4624764956923304,0.47913222031282166,0.548360620289315,0.5193402139839353,0.49945280465432795,0.5222484207613014,0.47094896185298446,0.4971380830070769,0.49702429143047155,0.3992294576304906,0.47114480925667285,0.42314861455325864,0.4714758157552248,0.446813198142863,0.4672025304355834
101,414919.0,411519.0,0.5116882551613706,0.4754843966379912,0.47956550060799313,0.4636688632869523,0.5215816425563339,0.5441227155611008,0.4981356167695399,0.5205423029320632,0.4770137671589654,0.5012063769167311,0.5011764766082124,0.5025272980087723,0.42037868017927227,0.5169655951130987,0.54463268433729,0.5398528682794741,0.4974440320910287,0.48711623719754654,0.4876081997165213,0.46136984191516484,0.5052440786649185,0.4769535406610802,0.49662987329435093,0.5050801011479055,0.42071057460450956,0.4994368799713082,0.5078523089556398,0.46469206074483654,0.512979891770298,0.46125711959873517,0.45684514462086506,0.4359548264027202,0.5160287128955376,0.519211939895165,0.3875573883338343,0.39708651823827,0.5485929237504817,0.5137737295875712,0.49521228341634266,0.5205540637025781,0.571482604275599,0.5337059439128994,0.5536303652407029,0.4427368817879065,0.502345689682938,0.503178100640333,0.5681702526265987,0.46504889192538207,0.49783942642035894,0.5694865497197533,0.4259601212815258,0.5393430619495382,0.4796867156059926,0.5548230015255041,0.46586199323185357,0.5377701027530044,0.5398802193574541,0.4929164365418667
102,421079.0,428559.0,,,,,,,,,,,,,,,,,,,,,,,,,,,,,,,,,,,,,,,,,,,,,,,,,,,,,,,,,,
103,425839.0,422039.0,0.5402612999090963,0.5169882423446576,0.5140304890654938,0.4396911235378475,0.5041205001171476,0.45905644266929696,0.49809625949622566,0.4781820205830107,0.4199975259293871,0.4602663434368478,0.5254213864621902,0.41135025209681714,0.5449296233333947,0.42927070375694204,0.47669920443122604,0.5173008175348908,0.48338640409669814,0.5065782491606329,0.5250989387929108,0.4571581160046539,0.5559832302139135,0.45255780727000233,0.4749226100072775,0.4944004790541652,0.4767651042100328,0.4826247557228668,0.4595849714484529,0.5172415916534654,0.44017663588551625,0.4809131836194652,0.42851004580787294,0.5165383579129277,0.5430905421459848,0.48032752067810447,0.5310114131680688,0.46831105976193516,0.45925783251786745,0.524331444647923,0.5249889922097455,0.49484803503327346,0.4853796527997188,0.4843144436053928,0.5094410958904162,0.43653392534765023,0.4689985838237663,0.49772849325844876,0.40423166209354056,0.5334439112088726,0.5039735145588791,0.48602092873727193,0.5330648562984597,0.5557976811855388,0.5277061338083023,0.48370719406553986,0.5020556704949904,0.48102772272249333,0.48578987012351443,0.5139982026055505
104,425839.0,429959.0,0.5472062920328802,0.4807123443812398,0.5130448302755792,0.4532868787043099,0.5297880293609395,0.5037566729445013,0.4690899110920428,0.5055147432115632,0.5142045044711605,0.47996477528216375,0.5570797651273964,0.5292770543939451,0.5000569875310773,0.4770144206828298,0.49957073232844873,0.5353729040334101,0.4318050188252061,0.5122073127562106,0.4932099878254809,0.4609774573977819,0.5548560614195277,0.504991265786982,0.4322184739683174,0.520845796670191,0.53668492620545,0.47632984346476676,0.47927368605954906,0.4730201341578626,0.48034275770596363,0.4692236636203392,0.4429668638360502,0.525173229576688,0.5142036684303802,0.44589099524734555,0.5156950038229594,0.5334383759996324,0.40833335433731516,0.48167832247368597,0.5057830966219448,0.5361875072160287,0.45201098205773843,0.4193834935198184,0.5129071251231637,0.5384591653860057,0.4834055359079503,0.4747500978502917,0.5863467452826351,0.4918297026676563,0.5032225733180246,0.4323026282340707,0.5222623671270339,0.5017725060301254,0.46193492016271964,0.4794339382915652,0.4880592286089553,0.48600563173102684,0.4189682881587311,0.4151735883494933
105,438039.0,433399.0,,,,,,,,,,,,,,,,,,,,,,,,,,,,,,,,,,,,,,,,,,,,,,,,,,,,,,,,,,
106,438879.0,438279.0,,,,,,,,,,,,,,,,,,,,,,,,,,,,,,,,,,,,,,,,,,,,,,,,,,,,,,,,,,
107,440839.0,438839.0,0.0,0.0,0.0,0.0,0.0,0.0,0.0,0.0,0.0,0.0,0.0,0.0,0.0,0.0,0.0,0.0,0.0,0.0,0.0,0.0,0.0,0.0,0.0,0.0,0.0,0.0,0.0,0.0,0.0,0.0,0.0,0.0,0.0,0.0,0.0,0.0,0.0,0.0,0.0,0.0,0.0,0.0,0.0,0.0,0.0,0.0,0.0,0.0,0.0,0.0,0.0,0.0,0.0,0.0,0.0,0.0,0.0,0.0
108,,,0.0,0.0,0.0,0.0,0.0,0.0,0.0,0.0,0.0,0.0,0.0,0.0,0.0,0.0,0.0,0.0,0.0,0.0,0.0,0.0,0.0,0.0,0.0,0.0,0.0,0.0,0.0,0.0,0.0,0.0,0.0,0.0,0.0,0.0,0.0,0.0,0.0,0.0,0.0,0.0,0.0,0.0,0.0,0.0,0.0,0.0,0.0,0.0,0.0,0.0,0.0,0.0,0.0,0.0,0.0,0.0,0.0,0.0
109,445559.0,445559.0,0.0,0.0,0.0,0.0,0.0,0.0,0.0,0.0,0.0,0.0,0.0,0.0,0.0,0.0,0.0,0.0,0.0,0.0,0.0,0.0,0.0,0.0,0.0,0.0,0.0,0.0,0.0,0.0,0.0,0.0,0.0,0.0,0.0,0.0,0.0,0.0,0.0,0.0,0.0,0.0,0.0,0.0,0.0,0.0,0.0,0.0,0.0,0.0,0.0,0.0,0.0,0.0,0.0,0.0,0.0,0.0,0.0,0.0
110,,,0.0,0.0,0.0,0.0,0.0,0.0,0.0,0.0,0.0,0.0,0.0,0.0,0.0,0.0,0.0,0.0,0.0,0.0,0.0,0.0,0.0,0.0,0.0,0.0,0.0,0.0,0.0,0.0,0.0,0.0,0.0,0.0,0.0,0.0,0.0,0.0,0.0,0.0,0.0,0.0,0.0,0.0,0.0,0.0,0.0,0.0,0.0,0.0,0.0,0.0,0.0,0.0,0.0,0.0,0.0,0.0,0.0,0.0
111,,,0.0,0.0,0.0,0.0,0.0,0.0,0.0,0.0,0.0,0.0,0.0,0.0,0.0,0.0,0.0,0.0,0.0,0.0,0.0,0.0,0.0,0.0,0.0,0.0,0.0,0.0,0.0,0.0,0.0,0.0,0.0,0.0,0.0,0.0,0.0,0.0,0.0,0.0,0.0,0.0,0.0,0.0,0.0,0.0,0.0,0.0,0.0,0.0,0.0,0.0,0.0,0.0,0.0,0.0,0.0,0.0,0.0,0.0
112,,,0.0,0.0,0.0,0.0,0.0,0.0,0.0,0.0,0.0,0.0,0.0,0.0,0.0,0.0,0.0,0.0,0.0,0.0,0.0,0.0,0.0,0.0,0.0,0.0,0.0,0.0,0.0,0.0,0.0,0.0,0.0,0.0,0.0,0.0,0.0,0.0,0.0,0.0,0.0,0.0,0.0,0.0,0.0,0.0,0.0,0.0,0.0,0.0,0.0,0.0,0.0,0.0,0.0,0.0,0.0,0.0,0.0,0.0
113,,,0.0,0.0,0.0,0.0,0.0,0.0,0.0,0.0,0.0,0.0,0.0,0.0,0.0,0.0,0.0,0.0,0.0,0.0,0.0,0.0,0.0,0.0,0.0,0.0,0.0,0.0,0.0,0.0,0.0,0.0,0.0,0.0,0.0,0.0,0.0,0.0,0.0,0.0,0.0,0.0,0.0,0.0,0.0,0.0,0.0,0.0,0.0,0.0,0.0,0.0,0.0,0.0,0.0,0.0,0.0,0.0,0.0,0.0
114,,,0.0,0.0,0.0,0.0,0.0,0.0,0.0,0.0,0.0,0.0,0.0,0.0,0.0,0.0,0.0,0.0,0.0,0.0,0.0,0.0,0.0,0.0,0.0,0.0,0.0,0.0,0.0,0.0,0.0,0.0,0.0,0.0,0.0,0.0,0.0,0.0,0.0,0.0,0.0,0.0,0.0,0.0,0.0,0.0,0.0,0.0,0.0,0.0,0.0,0.0,0.0,0.0,0.0,0.0,0.0,0.0,0.0,0.0
